Date,Close,High,Low,Open,Volume,Daily_Return,Volatility,MA20,MA50,Price_Change,HL_Spread
,AAPL,AAPL,AAPL,AAPL,AAPL,,,,,,
2020-03-13,67.1647720336914,67.63594563074507,61.11928915474014,64.00430755021486,370732000,0.11980864310245565,0.05529869312002052,70.70783672332763,73.80132209777832,3.160464483476545,6.516656476004933
2020-03-16,58.52421569824219,62.60044010140755,57.99022079286357,58.4613905994218,322423600,-0.12864714751231365,0.06163882196169994,69.70823001861572,73.52379585266114,0.06282509882039022,4.610219308543982
2020-03-17,61.0975341796875,62.24525368604919,57.60362153116066,59.804833950382424,324056000,0.04397014895019957,0.0629048566706258,68.90917339324952,73.31181343078613,1.2927002293050762,4.641632154888526
2020-03-18,59.60186004638672,60.40647473225053,57.29433197423103,57.934642818544056,300233600,-0.024480106331329354,0.06272073343795094,67.97951793670654,73.05849220275879,1.667217227842663,3.112142758019502
2020-03-19,59.14518737792969,61.09269153777121,58.62085961850456,59.77583112302971,271857200,-0.0076620539711614866,0.0627263710122514,67.06713886260987,72.8028345489502,-0.6306437451000235,2.4718319192666485
2020-03-20,55.39031982421875,60.84864774255849,55.09070239617697,59.72508515259065,401693200,-0.06348559739472703,0.06376512992435725,66.05460529327392,72.44893898010254,-4.334765328371901,5.7579453463815184
2020-03-23,54.21360778808594,55.211524041383235,51.37208822817037,55.11004159498472,336752800,-0.021244001476559582,0.06329739359258918,65.16288509368897,72.04046119689941,-0.8964338068987843,3.839435813212866
2020-03-24,59.65260696411133,59.84832336499044,56.61295251663222,57.11070131069981,287531200,0.10032534999857856,0.06783098435887724,64.66513557434082,71.73738845825196,2.5419056534115185,3.2353708483582224
2020-03-25,59.32399368286133,62.399890444761496,59.02920978154729,60.587696143364745,303602000,-0.005508783236375603,0.06764475741891884,64.09574375152587,71.39577980041504,-1.263702460503417,3.370680663214209
2020-03-26,62.4457893371582,62.503777185313226,59.526948436336156,59.565609459718246,252087200,0.0526228168485352,0.06739170433124081,63.913557052612305,71.13724136352539,2.880179877439957,2.97682874897707
2020-03-27,59.860408782958984,61.8248250722316,59.69368630258447,61.07095335601888,204216800,-0.041401999744773765,0.06800419843719889,63.604034996032716,70.83345542907715,-1.2105445730598987,2.13113876964713
2020-03-30,61.568695068359375,61.740251079824446,60.26149806281595,60.585279571290975,167976400,0.02853783193486481,0.06466707976460613,63.0724573135376,70.54503318786621,0.9834154970683997,1.4787530170084935
2020-03-31,61.443058013916016,63.42438996368667,60.88973623938196,61.75959108899796,197002000,-0.0020405995986088055,0.0643834023966199,62.64925003051758,70.23727279663086,-0.3165330750819422,2.534653724304711
2020-04-01,58.210105895996094,60.0972038911912,57.78001201918498,59.56079401122782,176218400,-0.05261704450302107,0.06407403031334492,61.90226440429687,69.8752668762207,-1.3506881152317263,2.3171918720062195
2020-04-02,59.18144226074219,59.234600264782834,57.2411861740168,58.07238003328574,165934000,0.01668673076255134,0.0640861997901499,61.32248306274414,69.52723968505859,1.1090622274564481,1.9934140907660307
2020-04-03,58.33091354370117,59.3674871060243,57.741345715951596,58.66677342106095,129880000,-0.014371544263719449,0.06409233955995697,60.747171592712405,69.15482566833496,-0.3358598773597805,1.6261413900727035
2020-04-06,63.41953659057617,63.57417329883105,60.25665512655962,60.62392376077119,201820400,0.08723715672758381,0.06503030179936405,60.702470016479495,68.88861968994141,2.7956128298049805,3.317518172271427
2020-04-07,62.685020446777344,65.64977566750463,62.5811230546705,65.43230640646736,202887200,-0.011581859207529632,0.0628979927192192,60.389443969726564,68.65284896850586,-2.747285959690018,3.0686526128341285
2020-04-08,64.2894058227539,64.6035165473233,63.1199373363336,63.48478743589154,168895200,0.025594398223715453,0.06273577831432951,60.276363372802734,68.40702896118164,0.8046183868623658,1.4835792109896957
2020-04-09,64.75334167480469,65.25592782434815,63.958397538567084,64.92490142355433,161834800,0.00721636552886884,0.05825814492694682,60.515090751647946,68.13842788696289,-0.17155974874964386,1.2975302857810647
2020-04-13,66.02428436279297,66.13301897916537,64.23141674512242,64.8306516969401,131022800,0.019627445551320566,0.05186373388092392,60.458066368103026,67.89751159667969,1.1936326658528742,1.9016022340429544
2020-04-14,69.35868835449219,69.64864228665921,67.18405598474394,67.65522928105665,194994800,0.05050269039460087,0.04313109880690907,60.999790000915525,67.79251373291015,1.703459073435539,2.4645863019152756
2020-04-15,68.72566223144531,69.18475002856255,67.80748663721087,68.23516188327974,131154400,-0.009126846802688604,0.042520794004351936,61.38119640350342,67.67895370483399,0.4905003481655683,1.3772633913516756
2020-04-16,69.27172088623047,69.63657830758835,68.22306550095219,69.43844332553729,157125200,0.007945484074729059,0.041881052951031186,61.86468944549561,67.52718811035156,-0.16672243930682384,1.413512806636163
2020-04-17,68.33181762695312,69.3345712466482,66.8965588537916,68.78849422470407,215250000,-0.013568354405703476,0.042020586848938474,62.32402095794678,67.34408920288087,-0.45667659775094194,2.438012392856592
2020-04-20,66.9134521484375,68.06117506076643,66.8941253228232,67.15991526149827,130015200,-0.02075702839135596,0.03918148553371652,62.900177574157716,67.11449600219727,-0.24646311306076996,1.1670497379432305
2020-04-21,64.84516143798828,66.99080126610937,64.13478048479037,66.75642377646463,180991600,-0.030909938794683955,0.03964665863756232,63.431755256652835,66.8648487854004,-1.911262338476348,2.8560207813190033
2020-04-22,66.71290588378906,67.14782951135057,65.77056644151477,66.11125243793057,116862400,0.028803142815627236,0.033845194506348396,63.78477020263672,66.64521057128906,0.6016534458584886,1.3772630698357915
2020-04-23,66.45438385009766,68.07811050746528,66.41572281375096,66.65734876053877,124814400,-0.0038751427518648462,0.03381755026567955,64.14128971099854,66.42977722167969,-0.20296491044111065,1.6623876937143223
2020-04-24,68.37287139892578,68.38253849821193,66.93036468813068,66.97869281072518,126161200,0.028869239885749076,0.032493526716186966,64.43764381408691,66.21603439331055,1.394178588200603,1.4521738100812485
2020-04-27,68.42121887207031,68.7522452213369,67.64318307081028,68.09018514896542,117087600,0.0007071148564530283,0.030637213146354276,64.86568431854248,66.01451889038086,0.33103372310489476,1.1090621505266256
2020-04-28,67.3121337890625,69.06392140300909,67.22032214952667,68.88270199466979,112004800,-0.016209665675227303,0.03062654085913346,65.15285625457764,65.7904345703125,-1.5705682056072874,1.8435992534824237
2020-04-29,69.52304077148438,69.9917957281478,68.5951979613223,68.79816288474782,137280800,0.03284559347576543,0.03119816748780008,65.55685539245606,65.63932205200196,0.7248778867365502,1.3965977668255078
2020-04-30,70.98970031738281,71.16608991336996,69.67284332982524,70.06185756526263,183064000,0.021096021256020725,0.028020180112635212,66.19583511352539,65.49521667480468,0.9278427521201849,1.4932465835447175
2020-05-01,69.84680938720703,72.24615310349837,69.06877359729275,69.16542249456992,240616800,-0.01609939082805123,0.028582537060363747,66.72910346984864,65.34429748535156,0.6813868926371072,3.177379506205625
2020-05-04,70.83505249023438,70.96311392727311,69.1823321546666,69.87096747127923,133568000,0.014148722206462683,0.02807803637728177,67.3543104171753,65.2481787109375,0.9640850189551458,1.7807817726065167
2020-05-05,71.898193359375,72.72938694291523,71.14915168685677,71.29412868376939,147751200,0.015008683296835246,0.021515738068809593,67.77824325561524,65.24518234252929,0.6040646756056134,1.580235256058458
2020-05-06,72.6400146484375,73.27065487426464,72.21475059268822,72.59893499011841,142333600,0.010317662439090602,0.02109968304034299,68.27599296569824,65.30583068847656,0.04107965831909155,1.0559042815764172
2020-05-07,73.39146423339844,73.7369949485584,72.9637889533335,73.2658213930559,115215200,0.010344843521821856,0.020686954838902115,68.73109588623046,65.35942337036133,0.12564284034253603,0.7732059952248989
2020-05-08,75.13829803466797,75.19159993074032,73.72338371341871,74.05046319414457,133838400,0.02380159354382516,0.021032191776554545,69.25034370422364,65.5403988647461,1.0878348405233993,1.4682162173216113
2020-05-11,76.32061004638672,76.81485582493812,74.4380900872954,74.64645469079235,145946400,0.01573514496127193,0.020933535497861564,69.76515998840333,65.74579406738282,1.6741553555943653,2.376765737642728
2020-05-12,75.44840240478516,77.45448015586908,75.3272624261115,77.00383559042835,162301200,-0.01142820584205817,0.01869522215036674,70.06964569091797,65.81075714111329,-1.5554331856431958,2.127217729757575
2020-05-13,74.53742980957031,76.54835795686193,73.46170617265714,75.6276896528906,200622400,-0.012074113780798479,0.01881852148898142,70.36023406982422,65.90336166381836,-1.0902598433202826,3.08665178420479
2020-05-14,74.99535369873047,75.05592369907653,73.05468852162736,73.77668558751988,158929200,0.006143542785551848,0.01880413030888533,70.64641571044922,65.94027236938477,1.2186681112105902,2.001235177449175
2020-05-15,74.55196380615234,74.5979975896763,72.7348641211466,72.76878686428954,166348400,-0.0059122315011580495,0.01850002218632351,70.95742301940918,66.01577026367187,1.7831769418628056,1.8631334685296963
2020-05-18,76.3084945678711,76.68160777866888,75.18431939181484,75.87481876052446,135178400,0.023561160190039176,0.017958297578730534,71.42717514038085,66.14519729614258,0.43367580734663136,1.4972883868540379
2020-05-19,75.86756896972656,77.17102926581177,75.83607138413613,76.32547436249678,101729600,-0.005778198097622811,0.015952116420153616,71.97829551696778,66.37627731323242,-0.4579053927702148,1.334957881675635
2020-05-20,77.34304809570312,77.41330397310716,76.68646396339064,76.72522965116472,111504800,0.01944808758226224,0.015438924856350462,72.50980262756347,66.54422744750977,0.6178184445384005,0.7268400097165255
2020-05-21,76.76642608642578,77.74523944094076,76.52898900422082,77.204952332668,102688800,-0.007455382525962007,0.015598092296535122,73.02540473937988,66.74853561401368,-0.43852624624221903,1.216250436719946
2020-05-22,77.26065063476562,77.34302492393184,76.40297760999306,76.50473104034091,81803200,0.006438029924480615,0.014753166909902964,73.46979370117188,67.09417274475098,0.7559195944247108,0.940047313938777
2020-05-26,76.73734283447266,78.55686050645615,76.68161577577496,78.37757568234818,125522000,-0.006773277159764057,0.014993467119933785,73.88559989929199,67.2856241607666,-1.6402328478755237,1.8752447306811888
2020-05-27,77.07168579101562,77.21705526702166,75.85544287582236,76.59440129810365,112945200,0.004356978547773949,0.014077607755497162,74.37357749938965,67.65657356262207,0.47728449291197705,1.3616123911993014
2020-05-28,77.1056137084961,78.36304756047794,76.47084126097369,76.74703662948228,133560800,0.00044021247403969177,0.012733216131386487,74.75270614624023,67.97673515319825,0.35857707901381275,1.8922062995042523
2020-05-29,77.03050231933594,77.80821903420895,76.67435043039059,77.34788852176631,153532400,-0.0009741364545015063,0.012235745619905794,75.05474624633788,68.32530799865722,-0.3173862024303702,1.1338686038183567
2020-06-01,77.97782897949219,78.09896899425175,76.85364609349955,76.9844793797038,80791200,0.012298071953744216,0.011378371086859651,75.46129722595215,68.70196083068848,0.9933495997883881,1.2453229007521998
2020-06-02,78.33880615234375,78.36303562857958,77.27035057638682,77.71130190496551,87642800,0.004629228302143407,0.01119885824120529,75.83648490905762,69.16093055725098,0.6275042473782406,1.0926850521927634
2020-06-03,78.77005767822266,79.03172416978924,78.08682643155123,78.65861096933926,104491200,0.005504954020364661,0.010955559484795293,76.180078125,69.65205955505371,0.11144670888339192,0.9448977382380122
2020-06-04,78.0916748046875,78.89119567752222,77.71856161359257,78.5931960727843,87560400,-0.008612192164519694,0.011252124790190117,76.4526611328125,70.02084091186524,-0.5015212680967949,1.1726340639296495
2020-06-05,80.3158187866211,80.37638878570603,78.31216587865904,78.34123829521202,137250400,0.02848119197720278,0.012480844015522623,76.79887886047364,70.44067741394043,1.9745804914090712,2.0642229070469824
2020-06-08,80.79066467285156,80.82458741261365,79.30306972375939,80.01294815544179,95654400,0.005912233647172416,0.011644682282246613,77.08149719238281,70.8075749206543,0.7777165174097718,1.52151768885426
2020-06-09,83.34191131591797,83.73440381053058,80.43940107394053,80.4708986631774,147712400,0.03157848315021616,0.012970171737297418,77.43256225585938,71.27720497131348,2.871012652740575,3.2950027365900496
2020-06-10,85.4860610961914,85.95365964938672,83.85067134903046,84.28919748972832,166651600,0.025727149118836223,0.013228638735572453,77.93444519042968,71.75555229187012,1.1968636064630829,2.102988300356259
2020-06-11,81.38186645507812,85.05483286146779,81.28011297568305,84.63084277845434,201662400,-0.04801010350091017,0.01758547176364401,78.27666702270508,72.15432846069336,-3.248976323376212,3.7747198857847337
2020-06-12,82.08443450927734,84.26495380444017,80.97479572123159,83.51873489892154,200146000,0.008632980353025399,0.01760614136912243,78.63112106323243,72.63181503295898,-1.4343003896441928,3.2901580832085813
2020-06-15,83.0995864868164,83.7513200559991,80.57745165991837,80.73978245781511,138808800,0.012367167826737413,0.01750177972074969,79.05850219726562,73.11017791748047,2.359804029001296,3.173868396080735
2020-06-16,85.30194091796875,85.57330073439438,83.51876362996565,85.15172849785749,165428800,0.026502591941317766,0.01767228416501664,79.5081745147705,73.64959846496582,0.15021242011125935,2.054537104428732
2020-06-17,85.18323516845703,86.10632149459083,85.062095153019,86.04575148687181,114406400,-0.001391594941853369,0.017548653064054176,79.97395782470703,74.08487243652344,-0.8625163184147766,1.0442263415718287
2020-06-18,85.21713256835938,85.63385439323685,84.60900750577136,85.13960120703389,96820400,0.00039793510818530997,0.017292868455933613,80.36766204833984,74.53551467895508,0.07753136132548377,1.0248468874654861
2020-06-19,84.73014068603516,86.3873345839492,83.62291958868391,85.9221612409191,264476000,-0.00571471801088308,0.017231139235441124,80.7658477783203,74.94432937622071,-1.192020554883939,2.764414995265284
2020-06-22,86.94701385498047,87.08995815364833,85.07661214341427,85.12264593038505,135445200,0.02616392644926524,0.0178652648211714,81.25016593933105,75.38820281982422,1.8243679245954212,2.0133460102340592
2020-06-23,88.80288696289062,90.22022642343374,87.77077181014047,88.18991886652088,212155600,0.021344874603808517,0.017907213106768814,81.85344314575195,75.84377487182617,0.612968096369741,2.4494546132932697
2020-06-24,87.2353286743164,89.35043555341034,86.86221543627708,88.4321923624518,192623200,-0.017652109544921357,0.01876506350800618,82.36162528991699,76.20130767822266,-1.1968636881353945,2.4882201171332525
2020-06-25,88.3934326171875,88.43219830369976,86.63205971274161,87.39039728120305,137522400,0.013275629959448532,0.01877066894531124,82.92601623535157,76.5946630859375,1.0030353359844497,1.8001385909581558
2020-06-26,85.67747497558594,88.50972868089589,85.52968033530838,88.28925300034977,205256800,-0.030725785402675565,0.02053390709370874,83.35836486816406,76.92277816772462,-2.6117780247638365,2.9800483455875053
2020-06-29,87.65204620361328,87.74653893980732,85.10810654900735,85.58539837995676,130646000,0.02304656187160048,0.02085831144238358,83.84207572937012,77.3091827392578,2.066647823656524,2.638432390799977
2020-06-30,88.38372039794922,88.6696163504572,87.22077962710664,87.24015876930861,140223200,0.008347485609591754,0.020861336811475166,84.3443214416504,77.73858810424805,1.1435616286406116,1.448836723350567
2020-07-01,88.21658325195312,89.00399339477583,88.16813167944413,88.46128846235408,110737200,-0.0018910399476685935,0.020940805240655874,84.81664772033692,78.20601654052734,-0.2447052104009515,0.8358617153317027
2020-07-02,88.21658325195312,89.75748817622227,88.10271872934692,89.12271564409322,114041600,0.0,0.020714241016807165,85.3228931427002,78.63609008789062,-0.9061323921400941,1.654769446875349
2020-07-06,90.57637786865234,91.04397648582848,89.61210082402599,89.6435984064739,118655600,0.02675001150247991,0.02062016347372259,85.83592109680175,79.11852996826173,0.9327794621784449,1.4318756618024935
2020-07-07,90.29532623291016,91.73204473813118,90.183879512503,90.95432807349727,112424400,-0.003102924209993807,0.02072581170092232,86.31115417480468,79.5569790649414,-0.6590018405871092,1.548165225628182
2020-07-08,92.39832305908203,92.42982064230873,91.18449788463136,91.27172253001288,117092000,0.023290206856857232,0.020260508042114933,86.76397476196288,80.03652114868164,1.126600529069151,1.2453227576773713
2020-07-09,92.795654296875,93.34320200495762,91.74900304495738,93.2899001154489,125642800,0.0043001996642180185,0.019685636379806866,87.12945442199707,80.54619155883789,-0.4942458185739014,1.5941989600002415
2020-07-10,92.9579849243164,93.01613714978424,91.78050772022172,92.39105063414506,90257200,0.0017493343699273023,0.015406188203393534,87.70826034545898,81.01489044189454,0.5669342901713463,1.2356294295625219
2020-07-13,92.52914428710938,96.8683794397454,92.31593673037001,94.26144459491981,191649200,-0.004613273809196516,0.015605974298469528,88.23049583435059,81.44567932128906,-1.7323003078104335,4.552442709375384
2020-07-14,94.06036376953125,94.25175963929699,90.97856198164641,91.91133403395911,170989200,0.016548510139363648,0.0157216180036694,88.77853469848633,81.92995040893555,2.1490297355721424,3.2731976576505843
2020-07-15,94.70723724365234,96.18272134953932,93.51037361994408,95.93317328027695,153198000,0.00687721637677341,0.014991883890778433,89.24879951477051,82.40739410400391,-1.2259360366246028,2.672347729595245
2020-07-16,93.54188537597656,94.39713348994569,92.94345347342261,93.58065106367306,110577600,-0.012304781573109325,0.015442018692413469,89.66673202514649,82.84026794433593,-0.0387656876964968,1.45368001652308
2020-07-17,93.35291290283203,94.14759106406643,92.8804639114332,93.99253569772281,92186800,-0.002020190980596359,0.015487734447862285,90.07352104187012,83.25452590942383,-0.6396227948907836,1.2671271526332362
2020-07-20,95.32022857666016,95.45832996558929,93.09609971897889,93.4401406081673,90318000,0.021073961300766664,0.01569809473054127,90.60302543640137,83.69310119628906,1.8800879684928589,2.3622302466103946
2020-07-21,94.00464630126953,96.185166447433,93.75509818029391,96.11006023390243,103433200,-0.013801711295022612,0.015542241752806206,90.95590705871582,84.0704281616211,-2.1054139326328993,2.4300682671390916
2020-07-22,94.26871490478516,94.94952104533722,93.61940634409747,93.7066235863698,89001600,0.0028091016125875168,0.01499819533108371,91.22919845581055,84.42939025878906,0.5620913184153551,1.3301147012397507
2020-07-23,89.97795104980469,94.07974983333283,89.168736705882,94.00221845583387,197004400,-0.04551630792160788,0.018017425173053738,91.36632957458497,84.71998123168946,-4.024267406029182,4.911013127450829
2020-07-24,89.75504302978516,90.09908386887433,86.39219558540321,88.17780532258647,185438800,-0.00247736270295984,0.017828299720944258,91.43441009521484,85.02433349609375,1.577237707198691,3.706888283471116
2020-07-27,91.88227081298828,91.97433840198715,90.59334674840196,90.81624022237884,121214000,0.023700370601986265,0.016872318070928333,91.74464988708496,85.36207183837891,1.0660305906094436,1.3809916535851983
2020-07-28,90.37286376953125,91.63029754160469,90.36801343757494,91.45343048257014,103625600,-0.016427620150237576,0.01679109209020494,91.88069076538086,85.67848983764648,-1.0805667130388912,1.262284104029746
2020-07-29,92.10515594482422,92.28929109136294,90.81864987240843,90.85499038980474,90329200,0.019168277987855475,0.017187417192319643,92.0667625427246,85.99442306518554,1.2501655550194783,1.470641218954512
2020-07-30,93.21965026855469,93.32382888856975,90.87195660039106,91.27898520449537,158130000,0.012100238171228073,0.017296291857919005,92.3169158935547,86.34146469116212,1.940665064059317,2.4518722881786914
2020-07-31,102.97869873046875,103.12891115542561,97.71152622340603,99.70791855704327,374336800,0.10468874785304827,0.028550549859458377,93.05502166748047,86.85417770385742,3.2707801734254787,5.417384932019587
2020-08-03,105.57351684570312,108.19013805785316,104.56078815454649,104.85878784183842,308151200,0.025197619966299323,0.028499355654548936,93.80487861633301,87.43031951904297,0.7147290038647043,3.629349903306675
2020-08-04,106.27854919433594,107.36880923031337,105.04049450870605,105.76249159429877,173071600,0.006678117483414292,0.02838135852279693,94.60403976440429,88.01067749023437,0.5160576000371719,2.3283147216073274
2020-08-05,106.66378021240234,106.98359161753405,105.5347544170492,105.9999353148589,121776800,0.003624729740730581,0.028183811494512535,95.31731262207032,88.60920623779298,0.6638448975434414,1.4488372004848458
2020-08-06,110.38518524169922,110.87943850296628,106.40695185464003,106.99569046941184,202428800,0.034889116266893394,0.028819961023415133,96.19678916931153,89.27547622680665,3.389494772287378,4.472486648326253
2020-08-07,107.87548828125,110.36333556331454,107.07937744727452,109.90702677912203,198045600,-0.022735813279236572,0.029656442120393936,96.9426643371582,89.89087371826172,-2.0315384978720346,3.2839581160400115
2020-08-10,109.44344329833984,110.46042737696229,106.79540187658976,109.31965534861051,212403600,0.014534859049740056,0.029540987963152868,97.78837928771972,90.5391325378418,0.12378794972933349,3.665025500372522
2020-08-11,106.18860626220703,109.20557448641424,105.92889749318043,108.70800797992307,187902400,-0.029739899787876833,0.030695184877895194,98.39479141235351,91.10334808349609,-2.519401717716036,3.2766769932338065
2020-08-12,109.71772003173828,109.97499928394977,107.08424089381839,107.27841139872632,165598000,0.03323439202899947,0.03127190061034093,99.14531555175782,91.73092636108399,2.4393086330119615,2.8907583901313814
2020-08-13,111.65943908691406,112.66186065911528,110.60847119171306,111.09633433148385,210082000,0.017697406167518803,0.030973185134533003,100.05119323730469,92.38871398925781,0.5631047554302171,2.053389467402212
2020-08-14,111.55992126464844,111.64972529333073,109.75167818563322,111.4846796510428,165565200,-0.000891262065074172,0.030952425786914237,100.9615436553955,93.05807891845703,0.07524161360564108,1.8980471076975078
2020-08-17,111.26866912841797,112.70555595050736,110.64246299694389,112.68128278727484,119561600,-0.0026107237521219018,0.030934966819515956,101.7589656829834,93.67713592529297,-1.4126136588568698,2.0630929535634692
2020-08-18,112.19583129882812,112.6205856628583,110.68613263439002,111.02108297516577,105633600,0.008332643660365013,0.03049904781201087,102.66852493286133,94.3052392578125,1.1747483236623566,1.9344530284682833
2020-08-19,112.33661651611328,113.74923011045664,112.24196081309763,112.60360648521876,145538000,0.0012548168292472184,0.030518466143613015,103.57192001342773,94.8851333618164,-0.2669899691054809,1.5072692973590023
2020-08-20,114.82933044433594,114.94340764743272,112.3608970952543,112.37788905057565,126907200,0.022189683164127505,0.02775556453445569,104.81448898315429,95.4719987487793,2.451441393760291,2.5825105521784195
2020-08-21,120.74676513671875,121.22976923366335,115.77592204362502,115.78805492165831,338054800,0.051532432258248884,0.02881648375747469,106.36407508850098,96.2592967224121,4.958710215060435,5.453847190038331
2020-08-24,122.19091796875,125.03313705599179,120.32685470533741,124.94817728665664,345937600,0.01196017823248563,0.02875631963434194,107.87950744628907,97.06142639160156,-2.7572593179066445,4.7062823506543765
2020-08-25,121.18852996826172,121.53319118206026,119.46766825250779,121.06474940167627,211495600,-0.00820345748400575,0.028343097829168117,109.42029075622558,97.82320526123047,0.12378056658545233,2.065522929552472
2020-08-26,122.8365707397461,123.29287960664668,121.43851930194522,122.50404983764719,163022400,0.013598983104391005,0.02832884564655537,110.95686149597168,98.57389785766601,0.3325209020989064,1.8543603047014585
2020-08-27,121.36811828613281,123.77101327398971,120.22491675397727,123.43849242247208,155552400,-0.011954521725655254,0.028956170689975917,112.36428489685059,99.29759552001953,-2.070374136339268,3.5460965200124406
2020-08-28,121.1715087890625,122.75887130249573,120.94820607750371,122.34139811689965,187630000,-0.001619943522620959,0.019619717740044777,113.27392539978027,100.01668304443359,-1.1698893278371543,1.8106652249920216
2020-08-31,125.28074645996094,127.18365344194854,122.32931552431691,123.86328808400015,225702700,0.03391257327703889,0.020104418470950035,114.25928688049316,100.82769515991211,1.4174583759607913,4.854337917631625
2020-09-01,130.27093505859375,130.87288270975856,126.72727621370097,128.8923056104839,151948100,0.03983204713924371,0.02125551104794913,115.45890617370605,101.69417358398438,1.378629448109848,4.145606496057582
2020-09-02,127.57195281982422,133.96026120747115,123.30014277535787,133.5816235663219,200119000,-0.0207182226607614,0.02233593905761203,116.50431480407715,102.46955490112305,-6.009670746497676,10.66011843211328
2020-09-03,117.35842895507812,125.08653127360425,116.9895020715435,123.21276461682936,257599600,-0.08006088829863045,0.029138131039548626,116.8529769897461,103.07201690673828,-5.854335661751236,8.097029202060753
2020-09-04,117.43610382080078,120.0962780604988,107.65947073062564,116.57203254505438,332607200,0.0006618601357759601,0.028492853624822425,117.33100776672363,103.65287033081054,0.8640712757463973,12.436807329873162
2020-09-08,109.53327178955078,115.52352252708134,109.39735093120817,110.63034940535363,231366600,-0.06729473964249666,0.032580326335081254,117.33549919128419,104.12998626708985,-1.0970776158028457,6.126171595873174
2020-09-09,113.90215301513672,115.66913123084257,111.90216871799983,113.8439033465614,176940500,0.03988633913885087,0.03289118042534435,117.72117652893067,104.65498840332032,0.05824966857531422,3.7669625128427384
2020-09-10,110.18373107910156,116.98951312845449,109.22257449751976,116.85359229498353,182274400,-0.03264575635845102,0.03311136694566735,117.74447708129883,105.09098861694336,-6.669861215881966,7.766938630934732
2020-09-11,108.73714447021484,111.87304930648419,106.79540974753245,111.23227329257654,180860300,-0.01312885845051126,0.03299788807852483,117.59836235046387,105.5013998413086,-2.4951288223616928,5.077639558951745
2020-09-14,111.99927520751953,112.55266938531994,109.51385678190806,111.37792060111667,140150100,0.03000015085183927,0.03370864032795835,117.62033004760742,105.97705368041993,0.6213546064028606,3.038812603411884
2020-09-15,112.17401123046875,115.36816560750079,110.30023700342959,114.88273194668369,184642000,0.0015601531583615547,0.03369967963759084,117.66559715270996,106.40900634765624,-2.708720716214941,5.067928604071199
2020-09-16,108.86335754394531,112.62061700186764,108.77598303445264,111.8730523722857,154679000,-0.02951355354246432,0.034320447341734964,117.49897346496581,106.78036697387695,-3.009694828340386,3.8446339674150067
2020-09-17,107.12548828125,108.93130194991431,105.54297733812126,106.52355532978139,178011000,-0.015963766890009667,0.034478159543014066,117.23841705322266,107.07491027832032,0.601932951468612,3.3883246117930526
2020-09-18,103.7274398803711,107.64974394669376,102.9992895380195,107.18373187558059,287104900,-0.03172026055981736,0.034611144140679756,116.68332252502441,107.29354598999024,-3.4562919952094973,4.650454408674264
2020-09-21,106.8730697631836,106.97986575435861,100.0964130289504,101.49446425369291,195713800,0.03032591844974064,0.03309609299589246,115.98963775634766,107.57184768676758,5.378605509490683,6.883452725408219
2020-09-22,108.55267333984375,109.5720869949024,105.97988085188311,109.3973305799532,183055400,0.015715872860973645,0.033211153814343176,115.30772552490234,107.89231826782226,-0.8446572401094556,3.592206143019297
2020-09-23,103.99929809570312,108.84392339466623,103.65948864684648,108.36820053624751,150718700,-0.04194622853631125,0.03420505753493074,114.44826393127441,108.0910969543457,-4.368902440544389,5.1844347478197506
2020-09-24,105.06725311279297,107.03811241012444,101.94105943821374,102.10610509006938,167743300,0.010268867546654903,0.03410719725521034,113.55979804992675,108.29829727172852,2.9611480227235916,5.097052971910699
2020-09-25,109.00897979736328,109.16432212155291,104.53328092968297,105.27114215532431,149981400,0.03751622477784533,0.0355107679685042,112.94184112548828,108.60763916015625,3.7378376420389685,4.63104119186994
2020-09-28,111.61090087890625,111.96041368995603,109.49440992627346,111.65944720543573,137672400,0.023868869210405208,0.03608167916018902,112.46381072998047,108.97279891967773,-0.048546326529475436,2.466003763682565
2020-09-29,110.76624298095703,111.95070223231198,110.26139526105185,111.21284844222973,99382200,-0.007567879940917566,0.03499547960740695,111.73808555603027,109.28171920776367,-0.4466054612726964,1.6893069712601374
2020-09-30,112.43611907958984,113.84388085140603,110.30992511829172,110.47497075139586,142675200,0.015075676972450047,0.03372053976334804,110.84634475708008,109.65034866333008,1.9611483281939854,3.533955733114311
2020-10-01,113.38758850097656,114.29049535158379,112.45555681762868,114.21282419285578,116120400,0.00846231112542406,0.033717193917728865,110.13712654113769,110.03272613525391,-0.8252356918792145,1.8349385339551105
2020-10-02,109.72740173339844,112.00894545535374,108.95071245980235,109.60119167081031,144712000,-0.03228031229843642,0.029582284302396674,109.75557518005371,110.42771514892578,0.12621006258812884,3.0582329955513927
2020-10-05,113.10604095458984,113.25167253166546,110.24198536966455,110.59149819179417,106243800,0.030791207736791115,0.030527216274314515,109.53907203674316,110.89473510742188,2.5145427627956707,3.0096871620009154
2020-10-06,109.86335754394531,112.73712413305032,108.97986466252809,112.32935419932602,161498200,-0.02866940954945474,0.027179223778200732,109.55557632446289,111.25435684204102,-2.4659966553807067,3.7572594705222286
2020-10-07,111.7274169921875,112.18372583418271,110.80508856065056,111.2808188977388,96849000,0.016967071550644697,0.025883536228211424,109.44683952331543,111.68144790649414,0.4465980944487029,1.3786372735321493
2020-10-08,111.62062072753906,113.0089613382161,111.25168639294162,112.86332975388186,83477200,-0.0009558644379642489,0.024767312524464322,109.5186840057373,112.07175720214843,-1.2427090263427942,1.7572749452744745
2020-10-09,113.56237030029297,113.59149513954675,111.57208900379892,111.92160188910647,100506900,0.017395975403985853,0.02479519775589976,109.75994529724122,112.4786116027832,1.6407684111864995,2.019406135747829
2020-10-12,120.77589416503906,121.53316947743221,115.80505089927543,116.56232621166858,240226800,0.0635203707501999,0.027715209883153586,110.19877624511719,112.8345555114746,4.213567953370486,5.728118578156781
2020-10-13,117.57202911376953,121.73705073964729,116.16427448485399,121.62054399652054,262330500,-0.026527355259249652,0.028551941506412153,110.46867713928222,113.07452575683594,-4.048514882751007,5.572776254793297
2020-10-14,117.65940856933594,119.4458008172495,116.1351472290792,117.47494141501437,150712000,0.0007431993495821132,0.027536660328466814,110.90847969055176,113.30214294433594,0.1844671543215668,3.310653588170311
2020-10-15,117.19338989257812,117.66911279151616,114.70797199610067,115.26136605608602,112559200,-0.003960742982004661,0.027201661410208963,111.41187477111816,113.51273513793946,1.9320238364921067,2.9611407954154885
2020-10-16,115.5526123046875,118.00891257285697,115.34873107903783,117.74677427764382,115393800,-0.014000598407423848,0.02621861271855993,112.00313339233398,113.61608367919922,-2.194161972956323,2.660181493819138
2020-10-19,112.6011962890625,116.9118422011094,112.29051903948137,116.46524411778215,120639300,-0.025541750694850096,0.026436219821689696,112.28953971862794,113.71059783935547,-3.8640478287196487,4.621323161628027
2020-10-20,114.08658599853516,115.51376170813369,112.26135125390465,112.81474516098085,124423700,0.013191597944123723,0.026377994661810407,112.5662353515625,113.80346069335937,1.2718408375543078,3.252410454229036
2020-10-21,113.46525573730469,115.25164788351834,113.05748587164362,113.27107784719725,89946000,-0.005446128971187236,0.02429863788971291,113.03953323364257,113.94899368286133,0.19417789010744002,2.194162011874724
2020-10-22,112.37787628173828,114.601163016686,111.25166679554484,114.02834752777623,101988000,-0.00958336936272286,0.02446164418071651,113.40506439208984,114.00219680786132,-1.6504712460379523,3.349496221141166
2020-10-23,111.6885757446289,113.15458745033783,110.95071451824744,112.99924512599237,82572600,-0.0061337743683752555,0.02319550735079393,113.53904418945312,114.00277954101563,-1.3106693813634678,2.203872932090391
2020-10-26,111.69827270507812,113.1545734839859,109.59148528217365,110.68856994284661,111850700,8.682141736127136e-05,0.02258830991294532,113.54341278076171,114.00554656982422,1.0097027622315125,3.563088201812249
2020-10-27,113.203125,113.86331505621116,111.20314074462335,112.12546171107986,92276800,0.013472475970109254,0.022693367753584263,113.66525688171387,114.04423568725586,1.0776632889201352,2.6601743115878094
2020-10-28,107.96044158935547,112.06721355762778,107.863356340069,111.6982866474873,143937800,-0.046312179196859926,0.02479096339770461,113.44147300720215,113.95952789306641,-3.7378450581318248,4.203857217558777
2020-10-29,111.9604263305664,113.52352341003616,108.93131742851756,109.09637051307503,146129200,0.037050466655421,0.02619455407356734,113.37011489868163,113.95200408935547,2.8640558174913764,4.592205981518603
2020-10-30,105.68861389160156,108.72742584588708,104.58182577242385,107.82451896896531,190272600,-0.0560181185845714,0.028181812271891322,113.1681755065918,113.76918975830078,-2.135905077363745,4.145600073463228
2020-11-02,105.60124206542969,107.45560232371076,104.19348732192323,105.93134082759394,122866900,-0.0008266910025094276,0.02714293935590989,112.79293556213379,113.466279296875,-0.3300987621642548,3.262115001787535
2020-11-03,107.22258758544922,108.24199381190596,105.56240538196562,106.46531227233,107624400,0.015353470170502037,0.026740359131190668,112.66089706420898,113.16691268920898,0.7572753131192229,2.6795884299403383
2020-11-04,111.6011962890625,112.22255078584597,109.07694271998845,110.81479612438059,138235500,0.04083662595928139,0.02807788203738701,112.65458602905274,112.975166015625,0.7864001646819077,3.145608065857516
2020-11-05,115.56231689453125,116.13513237076141,113.46524768018678,114.51377858379472,126387100,0.03549353176473935,0.029153230266965497,112.85167083740234,112.8296809387207,1.0485383107365323,2.6698846905746336
2020-11-06,115.4310302734375,115.92702142810049,112.94131732140758,115.07118700641044,114457900,-0.0011360677478764458,0.028936509835294846,112.94510383605957,112.7109391784668,0.3598432670270597,2.985704106692907
2020-11-09,113.12614440917969,118.6404586573118,112.86356119637313,117.19137239571974,154515300,-0.019967645257933708,0.025263895769601634,112.5626163482666,112.55003189086914,-4.065227986540052,5.77689746093867
2020-11-10,112.78572082519531,114.36123445028848,110.99623930767311,112.37725487942362,138023400,-0.003009238808255099,0.024649130393871652,112.32330093383788,112.30013137817383,0.40846594577169526,3.3649951426153706
2020-11-11,116.20907592773438,116.34523125447596,113.24282640096855,113.97223311704505,112295000,0.030352735058056357,0.025676779370851402,112.25078430175782,112.01889419555664,2.236842810689325,3.1024048535074087
2020-11-12,115.936767578125,117.22052312713384,115.31434109496367,116.33551348572685,103162300,-0.0023432623264185715,0.02566720413402368,112.18795318603516,111.78619049072266,-0.3987459076018496,1.9061820321701788
2020-11-13,115.98538970947266,116.38412816982795,114.63355658842221,116.16044760960408,81581900,0.0004193849144094042,0.025461556225961555,112.20959205627442,111.75872970581055,-0.17505790013142075,1.7505715814057368
2020-11-16,116.99684143066406,117.66789057082231,114.90587400574458,115.65472831052979,91183000,0.008720509744589044,0.02476037192458126,112.42937431335449,111.74994445800782,1.3421131201342718,2.7620165650777295
2020-11-17,116.11182403564453,117.35667698637204,115.69363055189307,116.26743436443991,74271000,-0.007564455451936403,0.024710801507596563,112.53063621520997,111.88151550292969,-0.15561032879537606,1.6630464344789715
2020-11-18,114.78914642333984,116.52999772652923,114.75997134662337,115.35322263955022,76322100,-0.01139141188496573,0.024830081401784904,112.59683074951172,111.89925537109374,-0.5640762162103812,1.7700263799058575
2020-11-19,115.38241577148438,115.7908817492475,113.60266161420516,114.36124340716778,74113000,0.005168340096863844,0.02472192807009768,112.74705772399902,112.00322906494141,1.0211723643165982,2.188220135042343
2020-11-20,114.11810302734375,115.50883872913519,114.06948036722605,115.38241090893905,73604300,-0.010957586003785935,0.024824797017251685,112.86853408813477,112.11084823608398,-1.2643078815953004,1.439358361909143
2020-11-23,110.72393035888672,114.39041868660993,110.62667762078418,113.96249773506877,127959300,-0.029742631347839277,0.025783595871727304,112.8198169708252,112.08534133911132,-3.238567376182047,3.763741065825755
2020-11-24,112.00768280029297,112.66901178958845,109.49852215679763,110.78228497711366,113874200,0.01159417333945112,0.02573485474916597,112.76004486083984,112.08201477050781,1.225397823179307,3.1704896327908187
2020-11-25,112.84407043457031,113.54430200672213,112.00768354782322,112.37725433307455,76499200,0.007467234508981013,0.023365201824905518,113.00422630310058,112.1616290283203,0.46681610149576613,1.5366184588989142
2020-11-27,113.38871765136719,114.26400731693963,113.02888170323342,113.36927006764773,46691300,0.004826547063566666,0.021921950366331003,113.07564086914063,112.28689361572266,0.019447583719454542,1.2351256137062023
2020-11-30,115.78114318847656,117.64842229155751,113.60264348164121,113.75825378351841,169410200,0.021099326164577326,0.017781479688933812,113.58026733398438,112.52796768188476,2.02288940495815,4.0457788099163
2020-12-01,119.35040283203125,120.07980962174469,116.71481385558914,117.68735624187373,127728200,0.03082764209491695,0.018649404170899397,114.26772537231446,112.77751434326171,1.6630465901575207,3.3649957661555447
2020-12-02,119.70051574707031,119.98255392256038,117.57064559900594,118.66961579736986,89004200,0.002933487501770804,0.018538607195405152,114.89162178039551,113.00047119140625,1.030899949700455,2.4119083235544423
2020-12-03,119.56433868408203,120.3812705585125,118.85437962376297,120.12840751265676,78967600,-0.001137648088969212,0.016626601238321072,115.28977890014649,113.31177200317383,-0.5640688285747331,1.526890934749531
2020-12-04,118.89328002929688,119.48653134532607,118.18332098194936,119.23366830409037,78260400,-0.005612531814843669,0.014928240517433562,115.45632705688476,113.5882925415039,-0.3403882747934972,1.3032103633767065
2020-12-07,120.35208892822266,121.14957318028407,118.89327572909268,118.95162588268744,86712000,0.012269902037914227,0.015102313685729157,115.70237998962402,113.8151547241211,1.4004630455352185,2.2562974511913865
2020-12-08,120.96479797363281,121.54832923828494,119.71021762648395,120.95507789382133,82225500,0.005090971422819113,0.014177803812502537,116.09431266784668,114.00223266601563,0.009720079811486926,1.8381116118009828
2020-12-09,118.43619537353516,122.49169482167979,117.67761359703715,121.11068659164964,115089200,-0.02090362355376174,0.015138969615532245,116.37683639526367,114.1556317138672,-2.6744912181144826,4.814081224642635
2020-12-10,119.85610961914062,120.46881600995408,116.85095750767795,117.1913458248472,81312200,0.011988853923643905,0.013867859370687035,116.55918807983399,114.3040315246582,2.664763794293421,3.6178585022761354
2020-12-11,119.04888916015625,119.38927743158283,117.23996015210895,119.06833673856299,86939800,-0.0067349129013900555,0.013968613052258402,116.71479415893555,114.41725753784179,-0.019447578406740718,2.149317279473877
2020-12-14,118.43619537353516,119.9630864267169,118.20278730843776,119.2336797308675,79184500,-0.005146572899112356,0.014044795116169847,116.83733444213867,114.59143341064453,-0.7974843573323369,1.7602991182791357
2020-12-15,124.36871337890625,124.38816838110739,120.7216795566684,120.9259125603246,157243700,0.05009041354849808,0.017771936309854363,117.20592803955078,114.81668685913085,3.442800818581645,3.6664888244389857
2020-12-16,124.30062866210938,124.84524997430788,123.08495079030278,123.91161767905837,98208600,-0.0005474424792788479,0.017616655456832754,117.61536827087403,115.10543228149415,0.38901098305100845,1.7602991840050919
2020-12-17,125.16619873046875,126.02204075578122,124.5243172114844,125.36070423445284,94359800,0.0069635212442269445,0.017271532047269823,118.13422088623047,115.37420791625976,-0.1945055039840895,1.497723544296818
2020-12-18,123.18221282958984,125.55521844582084,122.65703909059238,125.41906311570027,192541500,-0.01585081212821038,0.017856823834925626,118.52421073913574,115.60543975830078,-2.2368502861104247,2.8981793552284643
2020-12-21,124.7090835571289,124.78688871478423,120.06033297589273,121.58722395031434,121251600,0.012395220807174034,0.017628852891349897,119.053759765625,115.8283740234375,3.121859606814567,4.726555738891491
2020-12-22,128.25889587402344,130.7194269475822,126.09011564727457,127.99630527207523,168904800,0.028464745435069938,0.016425602012439762,119.93050804138184,115.9780340576172,0.2625906019482045,4.629311300307634
2020-12-23,127.36415100097656,128.79377458393498,127.18908566358635,128.53119883757725,88223700,-0.006976084324986642,0.016704719525637176,120.69833145141601,116.17387649536133,-1.1670478366006876,1.6046889203486217
2020-12-24,128.34642028808594,129.79551379030826,127.5003131582361,127.71427367104259,54930100,0.0077122901490691564,0.016705497954358703,121.4734489440918,116.38761672973632,0.6321466170433467,2.2952006320721665
2020-12-28,132.93678283691406,133.56892926985674,129.84409122328378,130.31092211880733,124486200,0.035765411598738917,0.017922021576594668,122.45085220336914,116.70248458862305,2.625860718106736,3.7248380465729554
2020-12-29,131.16677856445312,134.97914269594398,130.6513323196226,134.25947087325437,121047300,-0.013314631471354033,0.01826061078050651,123.22013397216797,117.01476791381836,-3.0926923088012472,4.3278103763213664
2020-12-30,130.04833984375,132.25601471943688,129.73711922699422,131.85726886914946,96452100,-0.00852684447192964,0.01759979854042612,123.75503082275391,117.36371078491212,-1.8089290253994648,2.5188954924426525
2020-12-31,129.04664611816406,131.0403608931575,128.1032788564328,130.398479383972,99116600,-0.0077024722252467814,0.017807376821054637,124.22233734130859,117.66291198730468,-1.351833265807926,2.9370820367246893
2021-01-04,125.8567123413086,129.94138734935098,123.27947356294186,129.85386209713596,143301900,-0.024719230393128844,0.018906288543807995,124.53695602416992,117.91074111938477,-3.9971497558273654,6.661913786409116
2021-01-05,127.41271209716797,128.12267838622037,124.90355215293803,125.35092796741199,97664900,0.012363263960365467,0.01891582713464328,124.96292762756347,118.21143783569336,2.061784129755978,3.2191262332823385
2021-01-06,123.12384796142578,127.45166544679954,122.90988747820573,124.21309795786028,155088000,-0.03366119490864772,0.020531414081359993,125.10151557922363,118.4401432800293,-1.0892499964345035,4.541777968593806
2021-01-07,127.3252182006836,128.01572966594065,124.34924155623901,124.83551263774474,109578200,0.03412312325207778,0.02179799972109439,125.41953659057617,118.75268218994141,2.489705562938852,3.666488109701646
2021-01-08,128.4242401123047,128.98831654316814,126.65420563892411,128.79379617128217,105158200,0.008631612237953279,0.02109760939087501,125.91893882751465,119.0571044921875,-0.36955605897748,2.334110904244028
2021-01-11,125.43851470947266,126.59584254088283,124.97169851220295,125.64275514317653,100384500,-0.023248924036623264,0.021875738425840983,126.19805908203125,119.40666595458984,-0.20424043370387324,1.6241440286798792
2021-01-12,125.26345825195312,126.12902035403391,123.37672370948479,124.97169257758259,91951100,-0.0013955558858854689,0.021789463935576125,126.5087875366211,119.67272659301757,0.2917656743705379,2.7522966445491193
2021-01-13,127.29607391357422,127.84069528222409,124.96197809369782,125.22455385655589,88636800,0.016226724776612134,0.02190453216470354,126.95178146362305,120.10487579345703,2.0715200570183327,2.8787171885262666
2021-01-14,125.37043762207031,127.4030475675069,125.22454736600265,127.20854206590191,90221800,-0.01512722452706039,0.01936397240783297,127.00186767578126,120.50025970458984,-1.8381044438315968,2.1785002015042494
2021-01-15,123.6490249633789,126.64445696844105,123.51286963768597,125.2439937099894,111598500,-0.013730610591634163,0.019626922259823595,126.96928749084472,120.82878845214844,-1.5949687466104905,3.1315873307550817
2021-01-19,124.32008361816406,125.1759255883475,123.45452156734409,124.27145353534586,90757300,0.00542712451621763,0.019600890816218023,126.92698173522949,121.08316619873047,0.04863008281820669,1.7214040210034085
2021-01-20,128.40475463867188,128.85213061210496,125.02031169638846,125.12729193961263,104319500,0.0328560832781728,0.020551185335898527,127.1881088256836,121.34001495361328,3.2774626990592424,3.8318189157164966
2021-01-21,133.11190795898438,135.83503035108606,129.92196924932398,130.12620973565646,120150900,0.03665871511968799,0.021854670527265932,127.60825004577637,121.69363250732422,2.9856982233279155,5.913061101762082
2021-01-22,135.25143432617188,136.0100159621577,131.31263593020583,132.53803360991805,114459400,0.016073140262152563,0.021277438489941937,127.95787696838379,122.13613830566406,2.7134007162538296,4.697380031951866
2021-01-25,138.9957275390625,141.1061423033731,132.79090363932372,139.14161777095364,157611700,0.027683944584727227,0.021837267333672652,128.5394557952881,122.66033843994141,-0.14589023189114414,8.315238664049389
2021-01-26,139.22915649414062,140.3378541007655,137.48829750104505,139.65707747210416,98390600,0.0016793966203927368,0.021833749334629254,129.0835926055908,123.12074005126954,-0.427920977963538,2.8495565997204437
2021-01-27,138.1593475341797,140.3378474829839,136.55465878230473,139.49172564743122,140843800,-0.0076837997650726075,0.020669015664445747,129.3447208404541,123.56519165039063,-1.3323781132515364,3.783188700679176
2021-01-28,133.3258056640625,138.09127131319642,132.94651480242143,135.68909090953088,142621100,-0.034985268506145806,0.022043627846580014,129.45267219543456,123.91199996948242,-2.3632852454683757,5.144756510774982
2021-01-29,128.33665466308594,132.98540444648626,126.63470608598875,132.10038762484038,177523800,-0.03742074518977667,0.02359625402866055,129.36708793640136,124.13879623413087,-3.7637329617544424,6.350698360497503
2021-02-01,130.45681762695312,131.66277536673383,127.3349504556567,130.07752674070377,106239800,0.016520322813720734,0.023822146258835882,129.4375965118408,124.42569610595703,0.3792908862493505,4.32782491107713
2021-02-02,131.28347778320312,132.56722577893618,130.9139069960329,132.00314951845078,83305400,0.006336657380481725,0.023070552140620045,129.70893478393555,124.7555827331543,-0.7196717352476583,1.653318782903284
2021-02-03,130.26231384277344,132.0420679752551,129.9413731133275,132.0323330550851,89880900,-0.007778312683915933,0.02305080024856654,129.8514148712158,125.05318069458008,-1.7700192123116665,2.100694861927593
2021-02-04,133.6175994873047,133.62731956895118,130.8944778045398,132.55753183488522,84183100,0.025757915283011856,0.022109510912159017,130.37610244750977,125.4431706237793,1.0600676524194625,2.7328417644113756
2021-02-05,133.20362854003906,133.8464691818489,132.32703847356598,133.77829722031976,75693800,-0.003098176803460362,0.021008859555954055,130.67002296447754,125.89276458740234,-0.5746686802806948,1.5194307082829255
2021-02-08,133.34971618652344,133.39841892980013,131.41145995524053,132.49259546322395,71297200,0.00109672422655116,0.020960037560262892,130.9162967681885,126.31960525512696,0.857120723299488,1.9869589745595988
2021-02-09,132.47315979003906,134.29454199245745,132.3173317614118,133.0672978062939,76774200,-0.006573365295043376,0.02021743537413712,131.2680290222168,126.71218704223632,-0.5941380162548455,1.9772102310456603
2021-02-10,131.8692626953125,133.42766158836056,130.90500170826476,132.93091432442992,73046600,-0.00455863735479467,0.020265337314494605,131.59831924438475,127.08179794311523,-1.0616516291174207,2.5226598800958016
2021-02-11,131.61602783203125,132.84325691578465,130.291393245221,132.3659937299951,64280000,-0.0019203479120555311,0.02003598428316968,131.8143169403076,127.39849563598632,-0.7499658979638468,2.551863670563648
2021-02-12,131.84974670410156,132.00558952807881,130.2134416383095,130.85628214072338,60145100,0.0017757629972587896,0.019634161325455014,132.13828239440917,127.64848251342774,0.9934645633781827,1.7921478897693248
2021-02-16,129.7265167236328,132.47317744238617,129.33690944515848,131.9667102733666,80576300,-0.016103405835384166,0.019745558828274404,132.44215698242186,127.84900253295899,-2.240193549733789,3.136267997227691
2021-02-17,127.43759155273438,128.78171035064747,126.10322222332451,127.83693334950489,97918500,-0.017644235185738655,0.02023868828144924,132.5980323791504,128.00646759033202,-0.3993417967705142,2.6784881273229644
2021-02-18,126.33695983886719,126.61941198787154,124.09676726976038,125.84021263400942,96856700,-0.008636633040979391,0.018932625632616693,132.49464263916016,128.15534118652343,0.496747204857769,2.5226447181111666
2021-02-19,126.4927978515625,127.31096541209789,125.45063033694109,126.85318631272438,87668800,0.0012335108656569282,0.01679589315075584,132.16368713378907,128.27815536499023,-0.3603884611618753,1.8603350751567973
2021-02-22,122.72345733642578,126.34672250388937,122.3338575729678,124.68118332933157,103916400,-0.029798854789819584,0.01726426251806996,131.53728828430175,128.3133285522461,-1.957725992905793,4.012864930921566
2021-02-23,122.58708190917969,123.4149766498793,115.31133387912055,120.54169271715817,158273000,-0.0011112417316621048,0.015535025191617055,130.71685600280762,128.39634628295897,2.045389192021517,8.103642770758753
2021-02-24,122.09033966064453,122.29487783267318,119.05147832650884,121.69100535268275,111039900,-0.004052158194802091,0.015435625430510242,129.85991516113282,128.44103088378907,0.39933430796178015,3.2433995061643373
2021-02-25,117.8437271118164,123.17148430278391,117.40543205845579,121.43777330096201,148199500,-0.03478254348895882,0.01668969065997643,128.84413414001466,128.41692764282226,-3.594046189145601,5.766052244328122
2021-02-26,118.10670471191406,121.6033452358005,118.04825992472897,119.40211317040608,164560400,0.002231579113652238,0.015532228681344887,128.08317909240722,128.41033782958985,-1.2954084584920196,3.5550853110715366
2021-03-01,124.46688842773438,124.60324720609326,119.59691082635653,120.53194563410155,116307900,0.0538511656161611,0.01884657074474395,127.88969078063965,128.4123013305664,3.9349427936328283,5.006336379736723
2021-03-02,121.86634063720703,125.37272355528646,121.75920051926317,125.07078727617044,102260900,-0.02089349081814018,0.01883491988607761,127.46016693115234,128.36361557006836,-3.204446638963404,3.613523036023281
2021-03-03,118.8858871459961,122.4409721711293,118.6716069492106,121.56437474382311,112966300,-0.02445674068513859,0.01926513374852748,126.840287399292,128.2380093383789,-2.678487597827015,3.7693652219187044
2021-03-04,117.00609588623047,120.38586201324064,115.53536779088374,118.583971529586,178155000,-0.015811727572484502,0.019414259286788797,126.17747650146484,128.1144869995117,-1.5778756433555259,4.8504942223569
2021-03-05,118.26254272460938,118.76902459264008,114.51266119025206,117.8339897181949,153766600,0.010738302383839882,0.018419771949560154,125.40972366333008,127.98555618286133,0.42855300641447513,4.256363402388018
2021-03-08,113.33412170410156,117.85346041822143,113.18802088680535,117.78528102761602,154376600,-0.04167355873604306,0.02005516275066647,124.4162483215332,127.68706069946289,-4.45115932351446,4.665439531416084
2021-03-09,117.94113159179688,118.88590857647793,115.700946019303,115.93470289838993,129525800,0.04064980447568578,0.02275302400057,123.64581909179688,127.49860031127929,2.0064286934069457,3.184962557174927
2021-03-10,116.8599853515625,118.99303047984385,116.34376148572666,118.52551679323263,111943300,-0.00916682946519709,0.022764589883453683,122.86516036987305,127.26887161254882,-1.665531441670126,2.649268994117193
2021-03-11,118.78849792480469,120.00599237807343,118.10670400337277,119.35341713456053,103026500,0.01650276240785442,0.023315565781990493,122.21112213134765,126.98590591430664,-0.5649192097558426,1.8992883747006601
2021-03-12,117.8826675415039,118.01902630934984,116.06130081484937,117.26905308619719,88105100,-0.0076255731752260525,0.02331140410983401,121.52445411682129,126.72022369384766,0.6136144553067169,1.9577254945004654
2021-03-15,120.76570892333984,120.77545095974142,117.28854502762586,118.25280599447676,92403800,0.024456872600213897,0.02420516757786089,120.9702522277832,126.53457107543946,2.5129029288630846,3.4869059321155618
2021-03-16,122.30462646484375,123.91172068145192,121.47673169598399,122.43124321692929,115227900,0.012743000933160387,0.02431176890605454,120.59915771484376,126.39973068237305,-0.12661675208553902,2.434988985467939
2021-03-17,121.51570129394531,122.58709503966791,119.15862613615897,120.82416526324258,111932600,-0.006450493278152614,0.024076421892462528,120.3030632019043,126.31291046142579,0.6915360307027356,3.428468903508943
2021-03-18,117.39568328857422,119.97677300065472,117.19114511333716,119.68457136117527,121229700,-0.03390523168199322,0.02507944669371927,119.85599937438965,126.1125698852539,-2.288888072601054,2.7856278873175597
2021-03-19,116.86972045898438,118.27227638684158,116.56778422545804,116.78206442899135,185549500,-0.0044802569809739845,0.02505682716956038,119.37484550476074,125.98748733520507,0.08765602999302757,1.7044921613835413
2021-03-22,120.1812973022461,120.64881838524362,117.13269423612276,117.20087361999786,111912300,0.02833562731438133,0.025235301845092553,119.24773750305175,125.84460891723633,2.9804236822482295,3.5161241491208557
2021-03-23,119.35342407226562,121.0092136525593,118.96382433837393,120.12288150317761,95467100,-0.006888536307762094,0.02527275249154001,119.08605461120605,125.66319259643555,-0.7694574309119844,2.045389314185371
2021-03-24,116.96713256835938,119.7040653634643,116.94765592524341,119.62614392900645,88530500,-0.01999349011102869,0.025621925419909528,118.8298942565918,125.49376495361328,-2.659011360647071,2.756409438220885
2021-03-25,117.45410919189453,118.49629146995656,115.90545997424265,116.43141841542507,98844700,0.0041633629280477535,0.024438391568957045,118.8104133605957,125.3375779724121,1.0226907764694602,2.590831495713914
2021-03-26,118.05799102783203,118.32097396831911,115.82754049090362,117.22035432205121,94071200,0.005141427916760977,0.024460299360375727,118.8079776763916,125.15281631469726,0.8376367057808238,2.4934334774154934
2021-03-29,118.23332214355469,119.39237925463331,117.59048892877756,118.4865630734955,80819200,0.0014851270481244239,0.020976662541570597,118.49629936218261,125.01007400512695,-0.2532409299408158,1.8018903258557515
2021-03-30,116.78208923339844,117.26908709723163,115.7691327849057,116.98662744448866,85671900,-0.012274313906144085,0.02066196001329807,118.2420867919922,124.87273529052734,-0.20453821109022385,1.49995431232594
2021-03-31,118.97355651855469,120.30792565051348,117.9995609800172,118.48655874928595,118323800,0.0187654399706485,0.02044050106284014,118.24647026062011,124.76580474853516,0.48699776926873994,2.308364670496289
2021-04-01,119.80142974853516,120.95074457506985,119.30469003231387,120.4442702555268,75089100,0.006958464168055345,0.02013144219745808,118.38623695373535,124.59373825073243,-0.6428405069916465,1.6460545427559765
2021-04-05,122.62603759765625,122.87927851383142,119.86962848939254,120.64882787870255,88651200,0.02357741351710052,0.020643950506310897,118.60441169738769,124.38402084350587,1.9772097189537021,3.0096500244388835
2021-04-06,122.92796325683594,123.82403727576349,122.38252818983577,123.21042282538829,80171300,0.0024621659893335757,0.017905159604922734,119.08410377502442,124.13755142211915,-0.28245956855235477,1.44150908592772
2021-04-07,124.57404327392578,124.59351991699825,121.88581323910961,122.55787260556289,83466700,0.013390606770655289,0.015913038234312667,119.41574935913086,123.84911773681641,2.0161706683628893,2.7077066778886376
2021-04-08,126.97005462646484,126.99927330265552,125.17790646414029,125.59671739753477,88844600,0.01923363238094855,0.016049921786003923,119.92125282287597,123.6039356994629,1.373337228930069,1.8213668385152317
2021-04-09,129.5414276123047,129.58038090088027,126.10322399320837,126.4246443564377,106686700,0.020251806564977937,0.016221169504022363,120.45889930725097,123.43157730102538,3.1167832558669915,3.4771569076718976
2021-04-12,127.82720184326172,129.3953355248616,127.2330638679476,129.0739151583479,91420000,-0.013233031321635225,0.016487464168880056,120.95612602233886,123.32160522460937,-1.2467133150861684,2.162271656913987
2021-04-13,130.93421936035156,131.15824904554103,128.49923039780398,128.99597765783932,91266500,0.024306387625535164,0.01647775838180105,121.46455154418945,123.3735565185547,1.9382417025122436,2.6590186477370423
2021-04-14,128.59664916992188,131.48941754486856,128.2362755221187,131.43098018165665,87222800,-0.01785301200747469,0.017051166678362876,121.77915267944336,123.33635314941407,-2.8343310117347755,3.25314202274987
2021-04-15,131.00242614746094,131.48942401418012,130.16478922222413,130.34011618248067,89347100,0.018707928962909293,0.017271076489213198,122.25348892211915,123.33073211669922,0.6623099649802668,1.3246347919559867
2021-04-16,130.6712646484375,131.16799709740084,129.81414368991753,130.8076234498389,84922400,-0.0025279035569208963,0.014920652798590828,122.91726799011231,123.3389111328125,-0.1363588014013999,1.3538534074833137
2021-04-19,131.3335723876953,131.9471944147541,129.8725788847892,130.03815636501255,94264200,0.005068503324274998,0.0147369269994079,123.64046058654785,123.29323059082031,1.2954160226827582,2.074615529964916
2021-04-20,129.64859008789062,132.00565829599216,128.38239249193592,131.5089257555319,94812300,-0.012829791112592526,0.014315095940943658,124.11382522583008,123.22212982177734,-1.860335667641266,3.6232658040562455
2021-04-21,130.0283660888672,130.27186490176769,127.8855795077404,128.91801209652044,68847100,0.002929272124896354,0.0140924279860602,124.64757232666015,123.15570281982421,1.1103539923467451,2.386285394027283
2021-04-22,128.50897216796875,130.66149395921403,127.99275572778816,129.58035833012048,84566500,-0.011685095849470417,0.01344343864833806,125.22466430664062,123.07641906738282,-1.0713861621517253,2.6687382314258628
2021-04-23,130.82708740234375,131.60627194079382,128.72325347974677,128.72325347974677,78657500,0.018038547778166603,0.013762973487154894,125.89331321716308,123.05557556152344,2.1038339225969764,2.883018461047044
2021-04-26,131.21664428710938,131.54779911284922,130.0868062042445,131.32378436155327,66905100,0.0029776470033884284,0.013774404635308287,126.55124588012696,123.047587890625,-0.1071400744438904,1.4609929086047089
2021-04-27,130.89527893066406,131.88875868630524,130.62256132903624,131.49915149684074,66015800,-0.002449120370294988,0.013860888455340973,127.18434371948243,123.02849853515625,-0.6038725661766762,1.266197357268993
2021-04-28,130.1063690185547,131.50892543763737,129.61937108759528,130.81738183639615,107760100,-0.006027031062955768,0.013512603730270245,127.85055770874024,123.03609558105468,-0.7110128178414641,1.88955435004209
2021-04-29,130.00894165039062,133.50559750247544,129.00572727008065,132.92119413868548,151101000,-0.0007488285846342091,0.013205614772677014,128.40232696533204,123.08752258300781,-2.912252488294854,4.499870232394784
2021-04-30,128.04144287109375,130.08682431063778,127.66158525646483,128.3531136734093,109839500,-0.015133565078836786,0.013897403767998716,128.81432762145997,123.12161224365235,-0.3116708023155468,2.4252390541729483
2021-05-03,129.09336853027344,130.58359545105438,128.401839986388,128.60637073689202,75135100,0.008215509256942033,0.013128077239535447,129.13769416809083,123.17362365722656,0.4869977933814198,2.1817554646663666
2021-05-04,124.52533721923828,128.070688075214,123.40524078183631,127.77848641989287,137564700,-0.035385483879165514,0.015644034508441842,129.21756286621093,123.20966125488282,-3.2531492006545903,4.665447293377696
2021-05-05,124.7688217163086,127.05770208141733,124.64219755336535,125.84020778231982,84000900,0.0019553008448525144,0.01536467655275866,129.22730178833007,123.25329605102539,-1.0713860660112289,2.415504528051983
2021-05-06,126.36620330810547,126.37593791446682,123.82406658932013,124.56430537762937,78128300,0.012802730440373056,0.015008336530038215,129.1971092224121,123.3388133239746,1.8018979304761018,2.551871325146692
2021-05-07,127.03939819335938,128.06381882504127,126.3271629457147,127.66381362314827,78973300,0.005327333318803085,0.014295659807821664,129.07200775146484,123.52272674560547,-0.6244154297888969,1.7366558793265625
2021-05-10,123.76118469238281,126.38567778466182,123.72215780429457,126.25885342470616,88071200,-0.025804699546726262,0.015120156633549797,128.8687068939209,123.63581634521485,-2.4976687323233477,2.663519980367255
2021-05-11,122.84408569335938,123.19531281841267,119.78053807914273,120.4927657999539,126142800,-0.0074102312554856775,0.013883086407166387,128.46420021057128,123.60336029052735,2.351319893405474,3.4147747392699443
2021-05-12,119.78053283691406,121.60500079746393,119.27319817304675,120.39519702699735,112172300,-0.024938545792855482,0.01436175696584776,128.0233943939209,123.56164413452149,-0.614664190083289,2.331802624417179
2021-05-13,121.9269790649414,123.0782463378904,121.23426847309511,121.5464761686261,105861300,0.017919825343821305,0.01429871592274757,127.56962203979492,123.62246597290039,0.3805028963153063,1.843977864795292
2021-05-14,124.3465805053711,124.7758688561986,122.78554210729591,123.17580356771927,81918000,0.019844676370936343,0.0152228291190475,127.25338783264161,123.7692756652832,1.170776937651823,1.9903267489026888
2021-05-17,123.1953353881836,123.83926802992457,122.12212176223487,123.73194592296774,74244600,-0.009258357668611383,0.015191595870502733,126.84647598266602,123.86793151855468,-0.5366105347841454,1.7171462676896994
2021-05-18,121.80989074707031,123.89778097564653,121.7415955505699,123.47825121325309,63342900,-0.011245918011000944,0.015142159622976825,126.454541015625,124.03744689941406,-1.6683604661827758,2.156185425076629
2021-05-19,121.65380096435547,121.87819629608094,119.86835967667767,120.16105765432343,92612000,-0.0012814212520636525,0.01508448784104551,126.03581275939942,124.11170028686523,1.49274331003204,2.0098366194032735
2021-05-20,124.21000671386719,124.61002681126666,122.05382097524402,122.18066024691666,76857100,0.021012132208353185,0.01586954427518132,125.82086448669433,124.25870071411133,2.0293464669505283,2.5562058360226416
2021-05-21,122.37576293945312,124.88318279629019,122.16111877804317,124.7075655227382,79295400,-0.014767278602918599,0.015424257226270088,125.3982982635498,124.3304460144043,-2.331802583285068,2.7220640182470106
2021-05-24,124.00511169433594,124.82466155300955,122.87336158160026,122.94165678285485,63092900,0.013314309269630176,0.01581117510020657,125.03772163391113,124.45289489746094,1.063454911481088,1.9512999714092842
2021-05-25,123.80998992919922,125.19541862484827,123.24411112700588,124.70758616767343,72009500,-0.0015734977572350317,0.015813127076248053,124.68345718383789,124.51378051757813,-0.8975962384742076,1.951307497842393
2021-05-26,123.76118469238281,124.28803651614747,123.34165494995638,123.86850677372105,56575900,-0.0003941946594480106,0.015800142823382872,124.3661979675293,124.5429116821289,-0.10732208133823917,0.9463815661910928
2021-05-27,122.22942352294922,124.5319579811851,122.03429651202822,123.3611810284224,94625600,-0.012376749408474885,0.01595028048615387,123.97722206115722,124.55718612670898,-1.1317575054731748,2.4976614691568813
2021-05-28,121.57576751708984,122.73679359407036,121.51723088921521,122.5123907811842,71311100,-0.005347779503653172,0.015705369217414014,123.65393829345703,124.6407878112793,-0.9366232640943508,1.21956270485515
2021-06-01,121.25379943847656,122.29774480112377,120.92208196044844,122.03432253584378,67637100,-0.002648291556687221,0.015502924538371987,123.26195983886718,124.72846939086914,-0.7805230973672224,1.3756628406753322
2021-06-02,122.01480865478516,122.19042598424764,121.02940733622017,121.25380270832106,59278900,0.006276168003252813,0.013607240538905203,123.13643341064453,124.76513961791993,0.7610059464640955,1.161018648027465
2021-06-03,120.53179168701172,121.80989069682863,120.13177164794705,121.64403199734149,76229200,-0.012154401454411268,0.013813987427390689,122.9245819091797,124.78870697021485,-1.1122403103297671,1.6781190488815838
2021-06-04,122.82456970214844,123.08799935298282,120.83424294183042,121.04888711847525,75169300,0.01902218479494966,0.014220145964702948,122.74750022888183,124.90585571289063,1.7756825836731878,2.253756411152395
2021-06-07,122.8343276977539,123.24409888195902,121.79038257021139,123.09774990370911,71057600,7.944660933167924e-05,0.014139136427894288,122.53724670410156,125.01346008300781,-0.2634222059552087,1.4537163117476268
2021-06-08,123.65388488769531,125.33201160333881,123.13679155370112,123.51729447658813,74403800,0.006672053368973696,0.013033039919953205,122.5318817138672,125.12537796020507,0.1365904111071785,2.1952200496376975
2021-06-09,124.03437805175781,124.63928371308171,123.43923097435068,124.1124318358548,56877900,0.003077082166953904,0.012928181763220612,122.59139633178711,125.24139907836914,-0.07805378409699415,1.2000527387310314
2021-06-10,123.03922271728516,125.06857651400928,122.87336400291547,123.9270603510902,71186400,-0.008023221868838637,0.011663609749370557,122.75433082580567,125.36654174804687,-0.8878376338050487,2.195212511093814
2021-06-11,124.24905395507812,124.33686634550904,123.0294911807966,123.44902107289427,53522400,0.009832890773155079,0.011191664746616096,122.8704345703125,125.47205169677734,0.8000328821838565,1.3073751647124396
2021-06-14,127.30278015136719,127.36131675668122,123.97581824545021,124.70755558634418,96906500,0.02457746034342545,0.011651610156670215,123.0182445526123,125.62207870483398,2.5952245650230026,3.385498511231006
2021-06-15,126.48326110839844,127.4198916269695,126.23934861668313,126.77595907590421,62746300,-0.006437558095701568,0.011534328597294537,123.18264083862304,125.69922317504883,-0.2926979675057737,1.180543010286371
2021-06-16,126.98082733154297,127.70281361013316,125.33199152138447,127.19547149849583,91815000,0.0039338503671098035,0.011152862981683937,123.44118766784668,125.78028045654297,-0.2146441669528656,2.370822088748696
2021-06-17,128.5808868408203,129.32239025268845,126.49299676283543,126.63935317228925,96721700,0.012600796064272224,0.011358827998711114,123.78754196166992,125.86041732788085,1.941533668531065,2.829393489853018
2021-06-18,127.2833251953125,128.30774594363172,127.06868097120527,127.527237732958,108953300,-0.01009140376449702,0.010857139941916283,123.94120788574219,125.86668273925781,-0.24391253764549958,1.2390649724264478
2021-06-21,129.0784912109375,129.18581330080102,126.063736441913,127.1271913132279,79663300,0.014103701430414173,0.010525680346321944,124.2763442993164,125.85742401123046,1.9512998977096032,3.122076858888022
2021-06-22,130.71762084960938,130.81519183288202,128.41508558444835,128.91267675700027,74783600,0.012698704666397553,0.010493927656002114,124.61196975708008,125.91523239135742,1.8049440926091052,2.400106248433673
2021-06-23,130.44439697265625,131.04931007255976,129.98584029942936,130.51269961588608,60214200,-0.0020901839796141353,0.010505609129210343,124.94369010925293,125.90543594360352,-0.06830264322982771,1.0634697731304072
2021-06-24,130.16148376464844,131.36152922245495,129.69316099657445,131.1761533209972,68711000,-0.002168841395825627,0.010540249661174061,125.26370506286621,125.93673263549805,-1.014669556348764,1.6683682258804993
2021-06-25,129.86878967285156,130.62979558487248,129.57609165578822,130.2102731739654,70783700,-0.002248699717699254,0.010014170032056275,125.64567337036132,125.91405990600586,-0.34148350111382797,1.0537039290842642
2021-06-28,131.49810791015625,131.9566646084623,130.1029355337376,130.1614721527149,62111300,0.012545879894692469,0.010020610987638364,126.14179039001465,125.93059677124023,1.3366357574413428,1.853729074724697
2021-06-29,133.01034545898438,133.16645300747723,131.0785629298999,131.51760238370522,64556100,0.011500070783233785,0.010027616130690217,126.72961769104003,125.96413223266602,1.4927430752791508,2.0878900775773275
2021-06-30,133.62503051757812,134.0640700400228,132.56156070353867,132.8542586809143,63261400,0.004621332697638092,0.01002062326921145,127.31012878417968,126.04366104125977,0.7707718366638119,1.5025093364841382
2021-07-01,133.927490234375,133.98602685703514,132.45424909031448,133.27380646927242,52485800,0.002263495960489914,0.009239864090093646,127.97991371154785,126.12164352416993,0.6536837651025849,1.5317777667206656
2021-07-02,136.55198669433594,136.59100614570704,134.39579354693674,134.54213509862615,78852600,0.019596398434466478,0.009285449605842214,128.66628456115723,126.28250381469726,2.00985159570979,2.195212598770297
2021-07-06,138.5618133544922,139.66428770082487,136.65929888430668,136.65929888430668,108181800,0.014718399261778092,0.009423882923635902,129.45265884399413,126.43719833374024,1.9025144701855083,3.0049888165181926
2021-07-07,141.04971313476562,141.36191336128311,139.1862182535438,140.04478004189397,104911600,0.017955161815820686,0.009791490872094794,130.32245025634765,126.63385971069336,1.0049330928716529,2.175695107739301
2021-07-08,139.75209045410156,140.5521155930635,137.2446631833098,138.13250812343543,105575500,-0.009199754127994897,0.010393477012796986,131.10833587646485,126.8109959411621,1.6195823306661339,3.3074524097536937
2021-07-09,141.5765380859375,142.1033824089943,139.1764331121068,139.2740040435633,99890800,0.01305488616240158,0.009952302231804159,132.03520164489746,127.04039932250977,2.302534042374191,2.9269492968875
2021-07-12,140.98141479492188,142.75710481226085,140.49358983023356,142.64978272453996,76299700,-0.0042035445919321734,0.010239348250185725,132.87181968688964,127.2598487854004,-1.6683679296180856,2.2635149820272886
2021-07-13,142.09365844726562,143.86934850619764,140.1326074026889,140.5228614286861,100827100,0.007889292740902665,0.009317396445984673,133.61136360168456,127.54089309692382,1.5707970185795261,3.7367411035087343
2021-07-14,145.51820373535156,145.92798987044893,144.08399692422722,144.49378305932458,127050800,0.02410062015087644,0.009741745177910106,134.56311073303223,127.86938980102539,1.0244206760269776,1.8439929462217037
2021-07-15,144.864501953125,146.34749406137325,143.50834910364574,145.6060054508676,106820300,-0.004492233723661254,0.010061866676652051,135.45729446411133,128.27617309570311,-0.7415034977425989,2.8391449577275125
2021-07-16,142.82537841796875,146.11331359035626,142.32780236268064,144.84498071759424,93251400,-0.014076074591524601,0.010960619738654262,136.16951904296874,128.63730422973632,-2.0196022996254896,3.785511227675613
2021-07-19,138.9813690185547,140.56193247731903,138.22036304802546,140.24971726518362,121434600,-0.026914050163863945,0.012711517680102601,136.75442123413086,128.88960754394532,-1.268348246628932,2.341569429293571
2021-07-20,142.5912322998047,143.5181116494979,139.47892150687957,139.9667464752501,96350000,0.025973720842885628,0.01344056257918555,137.43005828857423,129.20064422607422,2.624485824554597,4.039190142618338
2021-07-21,141.85948181152344,142.57171691870616,141.108242148076,141.98632105555998,74993500,-0.005131805627029751,0.01349957350056648,137.9871513366699,129.56261016845704,-0.126839244036546,1.463474770630171
2021-07-22,143.2254638671875,144.59136830224742,142.2595647320254,142.38640403215305,77338200,0.009629120579186523,0.013467175626533184,138.62620468139647,129.9702377319336,0.8390598350344476,2.3318035702220072
2021-07-23,144.9425506591797,145.09865822031367,143.34248537564744,143.95714959308972,71447400,0.01198869771917388,0.013455292272565856,139.36525802612306,130.4734780883789,0.9854010660899633,1.7561728446662244
2021-07-26,145.36209106445312,146.18163344756866,144.10349429509156,144.6596219111436,72434100,0.002894528924497486,0.013348560129947364,140.13992309570312,130.94218032836915,0.7024691533095222,2.0781391524770925
2021-07-27,143.19613647460938,145.57672455410125,142.00584243486344,145.48890475095865,104818600,-0.014900408861643122,0.014006207245383555,140.72482452392578,131.31917144775392,-2.2927682763492783,3.570882119237808
2021-07-28,141.44973754882812,143.391286472983,139.06914908747908,141.28387882976534,118931200,-0.012195852267919971,0.014368284827698558,141.14679412841798,131.6842594909668,0.1658587190627827,4.322137385503936
2021-07-29,142.09365844726562,142.98150347673163,141.05947187985987,141.16679397009463,56699500,0.004552294755691744,0.014367928264690657,141.57022552490236,132.0899348449707,0.9268644771709944,1.9220315968717614
2021-07-30,142.30833435058594,142.76689112133272,140.6009465535791,140.86437626783024,70440600,0.0015108056592123553,0.014371427214780385,141.9892677307129,132.5030255126953,1.4439580827556995,2.165944567753627
2021-08-02,141.9766082763672,143.3717807887823,141.7131785780533,142.7961507964113,62880000,-0.0023310375722725984,0.013877641753144683,142.26049880981446,132.85835754394532,-0.8195425200441093,1.6586022107290148
2021-08-03,143.7717742919922,144.43520909857267,141.64484970305608,142.2595139229218,64786600,0.012644097062317394,0.013785355549144954,142.52099685668946,133.2862777709961,1.5122603690703897,2.790359395516589
2021-08-04,143.37176513671875,144.19130756729243,142.71808142038705,143.68398028393023,56368300,-0.0027822509476793655,0.013288083077933794,142.6370994567871,133.67361083984375,-0.31221514721147514,1.4732261469053753
2021-08-05,143.47906494140625,144.24007063545545,142.6107371680816,143.40101116673,46397700,0.0007484026201753924,0.0130745806981108,142.82344818115234,134.0669923400879,0.07805377467624908,1.62933346737384
2021-08-06,142.79510498046875,143.74290453377364,142.29678337483543,143.0003050001657,54126800,-0.004766966952403973,0.012843573118090383,142.8843765258789,134.44767074584962,-0.2052000196969459,1.4461211589382117
2021-08-09,142.7462615966797,143.34230040071924,142.18931561461758,142.853744492803,48908700,-0.00034205222788097345,0.012797979204376357,142.9726188659668,134.85800750732423,-0.10748289612331519,1.152984786101655
2021-08-10,142.26751708984375,144.32922406312062,141.97438049984515,143.08828761420278,69023100,-0.003353814674240674,0.012712205029660688,142.9813117980957,135.2718424987793,-0.820770524359034,2.354843563275466
2021-08-11,142.52151489257812,143.36183156118472,142.19906623850963,142.70716850336376,48493500,0.0017853534519336467,0.01141098622376881,142.83147735595702,135.69719680786133,-0.1856536107856357,1.1627653226750851
2021-08-12,145.4821319580078,145.63847337771486,142.50193887407255,142.84393386598944,72282600,0.020773123746693045,0.012360473843253929,142.86235885620118,136.16654327392578,2.6381980920183707,3.1365345036423093
2021-08-13,145.6873779296875,146.01959236929383,144.87637333214747,145.56034862237908,59375000,0.0014107984871911672,0.01188955916308251,143.0054588317871,136.6696549987793,0.127029307308419,1.1432190371463662
2021-08-16,147.66110229492188,147.72950726446174,143.11753925492116,145.1401525423691,103296000,0.013547668942102575,0.010201746756448906,143.43944549560547,137.16638565063477,2.520949752552781,4.61196800954059
2021-08-17,146.75241088867188,148.20829780218608,145.67758203815535,146.79148879708086,92229700,-0.006153898299059657,0.008847078552037611,143.64750442504882,137.64474731445313,-0.039077908408984285,2.530715764030731
2021-08-18,143.0100555419922,147.27026274921596,142.80485554411644,146.37132185900873,86326000,-0.02550115070694603,0.010638849100996255,143.70503311157228,138.03187072753906,-3.3612663170165433,4.465407205099524
2021-08-19,143.34228515625,144.61253336364982,141.1926423719419,141.71051038649435,86960300,0.0023231206574858554,0.01043076315064781,143.71087417602538,138.4180288696289,1.6317747697556513,3.4198909917079163
2021-08-20,144.7981719970703,145.10107421090675,143.42044104748524,144.0653382889344,60549600,0.010156715718835585,0.01032833852112775,143.70365524291992,138.8532078552246,0.7328337081358995,1.6806331634215042
2021-08-23,146.2834014892578,146.75241093803115,144.50505101044897,144.91543614181833,60131800,0.01025723924344546,0.01056539734187636,143.74972076416014,139.2938948059082,1.3679653474394797,2.247359927582181
2021-08-24,146.19546508789062,147.40708910674365,145.7362213417673,146.02935786837372,48606400,-0.0006011372477802146,0.009943219142128023,143.89968719482422,139.67174850463869,0.16610721951690266,1.6708677649763501
2021-08-25,144.9642791748047,146.87942449217206,144.4170990582826,146.38108802855803,58991300,-0.008421505498448667,0.009711013428222035,144.07541427612304,140.0413688659668,-1.4168088537533379,2.4623254338894753
2021-08-26,144.16307067871094,145.70690913613237,144.13375851701343,144.95454377317253,48597200,-0.005526937399023768,0.00979305192939228,144.17888488769532,140.38501373291015,-0.791473094461594,1.573150619118934
2021-08-27,145.19882202148438,145.34538283026907,143.46932993010927,144.10444664756716,55802400,0.007184581584570804,0.009897302195715291,144.32340927124022,140.71737243652345,1.0943753739172166,1.8760529001598059
2021-08-30,149.61534118652344,149.97688265994054,145.2085727146907,145.58964568755835,90956700,0.030417045424690592,0.011828556953992205,144.70534591674806,141.16401275634766,4.025695498965092,4.768309945249854
2021-08-31,148.35491943359375,149.30271928350763,147.82727059470037,149.1659241974142,86453100,-0.008424415189872358,0.011833558875321476,144.93450317382812,141.54954132080078,-0.8110047638204492,1.475448688807262
2021-09-01,149.01931762695312,151.43278500420377,148.85321040744938,149.33200056452,80313700,0.004478437222681819,0.01180219565347617,145.21688079833984,141.91557525634767,-0.31268293756687626,2.5795745967543837
2021-09-02,150.1332550048828,151.17877201656754,148.91186498723962,150.3482208407517,71115500,0.007475120646561084,0.011860369553716919,145.54959030151366,142.3093524169922,-0.21496583586889528,2.2669070293279105
2021-09-03,150.76834106445312,151.09078972052774,149.5860293255129,150.24069238740682,57808700,0.004230149140173278,0.011746868820410488,145.9482521057129,142.72148956298827,0.5276486770463009,1.5047603950148414
2021-09-07,153.10365295410156,153.660598936694,150.85629279363835,151.42301943650597,82278300,0.015489404958366482,0.012054390873001156,146.46612167358398,143.18618682861327,1.680633517595595,2.8043061430556406
2021-09-08,151.559814453125,153.4456331023822,150.45567332943037,153.38700877891932,74420200,-0.010083616368313453,0.01234839464051088,146.93073654174805,143.58742095947267,-1.8271943257943235,2.989959772951835
2021-09-09,150.54359436035156,152.5368955037672,150.42633082753412,151.9310910707807,57305700,-0.006705076120872011,0.012545437406825144,147.33184051513672,143.9380859375,-1.387496710429133,2.110564676233082
2021-09-10,145.56033325195312,151.9213251437336,145.2965089144569,151.45231569560596,140893200,-0.0331017811124541,0.014166130798725675,147.33575057983398,144.1767919921875,-5.891982443652836,6.624816229276718
2021-09-13,146.12704467773438,147.9542386226374,145.3453524055779,147.18232700871462,102404300,0.0038933094828816905,0.01418887060666852,147.35773391723632,144.42078308105468,-1.0552823309802477,2.6088862170595064
2021-09-14,144.7297821044922,147.61227358439965,143.5474852815467,146.9087519585389,109296300,-0.009561971066503694,0.01398824080907791,147.21116790771484,144.58433898925782,-2.1789698540466986,4.064788302852946
2021-09-15,145.6189727783203,146.01959220126037,143.01985176888803,145.15972903193406,83281300,0.006143798884366003,0.014015806140433112,147.15449600219728,144.72548217773436,0.45924374638624954,2.9997404323723345
2021-09-16,145.38442993164062,145.56031777444971,143.85037245648,145.04244981377065,68034100,-0.0016106613184034835,0.012711796855970363,147.2732147216797,144.8121765136719,0.34198011786997995,1.7099453179697264
2021-09-17,142.71690368652344,145.4137409758473,142.42376725383107,145.4137409758473,129868800,-0.018348087524719503,0.013411167581677045,147.24194564819337,144.8714727783203,-2.6968372893238666,2.989973722016231
2021-09-20,139.66835021972656,141.52485650500037,138.0365754530921,140.50866688674913,123478900,-0.021360843656564987,0.013978189975690645,146.98545455932617,144.8333090209961,-0.840316667022563,3.488281051908274
2021-09-21,140.14715576171875,141.2903898304163,139.51203897648207,140.63571172252995,75834000,0.0034281606479844573,0.013752082928856246,146.67864227294922,144.81662384033203,-0.48855596081119756,1.7783508539342279
2021-09-22,142.51174926757812,143.0784609405733,140.4109501394529,141.14378392401113,76404300,0.016872219011563105,0.014389271770647086,146.49445648193358,144.82498565673828,1.3679653435669934,2.6675108011204145
2021-09-23,143.46929931640625,143.71357721861844,142.30653411634987,143.29341147385273,64838200,0.006719095469316372,0.014386331548151497,146.41970748901366,144.78400756835939,0.17588784255352152,1.4070431022685739
2021-09-24,143.55726623535156,144.09468071612673,142.22839356904527,142.32611071447462,53477900,0.0006131410647745028,0.014337034936776058,146.3894172668457,144.75786285400392,1.2311555208769391,1.866287147081465
2021-09-27,142.042724609375,142.61923184992318,140.52821338546616,142.14044174425882,74150700,-0.010550086844741013,0.01441020693440888,146.23161239624022,144.74220977783204,-0.09771713488382261,2.091018464457022
2021-09-28,138.66192626953125,141.43691994614318,138.44696050068399,139.97125238193445,108972300,-0.023801277743306648,0.013241453552084483,145.68394165039064,144.73582092285156,-1.3093261124031983,2.989959445459192
2021-09-29,139.56085205078125,141.1437680766469,138.77915978644447,139.2090912773067,74602000,0.0064828594657098115,0.013380957615277297,145.24423828125,144.67521331787108,0.3517607734745525,2.364608290202426
2021-09-30,138.26132202148438,141.07540882378817,138.04635622911155,140.37188712321222,89056700,-0.009311565601677674,0.01333242900332285,144.70633850097656,144.6032501220703,-2.1105651017278433,3.029052594676614
2021-10-01,139.38497924804688,139.64880358400276,135.9260103602956,138.65214546670163,94639600,0.00812705397383584,0.013361836380071426,144.16892471313477,144.5264404296875,0.7328337813452492,3.722793223707157
2021-10-04,135.955322265625,138.95506236159227,135.1052398519007,138.51535016597074,98322000,-0.024605642594518917,0.014010012972027544,143.42827377319335,144.3466958618164,-2.5600279003457445,3.8498225096915633
2021-10-05,137.88023376464844,138.9843747661612,136.17028827499877,136.29731756814027,80861100,0.014158412241211282,0.01391004943119236,142.6671028137207,144.1970587158203,1.5829161965081653,2.814086491162442
2021-10-06,138.74986267089844,138.89642346342436,135.20294239635672,136.2777712400183,83221100,0.0063071325200565465,0.01408459605878558,142.02660522460937,144.10813323974608,2.472091430880141,3.693481067067637
2021-10-07,140.01036071777344,140.9190825580318,139.45341467529775,139.78562915042673,61732700,0.00908467959975412,0.014382692373516484,141.49994354248048,144.079345703125,0.22473156734670852,1.4656678827340386
2021-10-08,139.6292724609375,140.87997439192273,139.2970580219821,140.73341358342566,58773200,-0.002721857545986306,0.012586229382562465,141.2033905029297,144.03005798339845,-1.1041411224881585,1.5829163699406195
2021-10-11,139.54135131835938,141.49557516408288,138.56423939549762,139.0137174402137,64452200,-0.000629675576106159,0.012515159224721042,140.87410583496094,143.97471832275392,0.5276338781456786,2.9313357685852566
2021-10-12,138.2710723876953,139.97125212650982,137.81182869231796,139.95170571768443,73035900,-0.009103243724263188,0.012501424246901713,140.5511703491211,143.90060760498048,-1.6806333299891207,2.159423434191865
2021-10-13,137.68478393554688,138.1635590245904,136.013916723793,138.0072325170972,78762700,-0.004240138172245889,0.012351151572966387,140.15446090698242,143.77886779785158,-0.32244858155033285,2.14964230079741
2021-10-14,140.46957397460938,140.58683751822448,138.27107262847971,138.8573456179309,69907100,0.020225837303605942,0.01337732642447023,139.90871810913086,143.72082397460937,1.6122283566784859,2.31576488974477
2021-10-15,141.5248565673828,141.58348088448486,140.22529620330172,140.47935479013262,67940300,0.007512535013199262,0.012918563735750916,139.84911575317383,143.6817398071289,1.0455017772501947,1.3581846811831326
2021-10-18,143.19570922851562,143.4790650348245,139.883301471598,140.16665727790686,85589200,0.011806072103929477,0.012186107143487036,140.02548370361328,143.68975189208984,3.0290519506087605,3.595763563226484
2021-10-19,145.3551483154297,145.75576773810008,143.19573955238386,143.64520263819782,76378900,0.015080333751257724,0.012564920588508758,140.28588333129883,143.74192962646484,1.7099456772318717,2.56002818571622
2021-10-20,145.8437042236328,146.32249438069462,144.72979735027167,145.29652399244392,58418800,0.003361118707284616,0.01207115388117584,140.45248107910157,143.81345336914063,0.5471802311888894,1.5926970304229542
2021-10-21,146.05868530273438,146.2150267878781,144.48553451864436,145.40402210693284,61421000,0.001474051144312094,0.01200230577704947,140.58195037841796,143.88419677734376,0.6546631958015325,1.729492269233731
2021-10-22,145.2867431640625,146.74263007605518,145.23788459644618,146.26385487822307,58883400,-0.005285150534334093,0.012083557273773679,140.6684242248535,143.88028900146483,-0.9771117141605714,1.5047454796089994
2021-10-25,145.23788452148438,145.95117189778182,144.24122639888336,145.27696242983234,50720600,-0.00033629112687150187,0.011796899963475025,140.82818222045898,143.8712991333008,-0.039077908347962875,1.7099454988984633
2021-10-26,145.90234375,147.38754297777294,145.5994265625498,145.91210950073977,60893400,0.0045749718174759035,0.010237734688430424,141.19020309448243,143.83612396240235,-0.009765750739774148,1.7881164152231293
2021-10-27,145.44309997558594,146.30294823636,145.0913391249601,145.94142163499626,56094900,-0.0031476106730743414,0.010271824181379171,141.48431549072265,143.80993774414063,-0.4983216594103226,1.2116091113999232
2021-10-28,149.07794189453125,149.66419997930225,146.29316753585874,146.3908846714247,100077900,0.024991504715971002,0.011094151342094544,142.025146484375,143.93129547119142,2.6870572231065637,3.371032443443511
2021-10-29,146.371337890625,146.50813293434493,143.05892977311782,143.85038787675046,124953200,-0.018155630333433925,0.012072102649059066,142.3744644165039,143.9918765258789,2.5209500138745398,3.4492031612271035
2021-11-01,145.55056762695312,146.2736207539483,144.4171144592604,145.57987978563986,74588300,-0.005607452083858044,0.010466181953248381,142.8542266845703,144.00692443847657,-0.029312158686735756,1.8565062946879038
2021-11-02,146.58631896972656,148.10084526807523,145.24766564186768,145.25744630214584,69122000,0.007116092775591776,0.01020272140713009,143.2895309448242,144.01298278808594,1.3288726675807254,2.853179626207549
2021-11-03,148.0226287841797,148.4916381367387,146.39085434317073,146.94780015379607,54511500,0.009798389266802987,0.010289700918821563,143.75316925048827,144.04952606201172,1.074828630383621,2.100783793567956
2021-11-04,147.50479125976562,148.94113176601576,147.192108353955,148.11059575284676,60394600,-0.003498367301455474,0.010301420645125835,144.12789077758788,144.10033630371095,-0.6058044930811377,1.749023412060751
2021-11-05,148.03318786621094,148.93344079375584,146.83937063089465,148.6300964838691,65463900,0.0035822335120949678,0.010224211100467187,144.54808654785157,144.17773864746093,-0.5969086176581584,2.094070162861186
2021-11-08,147.21124267578125,148.3169952703634,146.93725326087116,148.16042562432813,55020900,-0.005552438627293155,0.010373744293572802,144.93158111572265,144.21798706054688,-0.949182948546877,1.3797420094922472
2021-11-09,147.5732879638672,148.17997664131613,146.83938459031998,146.97637928946335,56787900,0.0024593589559140927,0.009994849786813587,145.39669189453124,144.17714599609374,0.596908674403835,1.3405920509961504
2021-11-10,144.7452850341797,146.90785977516097,144.67679516407316,146.80022003816552,65187100,-0.019163379556738747,0.01108554276708313,145.74971694946288,144.10495330810548,-2.0549350039858325,2.2310646110878167
2021-11-11,144.6963653564453,146.22288178403127,144.5104408038777,145.76298280044355,41000000,-0.000337970785872721,0.01028576743985665,145.9610565185547,144.0184942626953,-1.0666174439982399,1.7124409801535592
2021-11-12,146.77090454101562,147.17209373098063,144.3147648635999,145.24437287945577,63804000,0.014337189323725408,0.010602875508800446,146.22335891723634,143.95124725341796,1.5265316615598579,2.857328867380744
2021-11-15,146.7806854248047,148.620341460146,146.22291165316477,147.14273967083543,59222800,6.664048177440485e-05,0.010345983654742805,146.4026077270508,143.871494140625,-0.36205424603073766,2.397429806981222
2021-11-16,147.75924682617188,148.2387358500832,146.13487006562903,146.72199887322225,59256200,0.006666826759495592,0.009917847031693867,146.5228126525879,143.76460601806642,1.0372479529496275,2.1038657844541717
2021-11-17,150.1957550048828,151.67334153749616,147.7494107865361,147.75919078814144,88807000,0.01648971709755198,0.010508481278465341,146.74041519165038,143.73732482910157,2.436564216741374,3.923930750960068
2021-11-18,154.48175048828125,155.26458367795593,149.76520627698585,150.41104477831504,137827700,0.028536062708690357,0.012120419062017244,147.16156845092775,143.81608795166017,4.070705709966205,5.499377400970076
2021-11-19,157.104248046875,157.5641620110988,153.1705218782956,154.2664794451428,117305600,0.016976099444139026,0.012351399141485945,147.75244369506837,144.0469662475586,2.8377686017321935,4.393640132803199
2021-11-22,157.56419372558594,162.14374442137012,157.54461878472307,158.210017461011,117467900,0.002927646352208768,0.01231273327502904,148.36875915527344,144.27570922851564,-0.6458237354250684,4.599125636647045
2021-11-23,157.94577026367188,158.3273993610191,155.64620074677185,157.6619859753906,96041900,0.002421721135136057,0.012318262074523426,148.97093048095704,144.54002899169922,0.2837842882812822,2.6811986142472506
2021-11-24,158.46441650390625,158.66012108108276,156.2137765381209,157.29995411244806,69463600,0.003283698191908213,0.012204023516132811,149.62199630737305,144.79693786621092,1.164462391458187,2.4463445429618673
2021-11-26,153.4445037841797,157.00638063396804,153.00416477836077,156.14527755829806,76959800,-0.031678485495214126,0.013655818862770704,149.84032440185547,144.9581393432617,-2.7007737741183746,4.002215855607261
2021-11-29,156.80087280273438,157.73048055072377,155.38198131594635,155.94953492440175,88748200,0.021873504334019245,0.013551251501799864,150.36180114746094,145.23981872558593,0.8513378783326289,2.348499234777421
2021-11-30,161.75230407714844,161.9675835913138,156.48776584559891,156.55627065978888,174048100,0.03157782980355783,0.014730529300246804,151.1718879699707,145.68149780273438,5.196033417359558,5.4798177457148824
2021-12-01,161.23365783691406,166.64497001692308,160.99880341826756,163.88548659020162,152052500,-0.003206422580459889,0.014847395251753236,151.90425491333008,146.1032278442383,-2.6518287532875604,5.646166598655526
2021-12-02,160.245361328125,160.6759203936693,154.41328379839803,155.3331118145511,136739200,-0.006129591811336987,0.014996015880105726,152.51539154052733,146.4579000854492,4.912249513573897,6.26263659527126
2021-12-03,158.3665771484375,161.41962568459428,156.29208148681235,160.4997976289517,118023100,-0.01172442162516285,0.015324078515692565,153.05848083496093,146.75584564208984,-2.133220480514211,5.12754419778193
2021-12-06,161.77186584472656,164.27692006238982,160.75417823673777,160.76395823883925,107497000,0.021502571802743953,0.015834083536372525,153.74541473388672,147.12013763427734,1.0079076058873113,3.522741825652048
2021-12-07,167.50608825683594,167.89751232351225,164.72704457429052,165.45116789916563,120405400,0.03544635145404862,0.017061481479271563,154.76015701293946,147.62940490722656,2.054920357670312,3.1704677492217286
2021-12-08,171.3224334716797,172.1835516828611,167.03643228768738,168.43574938085717,116998900,0.022783322412688545,0.01740270740819184,155.94761428833007,148.28261505126954,2.886684090822513,5.147119395173718
2021-12-09,170.8135528564453,172.95655298827864,170.18728927314578,171.15604705270513,108923700,-0.002970309287128492,0.01644051745700879,157.25102767944335,148.9076690673828,-0.34249419625982114,2.7692637151328654
2021-12-10,175.59860229492188,175.77474686026093,170.9407678198788,171.4496116481563,115402700,0.02801328910064882,0.01686053291173614,158.7961395263672,149.65441467285157,4.148990646765583,4.8339790403821326
2021-12-13,171.96826171875,178.2211185132973,171.76276218304858,177.23278564494396,153237000,-0.02067408583397856,0.018140164605449198,160.0560073852539,150.30608032226561,-5.264523926193959,6.4583563302487335
2021-12-14,170.5885009765625,173.92531854630914,168.51400556372403,171.48875398461132,139380400,-0.00802334528707438,0.018417023132118127,161.24639816284179,150.99874389648437,-0.9002530080488214,5.411312982585116
2021-12-15,175.45184326171875,175.6475478496639,168.6118581679586,171.35176719309973,131063300,0.02850920347687702,0.018990923327798795,162.63102798461915,151.75017608642577,4.100076068619018,7.035689681705321
2021-12-16,168.5629119873047,177.2523322197485,167.08532532021002,175.43225135839342,150185800,-0.0392639435776001,0.021700921159870136,163.54938583374025,152.3464370727539,-6.869339371088728,10.167006899538478
2021-12-17,167.4669647216797,169.74695967221308,166.0480878451819,166.28292736988075,195432700,-0.0065017105643472295,0.021195008207542047,164.19864654541016,152.89556915283202,1.1840373517989349,3.6988718270311836
2021-12-20,166.10679626464844,166.91898445345717,163.8659512088188,164.66834446331637,107499100,-0.008122010566631865,0.021145255873733376,164.64877395629884,153.42511962890626,1.4384518013320644,3.053033244638357
2021-12-21,169.27723693847656,169.48272148768493,165.49028600162353,167.87792030585337,91185900,0.019086760717345053,0.02144879514283998,165.23442611694335,154.0198373413086,1.3993166326231972,3.992435486061396
2021-12-22,171.8704071044922,172.08568665070675,168.45530424072862,169.32620242994054,92135300,0.015319071913715732,0.02159821474167416,165.93065795898437,154.69182403564454,2.5442046745516507,3.6303824099781252
2021-12-23,172.49659729003906,173.05437085788006,171.50827974455873,172.0758333125854,68356600,0.0036433857119229085,0.02159733776926706,166.63226699829102,155.38806030273437,0.42076397745367444,1.5460911133213244
2021-12-27,176.459716796875,176.54778161213417,173.26968906108772,173.2892490658333,74919600,0.022975059039409773,0.02019444360163516,167.78302764892578,156.1078631591797,3.170467731041697,3.2780925510464556
2021-12-28,175.44203186035156,177.43825729141835,174.69834852343934,176.29336988152778,79144300,-0.005767236596525338,0.020083311968830148,168.71508560180663,156.78620666503906,-0.8513380211762183,2.739908767979017
2021-12-29,175.53013610839844,176.75330850310786,174.31674371757737,175.48120622634931,62348900,0.0005021843802914816,0.019167141278294098,169.40397720336915,157.43289520263673,0.04892988204912285,2.436564785530493
2021-12-30,174.3754425048828,176.69458737092964,174.26780274374727,175.61818975957434,59773000,-0.006578321131150644,0.019251010704133317,170.0610664367676,158.01330108642577,-1.2427472546915226,2.4267846271823714
2021-12-31,173.75897216796875,175.38333364161016,173.45561289396153,174.26780109643352,64062300,-0.00353530478867059,0.01918708016598952,170.73674697875975,158.5716064453125,-0.5088289284647658,1.9277207476486353
2022-01-03,178.1036834716797,178.9550216250589,173.89598231281707,174.01340208653673,104487900,0.025004241504783975,0.019336680895887286,171.72360229492188,159.2125064086914,4.0902813851429585,5.059039312241822
2022-01-04,175.84323120117188,179.01369889567948,175.2756775127618,178.71035458130368,99310400,-0.012691777207781585,0.019411663440542574,172.42717056274415,159.8236361694336,-2.867123380131801,3.7380213829176796
2022-01-05,171.1658172607422,176.3031403228598,170.8918278919333,175.75516158524204,94537600,-0.026599908955713736,0.019137766977127667,172.61015701293945,160.34219482421875,-4.589344324499848,5.4113124309265
2022-01-06,168.30848693847656,171.53766438344002,167.95621276391145,168.99346035254746,96904000,-0.016693346650592966,0.01883392277354055,172.4594596862793,160.79031768798828,-0.6849734140708961,3.581451619528565
2022-01-07,168.47486877441406,170.40258963561612,167.35933616352636,169.1794172582698,86709100,0.0009885528588842174,0.018829813005074116,172.34252548217773,161.25095306396486,-0.7045484838557456,3.0432534720897593
2022-01-10,168.49441528320312,168.79775959259328,164.5606894006289,165.45116232460057,106765600,0.00011602032357260761,0.017597835646041123,171.9873161315918,161.63928253173827,3.043252958602551,4.237070191964392
2022-01-11,171.3224334716797,171.42027831211996,167.15386700004245,168.62167398838997,76138300,0.016784047018551185,0.017489263520312933,171.95502471923828,162.13830444335937,2.7007594832897155,4.2664113120775085
2022-01-12,171.7627410888672,173.37732250749067,171.0679876032979,172.3400748149154,74805200,0.0025700523175224976,0.01739499511778177,172.01373672485352,162.66254791259766,-0.5773337260482094,2.309334904192781
2022-01-13,168.49441528320312,172.82933029006384,168.10299122971512,172.0073621746904,84505800,-0.01902814187142654,0.016593851147634883,171.66586532592774,163.10070983886717,-3.5129468914872746,4.726339060348721
2022-01-14,169.35552978515625,170.0502832024392,167.4180143556812,167.66264878484014,80440800,0.005110641207340727,0.014115072384201541,171.70549621582032,163.52736785888672,1.692881000316106,2.632268846757995
2022-01-18,166.1557159423828,168.83689986985863,165.77408681023036,167.82900716362772,90956700,-0.01889406178134667,0.014690960123807004,171.63993377685546,163.90038635253907,-1.6732912212449094,3.0628130596282688
2022-01-19,162.66233825683594,167.40825267441707,162.37856885772902,166.35143003303915,94815000,-0.021024721693945536,0.015322692411789905,171.46771087646485,164.19296936035155,-3.689091776203213,5.029683816688049
2022-01-20,160.97923278808594,166.0382709410417,160.6563135530504,163.3962221186515,91420500,-0.010347235179248848,0.014699224342133992,171.0528106689453,164.46832916259766,-2.4169893305655705,5.381957387991292
2022-01-21,158.92434692382812,162.76021377251277,158.81670715554318,160.89120276470334,122848900,-0.012764912769604786,0.01425130622763729,170.4055076599121,164.69535034179688,-1.966855840875212,3.943506616969586
2022-01-24,158.15127563476562,158.81668910799385,151.37979580013618,156.58562410189697,162294600,-0.004864398086424249,0.014143639711701444,169.68824157714843,164.9634701538086,1.5656515328686567,7.436893307857673
2022-01-25,156.35079956054688,159.26683860327665,153.650040071103,155.56796617871674,115798400,-0.011384518189892834,0.012674830204227218,168.68279571533202,165.19655883789062,0.7828333818301303,5.616798532173647
2022-01-26,156.26268005371094,160.86180403234616,154.4328194222898,159.99090611922438,108275300,-0.0005636012548935199,0.012732164331218097,167.723828125,165.38639434814453,-3.7282260655134394,6.428984610056347
2022-01-27,155.80282592773438,160.3236668366123,154.88299779290693,158.96349957568594,121954600,-0.0029428275888938593,0.012667052179153024,166.7374626159668,165.56683715820313,-3.160673647951569,5.4406690437053555
2022-01-28,166.67431640625,166.69389133962514,159.3059292425837,162.15347733104576,179935700,0.06977723551406001,0.021124520790688852,166.35240631103517,165.94513854980468,4.520839075204236,7.387962097041452
2022-01-31,171.0288543701172,171.24413390438698,165.8719554140601,166.5080140130585,115541600,0.026126028639310572,0.022036222999373356,166.21590042114258,166.3618005371094,4.520840357058688,5.372178490326888
2022-02-01,170.86248779296875,171.08754730875657,168.61184784118433,170.2753591337895,86213900,-0.0009727398207813875,0.02119941475045298,165.85384063720704,166.68941528320312,0.5871286591792568,2.475699467572241
2022-02-02,172.0660858154297,172.105235689561,169.6099612749151,170.9994831805343,84914300,0.007044249665375979,0.021128140193992163,165.66498336791992,166.98865203857423,1.0666026348953892,2.4952744146459054
2022-02-03,169.18917846679688,172.45750604377838,168.4259201826274,170.73526997176376,89418100,-0.016719781443269355,0.020604082361689285,165.56615142822267,167.22115173339844,-1.5460915049668813,4.0315858611509725
2022-02-04,168.90505981445312,170.580497991328,167.22962163757825,168.20940619823992,82465400,-0.0016792956554222416,0.020249045589878,165.5959800720215,167.44033752441408,0.6956536162132068,3.3508763537497543
2022-02-07,168.1898193359375,170.43351937589156,167.49416572772904,169.36555780513737,77251200,-0.004234571061999759,0.02027426715142572,165.58172760009765,167.6348455810547,-1.175738469199871,2.9393536481625233
2022-02-08,171.29576110839844,171.8052533391249,167.9644841540523,168.258422554484,74829200,0.018466883338861484,0.02068584500353891,165.72179489135743,167.99187072753907,3.0373385539144238,3.8407691850726167
2022-02-09,172.7163848876953,173.0789003149091,171.36427769381476,172.49103867215615,71285000,0.0082933971635053,0.020430912575791278,165.7914924621582,168.31018096923827,0.22534621553916168,1.7146226210943496
2022-02-10,168.64051818847656,171.93259499604034,168.08204874852603,170.61968723864308,90865900,-0.023598610530604747,0.021124180097824456,165.63538131713867,168.44794525146483,-1.9791690501665187,3.850546247514302
2022-02-11,165.2308807373047,169.5811269216294,164.64300397443432,168.846288443205,98670700,-0.02021837627041201,0.021180105094766408,165.47220458984376,168.52788970947265,-3.61540770590031,4.938122947195069
2022-02-14,165.46603393554688,166.15188018995096,163.19292640629095,163.98654956855333,86185500,0.001423179475851466,0.02114223964923148,165.2777297973633,168.63230316162108,1.479484366993546,2.9589537836600073
2022-02-15,169.29693603515625,169.45370512365702,166.80829029407985,167.5137362420102,62527400,0.023152196305748163,0.021353854061712186,165.43479080200194,168.85091033935547,1.7831997931460535,2.645414829577163
2022-02-16,169.0618133544922,169.83583650795123,166.612352178537,168.37596721528965,61177400,-0.0013888182867954901,0.020722816210199353,165.75476455688477,168.99670928955078,0.685846139202539,3.2234843294142195
2022-02-17,165.46603393554688,168.4347801834387,165.06431864713625,167.57256492057238,69589300,-0.021269021948827738,0.02120717292530929,165.9791046142578,168.955908203125,-2.1065309850255005,3.3704615363024573
2022-02-18,163.91795349121094,167.0924457737123,162.83039207397334,166.3870146722984,82772700,-0.00935588052433134,0.02109919868868895,166.22878494262696,168.8078186035156,-2.4690611810874543,4.262053699738971
2022-02-22,160.99819946289062,163.32028399061443,158.87205389872815,161.64484588368407,91162800,-0.01781228941756441,0.021507667551974138,166.3711311340332,168.61151153564452,-0.646646420793445,4.448230091886273
2022-02-23,156.83409118652344,162.79116699621056,156.52055301215938,162.1934979328617,90009200,-0.02586431581383619,0.022183386670876454,166.39529571533203,168.23622131347656,-5.359406746338266,6.270613984051181
2022-02-24,159.45013427734375,159.55791116992768,148.9272434071185,149.49552020889521,141147500,0.01668032167642064,0.022477806589705124,166.55466842651367,167.98585876464844,9.954614068448535,10.630667762809168
2022-02-25,161.51748657226562,161.78201763247694,157.61793335879435,160.52789462372328,91974200,0.01296550990246259,0.022602924365216548,166.84040145874025,167.8044384765625,0.9895919485423406,4.16408427368259
2022-02-28,161.78201293945312,162.07595128148682,159.14639022474867,159.76365924798694,95056600,0.0016377568324104086,0.016037349767356962,166.59578628540038,167.53104187011718,2.0183536914661886,2.9295610567381516
2022-03-01,159.9008331298828,163.23210951924372,158.69570233786408,161.37050993245586,83474400,-0.011627867495222377,0.014805663644352162,166.03938522338868,167.35780029296876,-1.4696768025730478,4.536407181379644
2022-03-02,163.19290161132812,163.97673219026618,159.65587901852524,161.0667710705488,79724800,0.020588188422828724,0.01573622005314658,165.65590591430663,167.2723190307617,2.1261305407793145,4.320853171740936
2022-03-03,162.86956787109375,165.49539801856008,162.20332160924863,165.06429046074288,76678400,-0.001981297820198402,0.015586597254540946,165.19608001708986,167.20757446289062,-2.194722589649132,3.2920764093114485
2022-03-04,159.87142944335938,162.2033212553789,158.82306783943153,161.16475211398938,83737200,-0.01840821748914634,0.015671287198377726,164.73019256591797,167.0194583129883,-1.2933226706300047,3.3802534159473794
2022-03-07,156.07969665527344,161.68406601052743,155.8249430798264,160.05761991470098,96418800,-0.023717388411975793,0.016354769373011634,164.08892440795898,166.7036441040039,-3.9779232594275413,5.859122930701034
2022-03-08,154.2572784423828,159.58730866544224,152.65043241487155,155.60938587479396,131148300,-0.011676202939551628,0.01644923230501716,163.39229736328124,166.3388577270508,-1.3521074324111453,6.936876250570691
2022-03-09,159.65589904785156,160.10660654613918,156.1874681101056,158.2156144765831,91454900,0.03499750974463889,0.017990470778411156,162.8103042602539,166.0027813720703,1.4402845712684496,3.9191384360335633
2022-03-10,155.3154296875,157.14762175986647,152.82676890064815,156.961460328922,105342000,-0.027186401418532347,0.018522402970433373,161.94025650024415,165.60024932861327,-1.6460306414219872,4.32085285921832
2022-03-11,151.60203552246094,156.0600575177212,151.37668929729986,155.7171269987306,96970100,-0.023908726727991825,0.018538797378627347,161.08833236694335,165.12168731689454,-4.115091476269669,4.683368220421329
2022-03-14,147.57513427734375,151.0043799732345,147.06565710961667,148.38835719355112,108732100,-0.026562316470484126,0.01886167257279019,160.2055450439453,164.58568115234374,-0.8132229162073656,3.9387228636178406
2022-03-15,151.9547882080078,152.4250955746164,147.34001116939965,147.8494883910694,92964300,0.029677451774722474,0.020400155632169473,159.52998275756835,164.14959747314452,4.1052998169384125,5.085084405216747
2022-03-16,156.3638153076172,156.76553056777536,151.3375306500096,153.8751690879972,102300200,0.029015387745294108,0.020848876337921637,158.8833267211914,163.7148001098633,2.4886462196199943,5.42799991776576
2022-03-17,157.37298583984375,157.7453087439647,154.44343967423552,155.40362432397723,75615400,0.0064539902038154295,0.020969228338994433,158.29888534545898,163.34539520263672,1.9693615158665239,3.301869069729179
2022-03-18,160.66510009765625,161.1549924756406,156.530407231442,157.26524579841853,123511700,0.020919182795215097,0.021194418980010333,158.05883865356446,163.135380859375,3.3998542992377168,4.624585244198585
2022-03-21,162.03677368164062,162.9871658912754,159.71467413165345,160.2045664067095,95811400,0.008537470696191152,0.02121226250169733,157.96477966308595,163.00994659423827,1.832207274931136,3.2724917596219427
2022-03-22,165.40724182128906,165.99510360566663,161.57628048257416,162.1641422669517,81532000,0.020800637182955217,0.021297594104389788,158.18523178100585,162.9485940551758,3.2430995543373626,4.418823123092466
2022-03-23,166.7691192626953,169.14998832074127,164.26085849061369,164.59399656875675,98062700,0.008233481354326999,0.020328865118546025,158.68198318481444,162.91408813476562,2.1751226939385617,4.889129830127587
2022-03-24,170.55111694335938,170.61969409297694,166.769147690774,167.60195565228418,90131400,0.022678045536156155,0.020579762900362456,159.23703231811524,162.8986618041992,2.9491612910751996,3.8505464022029514
2022-03-25,171.18792724609375,171.73660410420254,169.2577508307534,170.36491195893058,80546200,0.003733838359709196,0.020461169438397413,159.72055435180664,162.88716552734374,0.8230152871631731,2.478853273449147
2022-03-28,172.05020141601562,172.17756326235886,168.5229704725063,168.68953207951532,90371900,0.005037003390328421,0.020462412527049955,160.23396377563478,162.95828125,3.360669336500308,3.6545927898525576
2022-03-29,175.3422088623047,175.39118611815218,172.77516377216674,173.11809426503288,100589400,0.019133993562315155,0.020438965113810166,161.00603256225585,163.07801483154296,2.2241145972718073,2.616022345985442
2022-03-30,174.17630004882812,175.979099995584,173.12792342578476,174.94053078604693,92633200,-0.006649333443678351,0.020239352887031957,161.55520248413086,163.23842651367187,-0.76423073721881,2.851176569799236
2022-03-31,171.08016967773438,174.4310308254092,170.8744083575564,174.2448693810398,103049300,-0.017775841892529565,0.020764041574310492,161.9657325744629,163.40678314208984,-3.1646997033054163,3.5566224678528044
2022-04-01,170.7862091064453,171.34469336684182,168.4641249613338,170.51187068214196,78751300,-0.001718262098072465,0.020200197720246175,162.5114715576172,163.60292266845704,0.27433842430335176,2.880568405508029
2022-04-04,174.832763671875,174.88175589117134,170.91362533338986,171.04100211349504,76468400,0.023693684558028894,0.0196112325990471,163.44912490844726,163.92109100341796,3.79176155837996,3.9681305577814783
2022-04-05,171.5210723876953,174.6955795536943,170.8940109049415,173.9117489626708,73401800,-0.018942051905071144,0.02001652294463722,164.31231460571288,164.18848693847656,-2.390676574975487,3.8015686487528058
2022-04-06,168.35638427734375,170.11999949152553,166.69075350018778,168.87566890286308,89058800,-0.01845072483687782,0.01943161148938913,164.7473388671875,164.4285986328125,-0.5192846255193331,3.4292459913377513
2022-04-07,168.6601104736328,169.85544881098227,166.41641045043957,167.69992580849703,77594700,0.0018040669950996069,0.018110566032726698,165.41457290649413,164.67654724121093,0.9601846651357846,3.439038360542696
2022-04-08,166.65155029296875,168.30738857225097,165.77954264267717,168.30738857225097,76575500,-0.011908922477422812,0.01730835423454045,166.16704864501952,164.89352172851562,-1.6558382792822215,2.5278459295738003
2022-04-11,162.3992462158203,165.61293749392965,162.1543001430966,165.29941429501065,72246700,-0.025516138731821014,0.017209610336233024,166.90825424194335,164.80802032470703,-2.900168079190337,3.458637350833044
2022-04-12,164.27066040039062,166.435975608999,163.27127610008927,164.6233833916544,79265200,0.011523539845026631,0.01629027508502365,167.5240478515625,164.6728564453125,-0.35272299126376083,3.1646995089097345
2022-04-13,166.9552764892578,167.58233798502656,163.39866884231074,164.00613046155772,70618900,0.016342638924831343,0.015494300470154005,168.05362091064453,164.5947122192383,2.9491460277000954,4.183669142715814
2022-04-14,161.94857788085938,167.80770011623432,161.70363174912274,167.17083120352376,75329400,-0.029988262208176297,0.01716818798255504,168.28240051269532,164.39236206054687,-5.222253322664386,6.10406836711158
2022-04-18,161.73306274414062,163.23213209405864,160.26338573831293,160.6063014028095,69023900,-0.0013307627614815853,0.016558752400832967,168.33579864501954,164.24323974609376,1.1267613413311324,2.968746355745708
2022-04-19,164.0159149169922,164.4274375522312,160.59647667199232,161.6840380358106,67723800,0.014114938121607246,0.01674780187509939,168.43475570678712,164.14545684814453,2.3318768811815858,3.8309608802388766
2022-04-20,163.849365234375,165.4660187034269,162.74221886501599,165.34843439183405,67929800,-0.0010154483039129802,0.016069221647387038,168.35686187744142,164.05864776611327,-1.4990691574590471,2.723799838410912
2022-04-21,163.0557403564453,168.06243992326603,162.55605562621574,165.49540922825548,87227800,-0.004843624977090788,0.015967307229509516,168.17119293212892,163.8938473510742,-2.43966887181017,5.506384297050289
2022-04-22,158.51931762695312,164.47640880332085,158.23518671810965,163.09492410815207,84882400,-0.027821300369894497,0.01601803953686578,167.5696029663086,163.6099060058594,-4.575606481198946,6.241222085211206
2022-04-25,159.5873260498047,159.87145701566283,155.25667975939896,157.8628955248933,96046400,0.006737402348431232,0.016103566845481823,166.98957290649415,163.42884216308593,1.7244305249113836,4.614777256263864
2022-04-26,153.63021850585938,159.0582182667308,153.55183394880203,158.9700412464134,95623200,-0.03732819949678334,0.01765037480581012,166.06857376098634,163.19682891845704,-5.339822740554013,5.506384317928763
2022-04-27,153.40487670898438,156.55976925790796,152.23893068313222,152.75821530720194,88063200,-0.0014667804229309134,0.016713560491445314,164.97170715332032,162.95560577392578,0.6466614017824384,4.320838574775735
2022-04-28,160.33193969726562,161.19415486672693,155.717147988404,156.030686213781,130216800,0.045155428803102415,0.020319018311865496,164.27948913574218,162.77630584716798,4.301253483484629,5.477006878322925
2022-04-29,154.46299743652344,162.84015665375182,154.07108967503086,158.56829627206238,131747600,-0.03660494765936073,0.021401367669700973,163.44863052368163,162.4843295288086,-4.105298835538946,8.769066978720957
2022-05-02,154.76678466796875,155.0313157503038,150.17159242252777,153.5420538968097,123055300,0.001966731427506696,0.021445820404539503,162.6476593017578,162.27034454345704,1.2247307711590452,4.859723327776038
2022-05-03,156.25604248046875,157.46118829235783,153.15993453329665,154.95292717961667,88966500,0.009622593217885944,0.02068275057105486,161.7188232421875,162.11710632324218,1.3031153008520846,4.301253759061183
2022-05-04,162.66383361816406,163.1145261346623,156.04048055543203,156.44219580516028,108256500,0.04100827741427193,0.022847417672831802,161.27596130371094,162.15041900634765,6.221637813003781,7.0740455792302726
2022-05-05,153.600830078125,160.76305283929582,151.8176149978829,160.53770657596968,130525300,-0.055716156065235056,0.025581282615599263,160.53818359375,162.0857537841797,-6.936876497844679,8.945437841412911
2022-05-06,154.32691955566406,156.44636712680793,151.2851189689877,153.0807608024048,116124600,0.004727119489977838,0.02562608206665971,159.82152404785157,161.98328948974608,1.246158753259266,5.161248157820239
2022-05-09,149.2049560546875,152.90417564451926,148.64566602154656,152.0210648420898,131577900,-0.033189047741791544,0.026396819275551715,158.9491943359375,161.73703887939453,-2.8161087874022996,4.258509622972696
2022-05-10,151.6089324951172,153.79707304983472,150.05859659800515,152.59997843272657,115366700,0.016111907432542427,0.026350155237558744,158.40967864990233,161.5335772705078,-0.9910459376093854,3.7384764518295697
2022-05-11,143.74935913085938,152.5313135713574,143.07231197215032,150.61792919171955,142689800,-0.05184109692554517,0.028240894209034487,157.38361358642578,161.21054779052736,-6.868570060860179,9.459001599207085
2022-05-12,139.88330078125,143.45495579096956,136.19390367446763,140.08936442340104,182602000,-0.02689443885513243,0.028073359584450775,156.0300148010254,160.74435577392578,-0.20606364215103667,7.261052116501929
2022-05-13,144.347900390625,145.31931779066926,140.4230033804494,141.87521108197208,113990900,0.031916601799072186,0.028969683815130504,155.14998092651368,160.37392242431642,2.4726893086529174,4.896314410219873
2022-05-16,142.807373046875,144.7502078730768,141.47290744658727,142.81719487180055,86643800,-0.010672322490186015,0.028977039437022133,154.20369644165038,160.0326412963867,-0.009821824925552392,3.277300426489518
2022-05-17,146.43789672851562,146.95794432736452,143.92595034164182,146.06502676243824,78336300,0.02542252269040013,0.029491829520187824,153.32479553222657,159.83980529785157,0.3728699660773884,3.0319939857226927
2022-05-18,138.1759796142578,144.59317839270622,137.27324030149254,144.09275951105042,109742900,-0.056419255526284684,0.03160113187653844,152.0411262512207,159.51817932128907,-5.916779896792605,7.319938091213686
2022-05-19,134.77114868164062,139.00022255113117,134.03523053806913,137.25364468817165,136095600,-0.02464126501670094,0.03180625251544837,150.62689666748048,159.02048431396486,-2.482496006531022,4.964992013062044
2022-05-20,135.00662231445312,138.0582299092985,130.1201304167111,136.47845848613497,137426100,0.0017472109952014758,0.03157150988912528,149.45126190185547,158.61430816650392,-1.4718361716818436,7.938099492587384
2022-05-23,140.42295837402344,140.57013597581613,135.06546908443286,135.20283983686906,117726300,0.0401190398420217,0.033204938797611674,148.4930435180664,158.39072662353516,5.220118537154377,5.504666891383266
2022-05-24,137.72462463378906,139.30439614103204,134.7515166065387,138.16617251433556,104132700,-0.019215759100069896,0.03254156157753323,147.6977638244629,158.19371643066407,-0.4415478805464943,4.552879534493343
2022-05-25,137.881591796875,139.12773541661255,135.7425158289754,135.83082238994155,92482700,0.0011397174870022564,0.03256143018163565,146.9215995788574,157.91225250244142,2.0507694069334548,3.3852195876371525
2022-05-26,141.08042907714844,141.62991229122073,134.56510030460086,134.81040638033278,90601500,0.023199886501063194,0.031126625848163638,145.95902404785156,157.60658477783204,6.2700226968156585,7.064811986619873
2022-05-27,146.8303680419922,146.869610416665,142.5326018592053,142.6601657784012,90978500,0.040756460711495635,0.031908510140265585,145.577392578125,157.395732421875,4.170202263590994,4.337008557459711
2022-05-31,146.04539489746094,147.8312299883083,144.08294665114528,146.27108722583742,103718400,-0.005346122569867551,0.031902047889311544,145.1413230895996,157.1033383178711,-0.225692328376482,3.7482833371630306
2022-06-01,145.9178466796875,148.8909545900905,144.90717205322113,147.08549081541827,74286600,-0.000873346385642515,0.03177981811652651,144.62441329956056,156.78095977783204,-1.167644135730768,3.98378253686937
2022-06-02,148.3708953857422,148.429766433254,144.1025647736461,145.05435330119587,72348100,0.016811163006259955,0.030451774544392192,143.90976638793944,156.4402328491211,3.316542084546313,4.327201659607908
2022-06-03,142.65032958984375,145.1916957944632,141.74760543511636,144.1417790773301,88570300,-0.03855584871295559,0.02913546037117792,143.36224136352538,155.95785705566405,-1.4914494874863635,3.4440903593468306
2022-06-06,143.3960723876953,145.78045445382116,142.17934925780943,144.2693611343495,71598400,0.005227767787117976,0.02914292045246441,142.81569900512696,155.4147561645508,-0.8732887466541968,3.60110519601173
2022-06-07,145.9178466796875,146.20239508903217,141.39440285018887,141.63970888221743,67808200,0.0175860764524578,0.028605090284142654,142.65134353637694,154.90935455322267,4.278137797470066,4.807992238843298
2022-06-08,145.18190002441406,147.0560263615052,144.69128805686674,145.79025407304024,53950200,-0.005043568501178264,0.028339790143218427,142.3299919128418,154.37198852539063,-0.6083540486261825,2.3647383046384505
2022-06-09,139.96180725097656,145.17210490927135,139.85387199936835,144.31844471982856,69473000,-0.03595553421300923,0.027056402444016987,142.14061431884767,153.66438049316406,-4.356637468852,5.318232909903003
2022-06-10,134.5552520751953,138.117085018381,134.48655920841233,137.64610169004794,91437900,-0.03862878939599812,0.027765759872436676,141.87421188354492,152.8719595336914,-3.0908496148526297,3.630525809968674
2022-06-13,129.40386962890625,132.6615266238815,128.97212852748052,130.37527213481903,122207100,-0.03828451410733669,0.027746812196551774,141.12701034545898,152.03843353271483,-0.9714025059127778,3.6893980964009927
2022-06-14,130.2672882080078,131.37607607962988,129.0113227305463,130.63035125622758,84784300,0.0066722778969252605,0.027833785122434875,140.50000610351563,151.2280551147461,-0.36306304821977164,2.3647533490835713
2022-06-15,132.88717651367188,134.7613181921413,129.67858439406757,131.76858160626196,91533000,0.020111636172856162,0.02756014868411497,139.82247009277344,150.38914337158204,1.1185949074099142,5.082733798073718
2022-06-16,127.61799621582031,129.9042500251396,126.61714350302216,129.60007296838003,108123900,-0.03965153324865367,0.026114076307617883,139.29457092285156,149.51108184814453,-1.9820767525597205,3.2871065221174263
2022-06-17,129.08984375,130.58130861525225,127.37270152778396,127.62782938306579,134520300,0.01153322868109119,0.025834278819184084,139.01050567626953,148.72575103759766,1.4620143669342127,3.2086070874682946
2022-06-21,133.31890869140625,134.48656772231706,130.8167993077871,130.91491273074396,81000500,0.03276063258389561,0.026966421481829993,138.92611999511718,148.01892700195313,2.403995960662286,3.6697684145299547
2022-06-22,132.80868530273438,135.17342395812105,131.39572023105475,132.25918724085466,73409200,-0.00382708944800092,0.025236088407921832,138.54540634155273,147.34206970214845,0.5494980618797172,3.777703727066296
2022-06-23,135.67385864257812,135.9878425646897,133.0834276529192,134.25108671150673,72433800,0.021573689501651616,0.02545954490289528,138.4428680419922,146.8075619506836,1.422771931071395,2.904414911770516
2022-06-24,139.00021362304688,139.24551965514786,137.1457006192552,137.27324957478913,89116800,0.02451728736654979,0.026065313492810254,138.4987991333008,146.30215301513672,1.7269640482577415,2.099819035892665
2022-06-27,139.00021362304688,140.79585557470105,138.32316657888146,140.02068012877845,70207900,0.0,0.025523259226793854,138.3947883605957,145.7430517578125,-1.0204665057315765,2.4726889958195954
2022-06-28,134.8594207763672,140.72713574825013,134.74167869464102,139.46136345282662,67083400,-0.029789830812124163,0.024380774199383615,137.79624099731444,145.20126861572265,-4.60194267645943,5.98545705360911
2022-06-29,136.61582946777344,138.02879459026983,134.1038981265762,134.87907356263912,66242400,0.013023996998465792,0.024670047442618696,137.32476272583008,144.6989239501953,1.7367559051343164,3.9248964636936137
2022-06-30,134.1529541015625,135.77196780465343,131.2583461315228,134.67300165333307,98964500,-0.01802774521668371,0.02488801364016016,136.73651809692382,144.1016647338867,-0.520047551770574,4.513621673130615
2022-07-01,136.32147216796875,136.42940742984914,133.11287978462988,133.48573480288584,71051600,0.016164519677774214,0.024860099559800654,136.13404693603516,143.5511068725586,2.835737365082906,3.316527645219253
2022-07-05,138.90211486816406,138.9511790795148,134.3590413928598,135.18328121558443,73353800,0.018930566543585714,0.02395263953823638,135.94663619995117,143.06803436279296,3.718833652579633,4.592137686654979
2022-07-06,140.23654174804688,141.41400763305737,138.43109305954474,138.69602774966668,74064300,0.009606958692812917,0.02403297979125283,135.78865966796874,142.70237884521484,1.5405139983801917,2.9829145735126303
2022-07-07,143.6021270751953,143.79836886527636,140.5897624458258,140.59956929502877,66253700,0.023999346284473866,0.02433263805360213,135.67287368774413,142.38267486572266,3.0025577801665406,3.208606419450547
2022-07-08,144.27919006347656,144.7796239540416,142.2774994180926,142.5326123028861,64547800,0.0047148534779482,0.024334905002540423,135.62773818969725,142.195654296875,1.746577760590469,2.502124535949008
2022-07-11,142.14991760253906,143.88668829327412,141.08038702449986,142.93489980535588,63141600,-0.01475800120586146,0.023118999352321784,135.73714370727538,141.9705551147461,-0.7849822028168205,2.806301268774263
2022-07-12,143.121337890625,145.66270453987497,142.32654882035914,143.0232094985196,77588800,0.006833773135219712,0.021166766205622963,136.1654479980469,141.62634307861327,0.09812839210539437,3.33615571951583
2022-07-13,142.75828552246094,143.700252180436,139.4515504526769,140.30522551606126,71185600,-0.002536675337967531,0.018852803002812342,136.83316879272462,141.39224884033203,2.4530600063996815,4.248701727759084
2022-07-14,145.68235778808594,146.1533412106034,140.5603662797928,141.37478416032295,78140700,0.020482679901370426,0.01916405407971751,137.60392227172852,141.21056030273436,4.3075736277629915,5.5929749308106125
2022-07-15,147.3503875732422,148.02743444283934,145.41737534090672,146.96771086072485,76259900,0.011449772027870564,0.018919513025846844,138.32708282470702,141.03244720458986,0.3826767125173376,2.6100591019326203
2022-07-18,144.30862426757812,148.7241323716371,143.9455611978647,147.90971463576915,81420900,-0.020643062809401314,0.016910672268718348,139.16161422729493,140.66534301757812,-3.6010903681910236,4.778571173772406
2022-07-19,148.16485595703125,148.3905333334654,144.1516525247905,145.14268358851726,82982400,0.026722115251427203,0.017489204748550626,140.1153648376465,140.55662353515626,3.022172368513992,4.238880808674907
2022-07-20,150.16653442382812,150.83377461851506,147.5466677906739,148.28258588894056,64823400,0.013509806045891137,0.016502179884300264,140.95774612426757,140.47341583251952,1.8839485348875655,3.2871068278411713
2022-07-21,152.4331512451172,152.64902171844827,149.0871738807754,151.59910487340264,65086600,0.015094020981344602,0.016445543505573285,141.93896942138673,140.5379797363281,0.8340463717145497,3.5618478376728717
2022-07-22,151.19680786132812,153.3456908921451,150.52958270466215,152.47240210045547,66675400,-0.008110725086310056,0.016404624352244195,142.71511688232422,140.52973724365233,-1.2755942391273436,2.8161081874829392
2022-07-25,150.07823181152344,152.1289867062053,149.42081342303993,151.11832702232695,53623900,-0.007398145937251521,0.01601097517898642,143.26901779174804,140.65631469726563,-1.0400952108035142,2.7081732831653653
2022-07-26,148.75357055664062,150.21558479499407,147.96858832963514,149.4011670445513,55138700,-0.008826471626787291,0.016245893959866652,143.75668563842774,140.83372009277343,-0.6475964879106755,2.246996465358933
2022-07-27,153.8461456298828,154.37601511646298,149.3030874727054,149.71519986654883,78620700,0.03423497704415168,0.0156327780063218,144.7060218811035,141.0236849975586,4.130945763333983,5.072927643757566
2022-07-28,154.39561462402344,154.68016301876492,151.51081343985047,154.0325515340952,81378700,0.0035715486526552986,0.015575045930233735,145.59501113891602,141.25544982910156,0.36306308992823233,3.1693495789144492
2022-07-29,159.45872497558594,160.55770616166393,156.50524578988953,158.21258113398608,101786900,0.03279309690169585,0.01555123371102618,146.86029968261718,141.51586639404297,1.24614384159986,4.052460371774401
2022-08-01,158.47750854492188,160.5184565925083,157.86915435741844,157.98689646537588,67829400,-0.006153419518526104,0.01579319017426135,147.96810150146484,141.92189697265624,0.49061207954599695,2.6493022350898627
2022-08-02,157.0056610107422,159.36060780651525,156.63280603827062,157.0939825576486,59907000,-0.009287422219680375,0.015993984913778826,148.87327880859374,142.36658721923828,-0.08832154690639982,2.727801768244632
2022-08-03,163.01077270507812,163.46212742924678,157.73178199101062,157.82008857109244,82507500,0.03824773995840225,0.017518499332288887,150.01199035644532,142.92667022705078,5.190684133985684,5.7303454382361565
2022-08-04,162.69674682617188,164.05084071884252,161.34265293350123,162.89298862903826,55474100,-0.0019264118174225908,0.017205100787508577,150.96672134399415,143.37214599609376,-0.19624180286638193,2.708187785341295
2022-08-05,162.4707794189453,162.96207295817032,160.1616937873522,160.36804367078585,56697000,-0.0013888870652588592,0.017290501201170615,151.87630081176758,143.86706909179688,2.1027357481594606,2.8003791708181325
2022-08-08,161.9991455078125,164.88795425048374,161.34081388850365,163.47302629545368,60276900,-0.0029028845237251133,0.016732165779221705,152.86876220703124,144.34942016601562,-1.4738807876411784,3.547140361980098
2022-08-09,162.0482635498047,162.9326009401167,160.40734488370262,161.16394115258205,63135500,0.0003031993893438667,0.016792789199875643,153.81510848999022,144.76877685546876,0.8843223972226326,2.5252560564140936
2022-08-10,166.2930145263672,166.39126422179922,163.99374975557845,164.7601663481459,70170500,0.02619436261504826,0.017215101947242396,154.99184494018556,145.15802978515626,1.5328481782212862,2.3975144662207697
2022-08-11,165.55609130859375,168.0125588424397,165.26131220591463,167.09874512344325,57149200,-0.00443147428574997,0.017150222983132724,155.98553161621095,145.5482437133789,-1.5426538148495013,2.751246636525053
2022-08-12,169.1032257080078,169.17199900038648,166.45022886043446,166.86292858705644,68039400,0.021425574688171745,0.017442718786599542,157.07317352294922,146.01195129394532,2.240297120951368,2.721770139952014
2022-08-15,170.17425537109375,170.37076978453467,168.36629877849532,168.53333677957454,54091700,0.006333585054937307,0.016186197167549522,158.366455078125,146.44801849365234,1.6409185915192097,2.0044710060393527
2022-08-16,170.0170440673828,170.6852110892498,168.67090454328755,169.77139729331643,56377100,-0.0009238254245220734,0.015712712044554787,159.45906448364258,146.99535278320312,0.2456467740663868,2.0143065459622562
2022-08-17,171.51055908203125,173.08268924248625,169.56504107416526,169.76155547008622,79542000,0.008784501711819548,0.01564534032492084,160.52626571655273,147.55764251708985,1.749003611945028,3.5176481683209886
2022-08-18,171.1175079345703,171.85444813238172,170.10544459568962,170.72447915963892,62290100,-0.0022917023276272097,0.015642172653225993,161.4604835510254,148.0616357421875,0.39302877493139476,1.7490035366921006
2022-08-19,168.53334045410156,170.71468497495962,168.32699056998192,170.01704154998163,70346300,-0.015101712920321697,0.016044960517385944,162.32731018066406,148.52866455078126,-1.4837010958800647,2.387694404977708
2022-08-22,164.65211486816406,166.90223255698254,164.22959465128477,166.73519456201245,69026800,-0.023029422994167215,0.017058239271856946,163.0560043334961,149.022470703125,-2.08307969384839,2.672637905697769
2022-08-23,164.31805419921875,165.77229405857466,163.74815182078322,164.1706721156108,54147100,-0.002028887811206026,0.016839153277595723,163.834228515625,149.61772674560547,0.14738208360793692,2.0241422377914375
2022-08-24,164.61280822753906,165.1827105189657,163.35509799580043,164.40647334198977,53841500,0.0017938018421455038,0.015386969707890245,164.3725616455078,150.32190551757813,0.20633488554929613,1.8276125231652713
2022-08-25,167.0692901611328,167.17737534622174,165.41855096314578,165.841056236527,51218200,0.014922787358066625,0.015597691257405089,165.0062454223633,151.05794555664062,1.228233924605803,1.758824383075961
2022-08-26,160.77085876464844,168.0714870002958,160.7119059513814,167.5998495010736,78961000,-0.03769951611340272,0.016691018865977486,165.0718521118164,151.61561920166017,-6.828990736425169,7.359581048914407
2022-08-29,158.5699005126953,160.06342201093398,157.03706713692557,158.34389469961232,73314000,-0.013690032315962775,0.016933452050739282,165.07647171020508,152.23465728759766,0.22600581308299184,3.0263548740084047
2022-08-30,156.14291381835938,159.7293506019625,154.97363281420544,159.3068453614504,77906200,-0.015305468985531867,0.017162186830009047,165.03333435058593,152.77571868896484,-3.1639315430910244,4.75571778775705
2022-08-31,154.48233032226562,157.78382326299328,154.403721562595,157.51852057324083,87991100,-0.01063502310470199,0.014714368704058104,164.6069122314453,153.19898712158204,-3.03619025097521,3.380101700398285
2022-09-01,155.20947265625,155.66145434866903,151.97675253984187,153.91245042285962,74229900,0.004706961193992054,0.014804357688410676,164.23254852294923,153.64700286865235,1.2970222333903791,3.684701808827157
2022-09-02,153.09686279296875,157.56763619543025,152.27149339367668,156.9682575855211,76957800,-0.013611346183490691,0.015017751414905222,163.76385269165038,153.99546295166016,-3.871394792552337,5.296142801753575
2022-09-06,151.8391876220703,154.3546082697241,151.01381803326322,153.74540904842692,73714800,-0.008214898384947156,0.015065460105528037,163.25585479736327,154.25224243164064,-1.906221426356609,3.34079023646089
2022-09-07,153.24429321289062,153.9419216691413,150.93520749298594,152.1241445003408,87449600,0.009253906141263313,0.015303717083349655,162.81565628051757,154.5371240234375,1.1201487125498204,3.0067141761553557
2022-09-08,151.77041625976562,153.63732582875608,150.0213973567108,151.94727474830393,84923800,-0.00961782603595851,0.013765588631313991,162.0895263671875,154.87534393310546,-0.17685848853830066,3.615928472045283
2022-09-09,154.6297149658203,155.07189112050955,152.0553417641127,152.76280561990976,68028800,0.018839631441484705,0.014719311254153588,161.54320755004883,155.2356216430664,1.8669093459105568,3.016549356396837
2022-09-12,160.5841827392578,161.39973173078485,156.5261087123494,156.81105233922636,104956000,0.03850791404972642,0.016604713272309286,161.11725540161132,155.76424621582032,3.773130400031448,4.873623018435438
2022-09-13,151.1611785888672,157.7445084078153,150.6993615052029,157.11565333541313,122656600,-0.0586795286413162,0.020662506207932762,160.1666015625,156.06104034423828,-5.954474746545941,7.045146902612402
2022-09-14,152.6055908203125,154.3644300184662,150.9351958505273,152.0946413613245,87965400,0.009555444360313414,0.020921269344133242,159.2960289001465,156.33510986328125,0.5109494589879944,3.4292341679389153
2022-09-15,149.71678161621094,152.5368165999088,148.74403004784534,151.9570788549336,90481100,-0.018929904131120834,0.020865615102072962,158.20634002685546,156.52471466064452,-2.240297238722661,3.792786552063461
2022-09-16,148.0758514404297,148.71454195841454,145.7864220311532,148.57698038414023,162278800,-0.010960228760378166,0.02086225871459205,157.05425720214845,156.61418914794922,-0.5011289437105404,2.928119927261349
2022-09-19,151.79000854492188,151.8686172901009,146.5037016211282,146.71003645827363,81474200,0.02508280093183446,0.021947381484157757,156.21709060668945,156.76440551757813,5.07997208664824,5.3649156689727135
2022-09-20,154.1679229736328,155.32738364566532,150.41444773199837,150.72886783406594,107689800,0.015665816554764955,0.021978701111707365,155.6928810119629,157.004765625,3.439055139566875,4.912935913666956
2022-09-21,151.0432586669922,155.97584907691603,150.92535303740462,154.60021842835445,101696800,-0.02026792763612073,0.022309903944082082,155.02914123535157,157.16320404052735,-3.5569597613622648,5.050496039511415
2022-09-22,150.080322265625,151.780193333908,148.28218651419172,149.72659039660394,86652500,-0.0063752358752414695,0.022273689257577736,154.30251693725586,157.30964477539064,0.35373186902106113,3.4980068197162666
2022-09-23,147.81056213378906,148.8324610577634,145.97312915554878,148.55733788432917,96029900,-0.015123635780970202,0.02191414086685567,153.33958053588867,157.35220886230468,-0.7467757505401096,2.8593319022146204
2022-09-26,148.14463806152344,151.09239889982268,147.0343100146429,147.05396595162924,93339400,0.0022601627577329975,0.02064473486586949,152.70826950073243,157.36809387207032,1.0906721098942,4.058088885179785
2022-09-27,149.117431640625,152.0258964191408,147.33895116498724,150.08037791467922,84442700,0.006566512239866373,0.020634855842272756,152.23564605712892,157.46427001953126,-0.9629462740542181,4.686945254153557
2022-09-28,147.23085021972656,148.01692291304855,142.31791462782627,145.06916155790836,146691400,-0.012651649107296326,0.020559035049051207,151.79004287719727,157.44558990478515,2.1616886618182036,5.699008285222277
2022-09-29,139.99900817871094,144.16518295071455,138.23034837016746,143.55598373619551,128138200,-0.04911906730296578,0.0229943947973716,151.06587677001954,157.24223937988282,-3.556975557484577,5.93483458054709
2022-09-30,135.7935333251953,140.60821907927374,135.59701890511008,138.8199033723931,124925300,-0.030039318908225865,0.023555546607075196,150.0950798034668,156.90944702148437,-3.026370047197787,5.011200174163662
2022-10-03,139.96949768066406,140.57871173992285,135.29238954196313,135.80333891625202,114311700,0.03075230648478855,0.02489099090554897,149.43871154785157,156.6849008178711,4.166158764412046,5.28632219795972
2022-10-04,143.5559844970703,143.67389015390162,141.74801279814906,142.50460908002574,87830100,0.025623345627693084,0.02573756068943235,149.02455139160156,156.55445587158204,1.051375417044568,1.9258773557525615
2022-10-05,143.85072326660156,144.8136692711772,140.51975411083046,141.56130887045842,79471000,0.002053127708773861,0.02561480866551802,148.55487289428712,156.45639892578126,2.289414396143144,4.293915160346728
2022-10-06,142.89764404296875,144.9709035584296,142.69130913468942,143.2710319630231,68402200,-0.006625473977398433,0.025581870996122913,148.11123428344726,156.23742889404298,-0.3733879200543413,2.2795944237401784
2022-10-07,137.650634765625,140.60823177983056,137.0217795686969,140.05797036356424,85925600,-0.03671865489794912,0.02613118513755142,147.2622802734375,155.902529296875,-2.4073355979392375,3.586452211133661
2022-10-10,137.97486877441406,139.4192729060871,136.15709176712548,137.97486877441406,74899000,0.002355485024396309,0.024100322589679885,146.1318145751953,155.47285217285156,0.0,3.2621811389616084
2022-10-11,136.55995178222656,138.88869341854974,135.8131909792421,137.46393012049913,77033700,-0.010254889203778594,0.020882199070585018,145.4017532348633,155.03450103759766,-0.9039783382725659,3.075502439307627
2022-10-12,135.93109130859375,137.91592138284778,135.75423283314072,136.70734348798558,70433700,-0.00460501388163681,0.020606031289326726,144.56802825927736,154.61300964355468,-0.7762521793918324,2.1616885497070655
2022-10-13,140.50013732910156,141.08968060374895,132.03022618093473,132.6394403890868,113224000,0.03361295768703165,0.02210724600712433,144.10719604492186,154.16279693603516,7.860696940014776,9.059454422814213
2022-10-14,135.97039794921875,142.00348171103434,135.78370401470698,141.79713183786654,88598000,-0.032240106422618986,0.023007405629741677,143.50192337036134,153.6282699584961,-5.826733888647794,6.219777696327355
2022-10-17,139.93020629882812,140.41166429206842,137.82747089841786,138.6135434297954,85250900,0.029122576747096396,0.023292163725448744,142.90893325805663,153.17745849609375,1.3166628690327116,2.5841933936505654
2022-10-18,141.2469024658203,144.14553155258784,138.1615794221166,142.95660950013638,99136600,0.009409663587433892,0.02305780804277027,142.26288223266602,152.7624136352539,-1.709707034316068,5.983952130471238
2022-10-19,141.35498046875,142.42599680685538,139.03607431855443,139.22276826600364,61758300,0.0007651707828131293,0.0227599523570237,141.7784683227539,152.3485479736328,2.1322122027463593,3.3899224883009538
2022-10-20,140.8931427001953,143.34961008460004,140.16602295690015,140.52959032509128,64522000,-0.003267219641099106,0.022746743226960853,141.31910934448243,151.84055053710938,0.36355237510403526,3.1835871276998944
2022-10-21,144.7056121826172,145.2755145225026,140.16604940438248,140.38221977444553,86548600,0.02705929763050552,0.023497554586921147,141.16386184692382,151.42354095458984,4.323392408171657,5.109465118120113
2022-10-24,146.84762573242188,147.6140424012265,143.45770354454174,144.62698448602487,75981900,0.014802560298086354,0.023749461819356974,141.09901123046876,150.97842895507813,2.220641246397008,4.156338856684755
2022-10-25,149.68728637695312,149.83468340940922,146.75918158114587,147.47646582788911,74732300,0.019337463785117803,0.024109078249471415,141.12750396728515,150.56868957519532,2.2108205490640103,3.0755018282633557
2022-10-26,146.74935913085938,149.3433879403945,145.46215770101213,148.3313246354716,88194300,-0.019627099383011437,0.024358041113125766,141.1034294128418,150.10333587646485,-1.5819655046122136,3.8812302393823757
2022-10-27,142.2786102294922,146.45460526216635,141.6202786941001,145.49167413504986,109180200,-0.030465202218570075,0.02267220077304627,141.21740951538087,149.51869689941407,-3.213063905557675,4.8343265680662455
2022-10-28,153.0281219482422,154.75746986477446,145.24603383421282,145.619406740808,164762400,0.07555254933549937,0.026943028364405822,142.0791389465332,149.1569091796875,7.408715207434199,9.51143603056164
2022-10-31,150.66989135742188,151.55422867895751,149.27461957607085,150.49303288896766,97943200,-0.015410439341455917,0.026717286193825008,142.6141586303711,148.79964019775392,0.17685846845421338,2.279609102886667
2022-11-01,148.02674865722656,152.7431699919974,146.5332269791364,152.37961754304112,80379300,-0.01754260706225108,0.026623966758456546,142.83769683837892,148.46713287353515,-4.3528688858145586,6.209943012861004
2022-11-02,142.5045928955078,149.5202635488904,142.47511648464766,146.35633217647393,93604600,-0.0373051209447689,0.028026999752553117,142.77039031982423,148.03086364746093,-3.8517392809661146,7.045147064242741
2022-11-03,136.46170043945312,140.31344004952294,136.33395931941936,139.58632020230726,97918500,-0.04240489610384468,0.02956500230451357,142.44859313964844,147.46784149169923,-3.124619762854138,3.9794807301035746
2022-11-04,136.19593811035156,140.41822196260875,132.25907054843208,139.84737436397546,140814800,-0.0019475232116097363,0.02840894613304941,142.37585830688477,146.8503744506836,-3.651436253623899,8.159151414176677
2022-11-07,136.72744750976562,136.95381325392813,133.52874170596672,134.94601683421618,83374600,0.003902534883113873,0.028418239332489405,142.31348724365233,146.36950622558595,1.7814306755494442,3.4250715479614087
2022-11-08,137.2982635498047,139.19779504119253,135.31999290082103,138.1939045722533,89908500,0.004174846019840306,0.028329228073732098,142.35040283203125,145.94407348632814,-0.8956410224486149,3.8778021403715
2022-11-09,132.74136352539062,136.36329048249235,132.4657839221066,136.31407662091405,74917800,-0.03318978628423119,0.029312116664606494,142.1909164428711,145.47604248046875,-3.572713095523426,3.89750656038575
2022-11-10,144.5519561767578,144.5519561767578,137.2982811810409,139.0108242882595,118854000,0.0889744713908116,0.03482654953069233,142.3935073852539,145.2774349975586,5.541131888498313,7.253674995716921
2022-11-11,147.3372802734375,147.64238513720315,142.0914019190675,143.5185285677149,93979700,0.01926867107404484,0.03405845309707782,142.96185150146485,145.11999114990235,3.8187517057226046,5.550983218135656
2022-11-14,145.939697265625,147.90813128864986,145.10310679865555,146.61880940644215,73374100,-0.00948560340749316,0.03368511603671012,143.2623260498047,144.97684783935546,-0.6791121408171534,2.8050244899943095
2022-11-15,147.67193603515625,151.1659099557232,146.21529884381314,149.8175372526668,89868300,0.011869551616092489,0.03371565020262125,143.58357772827148,144.89350280761718,-2.1456012175105457,4.950611111910064
2022-11-16,146.44163513183594,147.50459125268796,144.96530968920132,146.77628031248196,64218300,-0.008331311529818475,0.033805115599809636,143.8379104614258,144.7574496459961,-0.3346451806460209,2.5392815634866395
2022-11-17,148.34120178222656,149.08920136807347,143.84332244877638,144.1189020339811,80389400,0.012971493036666226,0.033859376083426616,144.21031341552734,144.68886535644532,4.222299748245462,5.245878919297098
2022-11-18,148.90220642089844,150.28995621048665,147.6030475887024,149.90611212166033,74829600,0.0037818531327220573,0.0333896368620284,144.4201431274414,144.57431518554688,-1.0039057007618908,2.686908621784255
2022-11-21,145.6739501953125,147.99670287508093,145.3885338782466,147.790025718782,58724100,-0.021680378707490067,0.033645893547530926,144.36145935058593,144.27611053466796,-2.1160755234695046,2.608168996834337
2022-11-22,147.80970764160156,148.04592513732047,144.6110022662971,145.7920747269315,51804100,0.014661217351664702,0.033521352149852864,144.26758041381837,144.20908111572265,2.0176329146700596,3.4349228710233604
2022-11-23,148.68568420410156,149.4336837921187,146.98297781162248,147.09124229312135,58301400,0.0059263804554976485,0.0332240364942315,144.36439666748046,144.13068298339843,1.5944419109802084,2.450705980496224
2022-11-25,145.77239990234375,146.5302512983949,144.7980195359923,145.9692403249909,35195900,-0.01959357632412506,0.032765042427998964,144.53908615112306,144.0517953491211,-0.19684042264714208,1.7322317624025914
2022-11-28,141.94378662109375,144.32559012136235,141.11704788902577,142.8492645206864,69246000,-0.02626432221610453,0.028292495568825713,143.98486938476563,143.92915405273436,-0.905477899592654,3.2085422323365833
2022-11-29,138.9419403076172,142.52449031453185,138.1348900130404,142.0126931655547,83763800,-0.02114813465903742,0.028449545183690184,143.3984718322754,143.6721926879883,-3.0707528579375207,4.389600301491441
2022-11-30,145.69363403320312,146.3727461321645,138.33169544585772,139.16827084330671,111380900,0.04859363350358925,0.03052026430001665,143.2818161010742,143.5027069091797,6.52536318989641,8.04105068630679
2022-12-01,145.96920776367188,146.77627283984336,144.29604201746156,145.870795083282,71250400,0.0018914603393442864,0.029255367976589456,143.4550468444824,143.40122589111328,0.0984126803898846,2.480230822381799
2022-12-02,145.4771270751953,145.66413072697534,143.35121453595042,143.6563344518848,65447400,-0.003371126664421298,0.02740905425775292,143.90581817626952,143.3091619873047,1.820792623310524,2.312916191024925
2022-12-05,144.31576538085938,148.5380503426706,143.46933803189978,145.43777233013495,68826400,-0.007983122279667021,0.02750582732650893,144.31180953979492,143.23926605224608,-1.1220069492755727,5.06871231077082
2022-12-06,140.6544647216797,144.97517704731527,139.68008441838234,144.74881132681773,64727200,-0.025370067154598552,0.028238259700471682,144.50816040039064,143.0894625854492,-4.094346605138043,5.2950926289329345
2022-12-07,138.71554565429688,141.10718574311466,137.7903792762826,139.9458168978351,69721100,-0.013784980599225616,0.02844307810872969,144.57902450561522,142.88142486572266,-1.2302712435382261,3.3168064668320483
2022-12-08,140.39854431152344,141.25482328488022,138.8730200272998,140.1131279990439,62128300,0.012132732847556227,0.027370474324070734,144.96188354492188,142.7447787475586,0.28541631247952637,2.3818032575804295
2022-12-09,139.9163055419922,143.2724894333561,138.6761823933455,140.09345741010685,76097000,-0.0034347846831035422,0.018474454833319578,144.7301010131836,142.74312469482422,-0.1771518681146631,4.5963070400106005
2022-12-12,142.2095184326172,142.21935519606154,138.8336463442299,140.44776160871248,70462700,0.016389890240039007,0.01831491663180019,144.47371292114258,142.87144439697266,1.7617568239047046,3.3857088518316516
2022-12-13,143.17405700683594,147.60303377953338,141.9634742273276,147.1404505596148,93886200,0.006782517688334488,0.018308053139196073,144.33543090820314,142.9355355834961,-3.966393552778868,5.639559552205782
2022-12-14,140.94970703125,144.34525228867759,138.93205940879196,143.05593056925082,82291200,-0.015535984815180148,0.018335609015334525,143.99931945800782,142.8834100341797,-2.106223538000819,5.413192879885628
2022-12-15,134.34559631347656,139.56194847795751,133.8830132053196,138.88283646734595,98931900,-0.04685437704605688,0.020865932558534556,143.39451751708984,142.69330749511718,-4.537240153869391,5.678935272637915
2022-12-16,132.38702392578125,135.47746472052233,131.61933586337778,134.5326248058533,160156900,-0.01457861248481307,0.02058752133653275,142.59680862426757,142.48309509277342,-2.1456008800720383,3.85812885714455
2022-12-19,130.28079223632812,133.0661279935264,129.24737645818792,132.97755207276447,79592600,-0.015909653582317218,0.020592535863697504,141.66573791503907,142.3356982421875,-2.6967598364363425,3.8187515353384924
2022-12-20,130.2119140625,131.14691722297425,127.83994745250583,129.31627297471567,77432800,-0.0005286901671827104,0.02031074852694707,140.89263610839845,142.18043914794922,0.8956410877843268,3.3069697704684273
2022-12-21,133.31216430664062,134.65069977293228,130.65478191534362,130.88114757728772,85928000,0.023809267120154187,0.020881280272200008,140.1677589416504,142.1154833984375,2.431016729352905,3.9959178575886654
2022-12-22,130.14303588867188,132.43626376220547,128.24350390512237,132.2295865606811,77852100,-0.02377223739822587,0.021122338257532597,139.2406265258789,141.99972229003907,-2.086550672009224,4.192759857083104
2022-12-23,129.77886962890625,130.3300288114699,127.5939064280565,128.85370313619094,63814900,-0.002798200128642625,0.020904040161660115,138.44095001220703,141.78529693603517,0.9251664927153058,2.7361223834134023
2022-12-27,127.97772216796875,129.33594629425505,126.68840043322825,129.30642098872343,69007800,-0.013878587986532409,0.02043747977677759,137.74264678955078,141.62544342041016,-1.3286988207546813,2.6475458610267992
2022-12-28,124.05070495605469,128.96194542125178,123.88338987714543,127.62340977201893,85438400,-0.030685162584468517,0.02093996355137876,136.99808502197266,141.3078533935547,-3.5727048159642436,5.078555544106351
2022-12-29,127.56434631347656,128.42061016578208,125.71402134183822,125.96991231594082,75703700,0.02832423530899386,0.018539903647003076,136.09162063598632,141.03420227050782,1.594433997535745,2.7065888239438607
2022-12-30,127.87933349609375,127.89902204510923,125.41879800683148,126.38333416609474,77034200,0.002469241537468081,0.01855404299620168,135.18712692260743,140.76468933105468,1.4959993299990089,2.480224038277754
2023-01-03,123.09602355957031,128.8340031338152,122.21022673136561,128.22379338136977,112117500,-0.037404870714856764,0.01977910211258179,134.06807174682618,140.4087469482422,-5.127769821799461,6.623776402449593
2023-01-04,124.36565399169922,126.62935597280962,123.10585750129947,124.88728777203856,89113600,0.010314146593975781,0.020204860202163968,133.07056617736816,140.00194778442383,-0.5216337803393429,3.523498471510152
2023-01-05,123.04681396484375,125.75341088924934,122.79092293482029,125.12351256937882,80962700,-0.010604535774350499,0.01977171493520954,132.19018363952637,139.52593154907225,-2.0766986045350677,2.9624879544290508
2023-01-06,127.57418823242188,128.2336117453076,122.91884655664052,124.02117217456781,87754700,0.036793917060474746,0.021907210649260458,131.63311576843262,139.08366958618163,3.553016057854066,5.3147651886670815
2023-01-09,128.0958251953125,131.30438194257326,127.83993420444634,128.41078181603234,70790800,0.0040888911002927575,0.021668981381853206,131.01797981262206,138.7105989074707,-0.31495662071984043,3.464447738126921
2023-01-10,128.66668701171875,129.18832083166095,126.09787998496417,128.20410381019116,63896200,0.004456521635547661,0.021758198239230687,130.4554988861084,138.43836044311524,0.46258320152759325,3.0904408466967794
2023-01-11,131.3831329345703,131.4028064616691,128.40095662151043,129.1784814447806,69458900,0.021112270673481648,0.022014724261115757,129.91417961120607,138.00546066284178,2.204651489789711,3.0018498401586555
2023-01-12,131.3043975830078,132.14097304777255,129.36548883237654,131.76698078856714,71379600,-0.000599280514963163,0.02189090791501892,129.32069664001466,137.61815078735353,-0.4625832055593264,2.7754842153960055
2023-01-13,132.63308715820312,132.79056549396478,129.58202324711493,129.94617875784812,57809700,0.010119155181800732,0.02193646136406431,128.9048656463623,137.31027755737304,2.6869084003550086,3.208542246849845
2023-01-17,133.7944793701172,135.12316348796887,132.01304876349633,132.70199775252627,63646600,0.008756429008764277,0.019441947400577954,128.87730979919434,137.13607528686524,1.09248161759092,3.1101147244725382
2023-01-18,133.0759735107422,136.42230495988363,132.8988066595986,134.66056331872014,69672800,-0.005370220525970915,0.019186529796007188,128.9117572784424,137.068360748291,-1.5845898079779488,3.5234983002850413
2023-01-19,133.13502502441406,134.09955338686564,131.65869966602656,131.96380450388668,58280400,0.00044374286442550037,0.018797855877858483,129.0544689178467,137.00714248657226,1.1712205205273847,2.4408537208390726
2023-01-20,135.69400024414062,135.84164181281548,132.10161400912494,133.14488168206822,80223600,0.01922090163168777,0.01921351588764346,129.3285732269287,136.98647354125976,2.549118562072408,3.7400278036905377
2023-01-23,138.8828582763672,141.0579844042408,135.72351517113088,135.94004410758743,81760300,0.023500361301820094,0.01919537970011277,129.60710792541505,137.01816543579102,2.942814168779762,5.334469233109928
2023-01-24,140.2804718017578,140.90053342355856,138.0856717213938,138.0955084866108,66435100,0.010063254333443128,0.018251422767615558,130.11397972106934,137.16894760131837,2.1849633151470016,2.8148617021647624
2023-01-25,139.62103271484375,140.18202862963406,136.61916767862735,138.6663409653264,65799300,-0.004700861627026542,0.018293173105638282,130.6060878753662,137.07032913208008,0.9546917495173375,3.562860951006712
2023-01-26,141.68788146972656,141.9732977828438,139.6603818984353,140.9103416541343,54105100,0.014803276517113773,0.017953693760387652,131.2915958404541,136.95734115600587,0.777539815592263,2.3129158844084827
2023-01-27,143.6267852783203,144.9062704324847,140.82177572822627,140.90051489349364,70555800,0.013684330575639336,0.01590313894031063,132.2703998565674,136.91108291625977,2.7262703848266767,4.084494704258418
2023-01-30,140.74302673339844,143.2527830109075,140.59540019505755,142.67209860282117,64015300,-0.020078138902390075,0.0162423929932977,132.92933387756347,136.7725047302246,-1.929071869422728,2.6573828158499566
2023-01-31,142.01266479492188,142.06187864867766,140.03439402480078,140.4477633640219,65874500,0.009020966018646437,0.01625359616041553,133.6360004425049,136.68392532348633,1.5649014308999654,2.0274846238768873
2023-02-01,143.13467407226562,144.29605796571016,139.08955653554688,141.69772563249788,77663600,0.007900769124810303,0.012757857571573786,134.63793296813964,136.5797947692871,1.4369484397677468,5.206501430163286
2023-02-02,148.4396209716797,148.79392468833726,145.83143680858885,146.54991104174482,118339000,0.037062626046402425,0.014354395473761536,135.84163131713868,136.57054306030273,1.8897099299348668,2.9624878797484087
2023-02-03,152.06153869628906,154.8960886893848,145.496812581912,145.6936529941079,154357300,0.02439993918672423,0.013969175069358922,137.29236755371093,136.69829483032225,6.367885702181155,9.399276107472815
2023-02-06,149.33523559570312,150.68362304726807,148.40023248441526,150.16198925829823,69858300,-0.017928945898878168,0.013955433774359167,138.380419921875,136.7288053894043,-0.8267536625951095,2.2833905628528157
2023-02-07,152.20913696289062,152.77998456473935,148.26243261630023,148.26243261630023,83322600,0.01924463008159738,0.014142238563717036,139.5860855102539,136.79927444458008,3.946704346590394,4.51755194843912
2023-02-08,149.5222625732422,152.14028370808583,148.7840997356859,151.45133472995892,64120100,-0.017652517077890728,0.015311710016968409,140.62886428833008,136.87427169799804,-1.9290721567167282,3.3561839723999185
2023-02-09,148.48883056640625,151.89422837459855,148.0459358705389,151.3529059605557,56007100,-0.006911559449748972,0.015297175300341167,141.48414916992186,137.0051725769043,-2.864075394149438,3.848292504059657
2023-02-10,148.85354614257812,149.1788354914484,147.08911426452642,147.32569243849323,57450700,0.0024561818877599784,0.015240334211844897,142.3616065979004,137.20340469360352,1.5278537040848903,2.089721226921995
2023-02-13,151.65298461914062,152.0571182724141,148.7648180243575,148.79438841262413,62199000,0.018806662985919598,0.015473878952174586,143.31260147094727,137.32259170532225,2.858596206516495,3.2923002480565913
2023-02-14,151.01226806640625,151.5741355635304,148.7056873791277,149.9476888936107,61707600,-0.004224885875760753,0.01566022360156412,144.17349090576172,137.42345291137696,1.0645791727955611,2.868448184402695
2023-02-15,153.11184692382812,153.27941747242824,150.69683660205456,150.92354792770303,65573800,0.013903366158957375,0.01550383293165308,145.175284576416,137.57614730834962,2.1882989961250985,2.5825808703736755
2023-02-16,151.51498413085938,154.09756497312395,151.16012443154224,151.3178281549916,68167900,-0.01042938756896572,0.015936011752807826,146.0942825317383,137.72013168334962,0.197155975867787,2.937440541581708
2023-02-17,150.37155151367188,150.81512239489066,148.69583093968438,150.17441057100683,59144100,-0.007546663610510929,0.015944915189957866,146.82816009521486,137.91447341918945,0.1971409426650439,2.1192914552062803
2023-02-21,146.3596649169922,149.1394018439348,146.29067235544917,148.05510409777494,58867200,-0.02667982445013828,0.01684757562880653,147.2020004272461,138.06735580444337,-1.6954391807827562,2.848729488485617
2023-02-22,146.7835235595703,147.80866542554767,145.0585140913541,146.74408634882758,51011300,0.002896007194458372,0.01676004479459343,147.52715301513672,138.1950553894043,0.03943721074273299,2.7501513341935606
2023-02-23,147.2665252685547,148.1931042440918,145.1373820304515,147.94667430552937,48394200,0.00329057170226843,0.016676866905343146,147.90942764282227,138.34205978393555,-0.680149036974683,3.0557222136403084
2023-02-24,144.61495971679688,145.0881010134071,143.6390916917033,145.00924162382364,55469600,-0.01800521569258473,0.017043683044376798,148.05578155517577,138.39016860961914,-0.394281907026766,1.4490093217038122
2023-02-27,145.80767822265625,147.03982803359767,145.344388690471,145.6006854773172,44998500,0.008247545815419866,0.016875951226238903,148.1648262023926,138.44284103393554,0.20699274533905054,1.6954393431266794
2023-02-28,145.30496215820312,146.95111245136155,144.73324285815977,144.9501024216552,50547000,-0.003447802410552425,0.016184021513698903,148.3929229736328,138.52994613647462,0.35485973654792247,2.217869593201783
2023-03-01,143.23495483398438,145.12753521820275,142.93923585875515,144.7332532784917,55479000,-0.014245950678305142,0.016465393107887333,148.45403747558595,138.70773330688476,-1.498298444507327,2.1882993594475977
2023-03-02,143.8263702392578,144.61494903595985,141.84506394442167,142.31822024697658,52238100,0.0041289879691652764,0.016398314083418755,148.48862228393554,138.93652023315428,1.5081499922812327,2.7698850915381854
2023-03-03,148.8732452392578,148.95210462024477,145.2260853537234,145.9259379185379,70732300,0.03509005331640114,0.01617034483144111,148.51030349731445,139.30836929321288,2.947307320719915,3.7260192665213765
2023-03-06,151.63328552246094,154.0680147422593,151.26857399298945,151.59384830577196,87558000,0.01853953192709268,0.015757906018194136,148.48889083862304,139.73679672241212,0.039437216688980925,2.7994407492698485
2023-03-07,149.43511962890625,151.83041139396585,148.9718301446463,151.50512207262017,56182000,-0.014496592130024633,0.0155702085980323,148.4938850402832,140.05925582885743,-2.0700024437139177,2.858581249319542
2023-03-08,150.6869659423828,151.27840377958802,149.6618240709013,150.6278251668401,47204800,0.008377189489226389,0.01504962518914715,148.41777648925782,140.47013442993165,0.05914077554271557,1.6165797086867144
2023-03-09,148.4395294189453,152.33311931510104,148.08466971716794,151.36711819838627,53833600,-0.014914604653310515,0.014896054831209484,148.36363983154297,140.84334762573243,-2.9275887794409527,4.248449597933103
2023-03-10,146.37940979003906,148.78456882882224,145.5021196528658,148.0649974904625,68572400,-0.013878510912628372,0.015139306864042688,148.2581687927246,141.21138137817383,-1.68558770042344,3.282449175956458
2023-03-13,148.3212890625,150.95315964799713,145.5908404610049,145.69927026224528,84457100,0.01326606846718592,0.01544430178907445,148.2315559387207,141.69679306030272,2.622018800254722,5.362319186992238
2023-03-14,150.4109649658203,151.2093955139033,147.95653254628945,149.11967456920323,73695900,0.014088846695768487,0.01517454665154753,148.1694549560547,142.15372543334962,1.291290396617086,3.2528629676138507
2023-03-15,150.80528259277344,151.06156433450928,147.77911548729296,149.03098388604963,77167900,0.002621601603598034,0.01515861057670937,148.15910568237305,142.61224441528321,1.7742987067238118,3.2824488472163296
2023-03-16,153.6244354248047,154.22572509887632,149.47454848721353,149.98712698991974,76161100,0.01869399256817772,0.015424714499203091,148.1847351074219,143.2228126525879,3.637308434884943,4.7511766116628
2023-03-17,152.78652954101562,154.50168696477587,152.07681026503803,153.85110845498198,98944600,-0.00545424874286482,0.01528237654401958,148.2483123779297,143.79123016357423,-1.0645789139663577,2.424876699737837
2023-03-20,155.1522979736328,155.56631354554972,151.94870846939224,152.85558396503848,73641400,0.01548414274297727,0.015507908745098092,148.48734970092772,144.43333984375,2.2967140085943356,3.6176050761574743
2023-03-21,157.00546264648438,157.1237442200261,154.3045847371103,155.0734600878072,73938300,0.011944165165806986,0.01413447696292023,149.01963958740234,145.02196533203124,1.9320025586771692,2.8191594829158078
2023-03-22,155.57614135742188,159.82459083880553,155.55642275206148,157.02515051318744,75701800,-0.009103640503775212,0.014418269783774574,149.45927047729492,145.57157165527343,-1.449009155765566,4.268168086744055
2023-03-23,156.6604461669922,159.24304236266408,155.428296373163,156.56188320802048,67622100,0.006969608579500797,0.014445463625284274,149.9289665222168,146.1314468383789,0.09856295897171208,3.814745989501091
2023-03-24,157.96160888671875,158.0503200650471,155.5958872192805,156.5914588714899,59196500,0.008305623733125156,0.013585595476441635,150.5962989807129,146.66301635742187,1.3701500152288588,2.4544328457665756
2023-03-27,156.0197296142578,158.47417734472043,155.61558088418133,157.6560281012329,52390300,-0.012293362204569225,0.014056502249013324,151.10690155029297,147.15732299804688,-1.636298486975079,2.858596460539104
2023-03-28,155.39869689941406,156.22671283698608,153.75254688783264,155.71413440722972,45992200,-0.003980475523058469,0.014070824455305274,151.61158828735353,147.6126351928711,-0.31543750781565905,2.474165949153445
2023-03-29,158.4741668701172,158.75016719414856,157.074446643704,157.09415020907082,51305700,0.019790835007411856,0.013873944189527934,152.37354888916016,148.1062289428711,1.380016661046369,1.6757205504445665
2023-03-30,160.0414581298828,160.1498879032855,158.96702721945866,159.22330893800608,49501700,0.009889884835615925,0.013911187515304412,153.1843032836914,148.6455386352539,0.8181491918767279,1.1828606838268456
2023-03-31,162.545166015625,162.64374399803975,159.59787385661696,160.1203040734608,68749800,0.0156441206859681,0.012318717641018138,153.86789932250977,149.23374145507813,2.424861942164199,3.045870141422796
2023-04-03,163.79702758789062,163.91530912930577,161.87487733545584,161.92416632467473,56976200,0.007701622896280291,0.011898664220351383,154.47608642578126,149.79580200195312,1.8728612632158956,2.0404317938499332
2023-04-04,163.26475524902344,164.45746763773894,162.75217680448466,164.22090454094308,46278300,-0.0032495848472071653,0.011228734503190337,155.1675682067871,150.28343994140624,-0.9561492919196439,1.7052908332542813
2023-04-05,161.42144775390625,162.69303455117807,159.489445623491,162.38746386000238,51511700,-0.011290296502179165,0.011721269968366553,155.70429229736328,150.70625946044922,-0.9660161060961343,3.203588927687065
2023-04-06,162.30862426757812,162.60434321282244,159.686606015777,160.1104583059446,45390100,0.005496026246923691,0.010891693423252597,156.39774703979492,151.1600112915039,2.1981659616335207,2.9177371970454544
2023-04-10,159.71615600585938,159.71615600585938,157.79400566862077,159.11486640899105,47716900,-0.01597246155844967,0.011086309412688816,157.06458435058593,151.52057678222656,0.6012895968683267,1.9221503372386053
2023-04-11,158.50375366210938,160.0414742096721,158.21788648492154,160.03162242596915,47644200,-0.007590981238651429,0.01119162467492731,157.5737075805664,151.81811614990235,-1.5278687638597717,1.8235877247505528
2023-04-12,157.813720703125,159.74572277857914,157.49828319805357,158.9177218890988,50133100,-0.004353417146545024,0.011021732737666217,157.94384536743163,152.1595300292969,-1.1040011859738001,2.2474395805255654
2023-04-13,163.1957550048828,163.4323331532267,159.11487595150933,159.32188371142138,68445600,0.03410371593660311,0.01309814848232047,158.5633689880371,152.5831918334961,3.873871293461434,4.31745720171736
2023-04-14,162.85076904296875,163.94491858408577,161.48061917083933,162.23961256067847,49386500,-0.0021139395562326246,0.012692759357561532,159.02468566894532,152.97751373291015,0.6111564822902835,2.4642994132464366
2023-04-17,162.8704376220703,163.02815636045156,161.68757716598438,162.7324374862084,41516200,0.00012077670383225936,0.012557905312387523,159.52888107299805,153.26613006591796,0.1380001358619154,1.3405791944671819
2023-04-18,164.0927734375,165.01935243982652,163.2844759960185,163.72806193096773,49923000,0.00750495813283214,0.0122731341740726,159.9759048461914,153.50675476074218,0.3647115065322737,1.7348764438080195
2023-04-19,165.2362060546875,165.7586363174907,163.17604035173306,163.43233711220313,47720200,0.006968208247287722,0.012129226881080413,160.38744201660157,153.82477416992188,1.803868942484371,2.5825959657576334
2023-04-20,164.2702178955078,165.47279739564374,163.19578679746758,163.71821714939145,52456400,-0.005846104690033771,0.011984413994049193,160.82214584350587,154.0659957885742,0.552000746116363,2.2770105981761617
2023-04-21,162.66348266601562,164.07305473489896,162.14105238473394,162.69305305620966,58337300,-0.0097810500897626,0.012259128307957952,161.12229766845704,154.3288201904297,-0.02957039019403851,1.9320023501650212
2023-04-24,162.9690399169922,163.23518844762253,161.5496011414824,162.64375061086378,41949600,0.0018784624918177784,0.012167728727618935,161.3726692199707,154.6184243774414,0.3252893061284112,1.6855873061401212
2023-04-25,161.4313507080078,163.93507261234095,161.3919134894812,162.8310711478655,48714100,-0.009435468293656268,0.012011370320268897,161.64325027465821,154.86998046875,-1.3997204398576741,2.5431591228597483
2023-04-26,161.42144775390625,162.91974586384254,160.47516529354857,160.73144699304368,45498800,-6.13446772149695e-05,0.01194432688731525,161.94438781738282,155.0653497314453,0.6900007608625742,2.444580570293965
2023-04-27,166.0050506591797,166.15290259103057,162.83103216774902,162.83103216774902,64902300,0.02839525335109938,0.012747917466689332,162.32093200683593,155.36520538330078,3.1740184914306724,3.3218704232815526
2023-04-28,167.2569122314453,167.42449781718415,165.48262879614657,166.08391841749662,55275900,0.007541105329595066,0.01268595849211372,162.68170471191405,155.64810668945313,1.1729938139486933,1.9418690210375757
2023-05-01,167.168212890625,168.01593249804148,166.2317821133474,166.86264216717663,52472900,-0.0005303179380566903,0.01229901848528752,162.91285705566406,155.96117126464844,0.3055707234483691,1.7841503846940725
2023-05-02,166.13319396972656,167.91735928630777,165.14747425578494,167.6610625345139,48425700,-0.006191481639967189,0.01232110691201486,163.02966537475587,156.27640411376953,-1.527868564787326,2.769885030522829
2023-05-03,165.0587921142578,168.47924132633688,164.7729399649435,167.07952089132834,65136000,-0.006467111296641459,0.012397255053174891,163.11936721801757,156.65038665771485,-2.0207287770705307,3.706301361393372
2023-05-04,163.42247009277344,164.65461977543495,161.96360907995128,162.535328337613,81235400,-0.00991357079816546,0.012331296113192936,163.21941833496095,156.9831655883789,0.8871417551604281,2.6910106954836692
2023-05-05,171.09136962890625,171.81094077356033,168.32148473339686,168.5383442631647,113453200,0.046926836510176706,0.016089028489660435,163.65855560302734,157.45966247558593,2.553025365741547,3.489456040163475
2023-05-08,171.02235412597656,171.36736200944458,169.65220445536363,170.0169159017989,55962800,-0.00040338389411098685,0.015500916625783963,164.2238655090332,157.98781036376954,1.0054382241776523,1.715157554080946
2023-05-09,169.31707763671875,171.06179068201072,169.14950709207488,170.57879765359286,45326900,-0.009971073652755846,0.015599671735134015,164.76453170776367,158.4579983520508,-1.2617200168741078,1.9122835899358392
2023-05-10,171.08152770996094,171.54481722364216,169.4452292165715,170.54924563088602,53724500,0.010420981143012265,0.015562035035760972,165.42792205810548,158.97352966308594,0.5322820790749176,2.0995880070706505
2023-05-11,171.268798828125,172.09679977091955,169.71135988855104,171.3673768150292,49514700,0.001094630850395184,0.013878176873759411,165.8315742492676,159.53420654296875,-0.09857798690418917,2.3854398823685017
2023-05-12,170.3409423828125,171.8116866019269,168.79121464447562,171.3773676163626,45533100,-0.005417545120075529,0.01395551299380738,166.20608291625976,160.06449798583984,-1.0364252335500908,3.020471957451292
2023-05-15,169.84742736816406,170.97270170588305,169.25517137496644,170.92334452950067,37266700,-0.002897218999407314,0.013997045738200911,166.55493240356446,160.48398162841798,-1.075917161336605,1.7175303309166168
2023-05-16,169.84742736816406,170.9035986466086,169.58091066505557,169.76845889829133,42110300,0.0,0.013947591151788227,166.84266510009766,160.84826446533202,0.0789684698727342,1.322687981553031
2023-05-17,170.4593963623047,170.69628668546216,168.21871333171157,169.492059065459,57951600,0.003603051300942628,0.01390238400251818,167.10382461547852,161.26875,0.9673372968456988,2.4775733537505857
2023-05-18,172.78892517089844,172.97647339745131,170.35082834910114,170.76540150488879,65496700,0.013666180089259683,0.014032889701998258,167.52975997924804,161.7107891845703,2.023523666009652,2.6256450483501794
2023-05-19,172.89749145507812,174.11159953538055,172.68033195301507,174.11159953538055,55809500,0.0006283173766623573,0.013738577300864538,168.04146041870118,162.19994842529297,-1.2141080803024238,1.4312675823654786
2023-05-22,171.94989013671875,172.45331220735133,171.2095777379714,171.73273062815065,43570900,-0.005480711781209235,0.013872137417577538,168.4905029296875,162.71135803222657,0.21715950856810196,1.2437344693799446
2023-05-23,169.34397888183594,171.1404774028389,169.0675968111729,170.89370662105455,50747300,-0.015155062052152668,0.01419237696156263,168.8861343383789,163.13181182861328,-1.5497277392186106,2.0728805916660065
2023-05-24,169.62039184570312,170.19290197111815,168.31744971265542,168.88007936551583,45143500,0.0016322574070382068,0.014181405119460234,169.29608154296875,163.51600036621093,0.7403124801872991,1.8754522584627296
2023-05-25,170.75552368164062,171.65375792303627,169.47231254318322,170.18301363335365,56058300,0.00669218968064933,0.012871442177700167,169.5336051940918,163.91500518798827,0.572510048286972,2.181445379853045
2023-05-26,173.16400146484375,173.49962120538788,170.87397623432938,171.08127033696854,54835000,0.014104830879108299,0.01311524785825766,169.8289596557617,164.30579650878906,2.0827311278752063,2.625644971058506
2023-05-30,175.0098419189453,176.67801481811213,174.28927545149398,174.67423726963298,55964400,0.010659492957468375,0.0132478438684493,170.22104110717774,164.75026275634767,0.33560464931233014,2.388739366618154
2023-05-31,174.96051025390625,177.03339115324283,174.47683402760893,175.03947872320146,99625300,-0.00028187937602908164,0.013111889997531706,170.66240692138672,165.14642700195313,-0.07896846929520507,2.5565571256339013
2023-06-01,177.76380920410156,177.79342049505456,174.64462268903534,175.40468096744894,68901800,0.016022466704784355,0.013250484306654564,171.29765777587892,165.56159393310546,2.359128236652623,3.1487978060192177
2023-06-02,178.6127166748047,179.43199760539318,176.94454352013497,178.69168514468382,61996900,0.004775479747558986,0.012851651835911575,172.05717010498046,166.0223254394531,-0.07896846987912909,2.487454085258207
2023-06-05,177.26040649414062,182.56103856696868,175.74028990045602,180.27101332814428,121946500,-0.0075711864521168515,0.008393880942586066,172.3656219482422,166.4343246459961,-3.010606834003653,6.820748666512657
2023-06-06,176.89520263671875,177.79343698174293,175.13818052764557,177.64538051324874,64848400,-0.002060267516276637,0.008424954141561844,172.6592643737793,166.81299652099608,-0.7501778765299889,2.655256454097355
2023-06-07,175.52313232421875,178.8693435880805,175.0295907510138,176.13511905525095,61944600,-0.007756402050754008,0.0082764045303521,172.9695671081543,167.2030645751953,-0.6119867310322036,3.8397528370666976
2023-06-08,178.23760986328125,178.50411146672758,175.16778069465795,175.60208462454239,50214900,0.01546507006295017,0.008621504480558859,173.3273712158203,167.65984283447267,2.6355252387388646,3.33633077206963
2023-06-09,178.6226043701172,179.87618934318917,178.29686506682958,179.1556227362357,48900000,0.002160007122690155,0.008618346312471112,173.69506149291993,168.06281158447266,-0.5330183661185117,1.5793242763595856
2023-06-12,181.41603088378906,181.51474523727245,178.63246384356634,178.92859184232086,54274900,0.015638706666059488,0.008927176989529478,174.24881591796876,168.49030303955078,2.487439041468207,2.8822813937061085
2023-06-13,180.94219970703125,181.77134589189876,180.08344223425368,180.4387927508673,54929100,-0.0026118484372603668,0.008917154183812457,174.8035545349121,168.8582437133789,0.5034069561639569,1.68790365764508
2023-06-14,181.57395935058594,182.00827838693002,179.66889592317074,181.00144926283193,57462900,0.0034914997417827554,0.008885194510720706,175.3898811340332,169.2137823486328,0.5725100877540115,2.3393824637592786
2023-06-15,183.6073455810547,184.11076766616947,181.4061542027307,181.5838370156226,65433200,0.011198666580501504,0.009055871078362298,176.0472785949707,169.62063415527345,2.0235085654320812,2.7046134634387613
2023-06-16,182.5314483642578,184.57471809579366,181.8898502216663,184.31806678939995,101256200,-0.005859772186085577,0.008984039829951265,176.53440475463867,170.04283416748046,-1.7866184251421373,2.684867874127349
2023-06-20,182.62025451660156,183.69618663444365,182.02801364300083,182.02801364300083,49799100,0.0004865252160084488,0.00898588673336435,177.02054290771486,170.44906677246092,0.5922408736007299,1.668172991442816
2023-06-21,181.58383178710938,183.015099412311,180.23151756348105,182.51167734169172,49515700,-0.005675289043023279,0.008995398637500594,177.5022399902344,170.88642028808593,-0.9278455545823476,2.7835818488299537
2023-06-22,184.5845489501953,184.63390612000734,181.29756025506936,181.3666633051449,51245300,0.016525244200177536,0.00844575434398284,178.26426849365234,171.40803619384766,3.2178856450504156,3.3363458649379822
2023-06-23,184.2686767578125,185.13731475683954,182.6202496908907,183.15328303090953,53117000,-0.0017112602012427924,0.008535037151435994,178.9966827392578,171.9371353149414,1.1153937269029655,2.517065065948856
2023-06-26,182.8769073486328,185.6209974197008,182.83741558637178,184.4167547195407,48088700,-0.007552935385805815,0.008901289872849872,179.6027519226074,172.3307583618164,-1.5398473709078928,2.7835818333290376
2023-06-27,185.630859375,185.9565986299679,183.27173119056016,183.48889069387212,50730800,0.015059047455986851,0.00896361837828153,180.22609481811523,172.78636016845704,2.141968681127878,2.6848674394077534
2023-06-28,186.8054962158203,187.44709427325768,185.17681495512898,185.50253915791174,51216800,0.0063278101753942995,0.008833418871795819,180.81587753295898,173.26506134033204,1.3029570579085714,2.2702793181287007
2023-06-29,187.14111328125,187.6149240946042,186.49951518133068,186.63770623646846,46347300,0.0017966123707726656,0.00880118507232882,181.42490768432617,173.72602813720704,0.5034070447815395,1.1154089132735123
2023-06-30,191.4645233154297,191.96793030893548,188.7895213028153,189.15475231695294,85213200,0.023102406298514122,0.009453496370829673,182.10994338989258,174.2505944824219,2.3097709984767505,3.1784090061201766
2023-07-03,189.9740447998047,191.37570117698604,189.28307449044232,191.27698682945007,31458200,-0.007784619781334157,0.009793654854372467,182.6780097961426,174.76467102050782,-1.3029420296453793,2.092626686543724
2023-07-05,188.85862731933594,190.48730854754436,188.15779163185775,189.09553270560195,46920300,-0.005871420391370785,0.009702826471378278,183.25792083740234,175.28857391357423,-0.23690538626601665,2.329516915686611
2023-07-06,189.33241271972656,189.53970680413252,186.75612514844465,187.3878577490578,45094300,0.0025086775601175226,0.009625480716594912,183.87978134155273,175.8158413696289,1.9445549706687757,2.7835816556878683
2023-07-07,188.21701049804688,190.1813114167851,187.7827065576724,188.9375920522482,46815000,-0.005891237562851148,0.00951967722110371,184.51447525024415,176.3515545654297,-0.720581554201317,2.3986048591126803
2023-07-10,186.17376708984375,187.5359467558433,184.62403920180722,186.8153651594175,59922200,-0.01085578504725171,0.009603337604509122,184.91128311157226,176.84660095214844,-0.641598069573746,2.911907554036077
2023-07-11,185.650634765625,186.85487763479418,184.1897556525184,186.71668657087457,46638100,-0.002809914266634017,0.009669157357733887,185.26268463134767,177.23951263427733,-1.0660518052495718,2.6651219822757923
2023-07-12,187.31878662109375,189.22385000348103,186.03557542450565,187.22993768452707,60750200,0.00898543577604638,0.009281001817014816,185.55782241821288,177.6407501220703,0.08884893656667714,3.1882745789753812
2023-07-13,188.07882690429688,188.72044002337208,187.32864909209994,188.03935020331573,41342300,0.004057469605227126,0.009239805980070877,185.91465377807617,178.05896240234375,0.03947670098114031,1.3917909312721406
2023-07-14,188.2268829345703,188.71054402484233,187.1805772351739,187.7728180713282,41616200,0.0007872020083832254,0.009236253093402591,186.2472999572754,178.50083618164064,0.4540648632421096,1.5299667896684355
2023-07-17,191.48426818847656,191.81000743962883,189.33241906132668,189.421252931179,50520200,0.01730563245335448,0.009653419044490108,186.6411460876465,179.029345703125,2.0630152572975646,2.4775883783021584
2023-07-18,191.22763061523438,191.8198865800326,189.93455398917624,190.85254922844402,48288200,-0.001340254088077808,0.00950793939835181,187.07595520019532,179.58544891357423,0.37508138679035596,1.8853325908563647
2023-07-19,192.5799102783203,195.66947000209956,190.16154474141445,190.60574416603285,80507300,0.007071570456294696,0.009553103577950115,187.57393798828124,180.0152197265625,1.9741661122874632,5.507925260685113
2023-07-20,190.6353759765625,193.93223012421538,190.01350876450033,192.57005054034346,59581200,-0.010097285324037863,0.009805037701950375,188.0265151977539,180.4074801635742,-1.934674563780959,3.9187213597150503
2023-07-21,189.4607696533203,192.4516308259383,188.75993388819955,191.5928731808388,71951700,-0.006161533856059331,0.009398592765459459,188.27032623291015,180.81035400390624,-2.1321035275184954,3.6916969377387545
2023-07-24,190.26028442382812,192.3923877240068,189.76674282999198,190.9117629424984,45377800,0.004219948921197592,0.009390610712509458,188.56990661621094,181.1939291381836,-0.6514785186702738,2.625644894014812
2023-07-25,191.11904907226562,191.92846454581797,190.42809382758358,190.83280156435973,37283200,0.004513630635201382,0.009153333708592818,188.98201370239258,181.59093414306642,0.28624750790589815,1.500370718234393
2023-07-26,191.9876708984375,193.112945076557,190.82292002182845,191.16839008411552,47471900,0.004544925429402991,0.008667768317218145,189.29985427856445,182.0238687133789,0.819280814321985,2.2900250547285452
2023-07-27,190.72421264648438,194.65279947329122,190.06286872536143,193.48804855415668,47460200,-0.006580934317503617,0.008786436090594523,189.49579010009765,182.44140441894533,-2.763835907672302,4.589930747929799
2023-07-28,193.30052185058594,194.09019149232068,191.63234868611636,192.15550162315532,48291400,0.013508034288634674,0.009216772052533979,189.80376052856445,182.91046630859375,1.1450202274306207,2.457842806204326
2023-07-31,193.91249084472656,193.95198260711592,192.7378594315981,193.52752900074864,38824100,0.0031658941645984484,0.007734646522030207,189.9261589050293,183.37952819824218,0.3849618439779192,1.2141231755178126
2023-08-01,193.08335876464844,194.1888872056883,192.7576194786216,193.70522604358104,35175100,-0.0042758054237055365,0.0075709934455169435,190.08162460327148,183.7854168701172,-0.6218672789325979,1.431267727066711
2023-08-02,190.09246826171875,192.65887532596588,189.37190180440743,192.52068429221174,50389300,-0.015490151621897819,0.008290985699667444,190.14331665039063,184.12931640625,-2.4282160304929903,3.2869735215584512
2023-08-03,188.70068359375,189.8851803589987,188.22688789998924,189.09552588996192,61235200,-0.007321619213511155,0.00844671614874394,190.1117301940918,184.46433227539063,-0.3948422962119196,1.6582924590094592
2023-08-04,179.63926696777344,184.9596445164711,179.57016391801557,183.12366926443607,115956800,-0.04802005193306402,0.013624366191700592,189.68284301757814,184.67023803710939,-3.484402296662637,5.3894805984555205
2023-08-07,176.53982543945312,180.76454006954836,175.05920073091434,179.7774569305225,97576100,-0.017253697260278478,0.013909444950880506,189.2011459350586,184.80862670898438,-3.2376314910693793,5.705339338634019
2023-08-08,177.4775390625,177.9414693105031,175.2862134413724,177.36895932229305,67823000,0.005311626544960424,0.014019865029836221,188.79249114990233,184.94306701660156,0.10857974020694883,2.6552558691306842
2023-08-09,175.8883514404297,178.59294967088076,174.72358547458126,178.53372709089916,60378500,-0.008954302783692913,0.013842457717887823,188.22096939086913,184.99755401611327,-2.645375650469475,3.8693641962995002
2023-08-10,175.6711883544922,178.41527829006225,175.30597241092943,177.1616784798233,54686900,-0.001234664400223462,0.013749704166630109,187.6005874633789,185.0107809448242,-1.490490125331121,3.109305879132819
2023-08-11,175.73048400878906,176.55087114534,174.50485775151037,175.26594233781003,52036700,0.00033753773087252803,0.013743009145052654,186.97576751708985,185.02618041992187,0.4645416709790311,2.0460133938296394
2023-08-14,177.3811492919922,177.60848075837384,175.2560457553654,175.90840396188517,43675600,0.00939316415426572,0.013221463918667664,186.27061157226564,185.01852722167968,1.472745330107017,2.352435003008452
2023-08-15,175.39443969726562,177.40092323969566,174.99907927707545,176.8078826094104,43622600,-0.011200229577136067,0.013311064790518086,185.47895202636718,184.9541616821289,-1.4134429121447738,2.4018439626202053
2023-08-16,174.52462768554688,176.471793411816,174.45543132326716,175.07813825565708,46964900,-0.004959176660446429,0.013042774230833868,184.57618789672853,184.89944610595703,-0.5535105701102054,2.0163620885488456
2023-08-17,171.98440551757812,175.4537406821077,171.47042491030345,175.08803154260252,66062900,-0.014555092892366117,0.013174986199653632,183.6436393737793,184.80123016357422,-3.103626025024397,3.983315771804257
2023-08-18,172.46875,173.0716844916875,169.96805819399307,170.30411608587545,61172200,0.0028162116266545745,0.01328760397484608,182.79403839111328,184.74014251708985,2.1646339141245505,3.103626297694433
2023-08-21,173.8031005859375,174.08974972921308,171.7274356199635,173.04203097276417,46311900,0.007736767303859304,0.013432964398838548,181.97117919921874,184.65145233154297,0.7610696131733334,2.3623141092495814
2023-08-22,175.177001953125,175.62178623446252,174.20835828322907,175.00897300604348,42038900,0.007904930133902699,0.013572427960574781,181.17407684326173,184.58254028320312,0.16802894708152394,1.4134279512334444
2023-08-23,179.02191162109375,179.44693836874362,176.26423745502308,176.45203891919172,52722800,0.021948712588411468,0.014679206281623546,180.52578887939453,184.53465789794922,2.569872701902028,3.182700913720538
2023-08-24,174.33682250976562,179.00214733275968,173.9710983264249,178.57712060131817,54945800,-0.02617047862411548,0.015532367926140777,179.7064193725586,184.4025503540039,-4.240298091552546,5.031049006334769
2023-08-25,176.541015625,177.07475372946672,173.78334110152613,175.3252679389123,51449600,0.012643302106248422,0.015481114370114844,178.8684440612793,184.30189147949218,1.2157476860876955,3.2914126279405878
2023-08-28,178.10272216796875,178.49808262553688,176.48172016068384,178.00387451255935,43820700,0.00884614001703743,0.01567824164864405,178.0779556274414,184.19179901123047,0.09884765540940066,2.016362464853046
2023-08-29,181.9871368408203,182.75810006234997,177.42066005452457,177.6183402248088,53003900,0.021809968009294023,0.016715744648245726,177.52314453125,184.18091278076173,4.368796616011508,5.337440007825393
2023-08-30,185.47628784179688,185.67398314097,182.6000082560471,182.7976884731864,60813900,0.019172514396050166,0.01712493977300981,177.2923355102539,184.23803344726562,2.678599368610463,3.0739748849229045
2023-08-31,185.6937255859375,186.9292456956689,185.30824391498263,185.66407430986655,60794500,0.0011723209832952275,0.017067422883390825,177.1419876098633,184.32023132324218,0.029651276070950416,1.6210017806862709
2023-09-01,187.26531982421875,187.7199827815663,186.09898099052413,187.29497110047913,45766500,0.008463367479554007,0.013009494228884142,177.52329025268554,184.37384674072266,-0.02965127626038111,1.6210017910421755
2023-09-05,187.50254821777344,187.7793035443977,185.43676200045883,186.09899903788357,45280000,0.001266803665395111,0.012187988067368873,178.07142639160156,184.43852416992186,1.4035491798898647,2.3425415439388644
2023-09-06,180.79119873046875,186.66239298088038,179.3678770840619,186.21759365485326,81755800,-0.03579337748258138,0.014946723738726932,178.237109375,184.3968099975586,-5.42639492438451,7.2945158968184955
2023-09-07,175.503173828125,176.1456533918577,171.52973657694065,173.15073850258275,112488800,-0.0292493491910929,0.016289058074152957,178.21785049438478,184.19425628662108,2.3524353255422454,4.615916814917057
2023-09-08,176.1160125732422,178.15216286037003,175.73053081190963,176.2840566197529,65551300,0.0034918955124843,0.01630421584664886,178.24009170532227,183.98046661376952,-0.16804404651071536,2.4216320484603955
2023-09-11,177.28231811523438,178.21143169284028,175.28571330476424,177.98410020535158,58953100,0.006622370816550038,0.016366362168838113,178.31768341064452,183.78329071044922,-0.7017820901172058,2.925718388076035
2023-09-12,174.2577667236328,178.043402311121,172.79491507430095,177.4108165912451,90370200,-0.01706064893417958,0.01668153084256328,178.16151428222656,183.43915557861328,-3.153049867612282,5.248487236820068
2023-09-13,172.19200134277344,175.24620393193433,171.96465474647994,174.46534664942806,84267900,-0.011854653136554982,0.016703725512603063,178.00139236450195,183.08351470947267,-2.273345306654619,3.281549185454395
2023-09-14,173.70425415039062,174.060084556446,171.56927171405846,171.98440467411754,60895800,0.008782363848636843,0.016805401562214314,177.96037368774415,182.78042724609375,1.7198494762730832,2.490812842387527
2023-09-15,172.98268127441406,174.45542656560403,171.80647888602266,174.4356540223445,109259500,-0.0041540311117068685,0.016492568397809413,178.01028747558593,182.4534326171875,-1.4529727479304313,2.6489476795813687
2023-09-18,175.908447265625,177.30211784571853,174.12929493806257,174.43570157296918,67257600,0.016913635340000344,0.01689668234176041,178.1822723388672,182.20726135253906,1.4727456926558204,3.1728229076559558
2023-09-19,176.9956817626953,177.54919237650395,175.07815207769175,175.46363376102514,51826900,0.006180683838500123,0.016868191574228343,178.34190139770507,182.0236996459961,1.5320480016701765,2.4710402988121984
2023-09-20,173.4571533203125,177.61837681135137,173.36818440563272,177.18347129792434,58436200,-0.01999217386064278,0.017415775087696327,178.25590896606445,181.77983001708984,-3.726317977611842,4.25019240571865
2023-09-21,171.91522216796875,174.25777881422758,171.84604087673065,172.52805046683002,63149100,-0.00888940653543624,0.016687745291971513,177.90057449340821,181.47175872802734,-0.6128282988612739,2.4117379374969232
2023-09-22,172.76524353027344,175.0287248458324,172.03382526857388,172.6466384244914,56725400,0.00494442174221299,0.015727771218126907,177.8219955444336,181.16548706054687,0.11860510578202366,2.994899577258508
2023-09-25,174.04029846191406,174.91998813589507,172.13264765845275,172.18207147695253,46172700,0.0073802745597797426,0.015542142411088247,177.69695968627929,180.88175537109376,1.858226984961533,2.7873404774423136
2023-09-26,169.96803283691406,173.17049122867175,169.67150500159482,172.79490338049743,64588900,-0.023398406351797574,0.01617068357622974,177.29022521972655,180.4514306640625,-2.826870543583368,3.4989862270769265
2023-09-27,168.45574951171875,171.0355161486817,167.09174554279588,170.6203831944849,66921800,-0.008897457362740502,0.015198634617641812,176.6136558532715,179.9959930419922,-2.1646336827661514,3.943770605885817
2023-09-28,168.71275329589844,170.03722730338785,165.67830850769053,167.37838547451082,56294400,0.0015256456661445483,0.014282801688999765,175.77547912597657,179.51864990234375,1.334367821387616,4.3589187956973205
2023-09-29,169.2267303466797,171.06518493104676,168.36679806748614,170.02734498983367,51861100,0.003046462349409973,0.014328928064420364,174.95212936401367,179.0904769897461,-0.8006146431539776,2.6983868635606143
2023-10-02,171.7373046875,172.28093658205415,168.9499639274405,169.23661305458424,52164500,0.014835566081535356,0.014699191397621854,174.17572860717775,178.7360076904297,2.5006916329157605,3.330972654613646
2023-10-03,170.40292358398438,171.61868620307462,168.84123947337378,170.26454593815689,49594600,-0.007769896621725336,0.014660657894115763,173.32074737548828,178.33886047363282,0.13837764582748946,2.7774467297008414
2023-10-04,171.64834594726562,172.19197782627828,168.98950418793981,169.10810929534875,53020300,0.0073086912893687295,0.012907407920927092,172.8636047363281,177.9494464111328,2.540236651916871,3.2024736383384607
2023-10-05,172.88388061523438,173.41761872545223,170.67970163713667,171.77684421895017,48527900,0.007198057523655654,0.011421077660365462,172.7326400756836,177.56737060546874,1.107036396284201,2.7379170883155552
2023-10-06,175.43399047851562,175.92819856079907,171.17390414032383,171.78673241813826,57266700,0.014750420075060111,0.01190520630561317,172.69853897094725,177.26156616210938,3.647258060377368,4.754294420475247
2023-10-09,176.91659545898438,176.97589800927489,173.76354582426052,174.7618406122257,42390800,0.008451070265373284,0.011966630583051646,172.68025283813478,176.93388763427734,2.1547548467586637,3.2123521850143675
2023-10-10,176.32354736328125,177.6381425852869,175.88864186643335,176.03691333055846,43698000,-0.003352133778996569,0.011314960613707856,172.78354187011718,176.58210876464844,0.2866340327227874,1.7495007188535396
2023-10-11,177.7172088623047,177.76663268122664,175.5426965680271,176.13573714899445,47551100,0.007904001024616747,0.011024504411806267,173.05980224609374,176.27478576660155,1.5814717133102363,2.223936113199528
2023-10-12,178.6166534423828,180.2277611894478,176.96598552924357,177.98406783595772,56743100,0.005061100080493652,0.010928572980142676,173.30542221069337,176.04526947021483,0.6325856064250956,3.261775660204222
2023-10-13,176.7782440185547,179.82255265296823,176.0764618780152,179.31846581874476,51427100,-0.010292486105844212,0.011177669898182172,173.49520034790038,175.80682067871095,-2.540221800190068,3.746090774953018
2023-10-16,176.64971923828125,177.00554962273654,174.46531311220224,174.7025383958498,52517000,-0.0007270395799380269,0.010546076892106163,173.5322639465332,175.7470297241211,1.947180842431436,2.5402365105342994
2023-10-17,175.097900390625,176.35319301979084,172.7751316803463,174.60369235668924,57549400,-0.008784722978036674,0.01063467571414388,173.4373748779297,175.71819122314454,0.49420803393576307,3.578061339444531
2023-10-18,173.8031005859375,175.5229501994882,173.08156098457755,173.5461178040648,54764400,-0.0073947191930853196,0.00975518030728683,173.45467224121094,175.6447024536133,0.2569827818726935,2.4413892149106573
2023-10-19,173.427490234375,175.7799102245973,173.16061367257353,174.00075828264139,59302900,-0.0021611257238577375,0.009540886848704045,173.53028564453126,175.5954852294922,-0.5732680482663852,2.619296552023769
2023-10-20,170.8773956298828,173.3879661145723,170.64017031492207,173.27923973046956,64244000,-0.014704096801757993,0.010054899059904351,173.4358932495117,175.499609375,-2.401844100586743,2.74779579965022
2023-10-23,170.99598693847656,171.99428177951037,167.96154224302492,168.93020088937016,55980100,0.0006940140219049429,0.009888847095997277,173.28367767333984,175.40491943359376,2.065786049106407,4.032739536485451
2023-10-24,171.430908203125,171.6582397062376,169.46395453488128,171.04542648826694,43816600,0.0025434588988624274,0.00835612792936084,173.3568214416504,175.2859146118164,0.3854817148580594,2.194285171356313
2023-10-25,169.1179962158203,171.05528327402416,168.6731969171006,169.88895954662036,57157000,-0.013491802683353704,0.00868369308821236,173.38993377685546,175.1603857421875,-0.7709633308000434,2.3820863569235655
2023-10-26,164.95677185058594,169.39476582537458,163.75090293239452,168.3964558542296,70625300,-0.024605449794497414,0.010295141636578301,173.20213470458984,174.96902862548828,-3.439684003643663,5.643862892980053
2023-10-27,166.2713623046875,167.00279566914165,164.89746448966903,164.97653958977486,58499100,0.007969302741279938,0.01045643975699162,173.05436630249022,174.85476776123048,1.294822714912641,2.105331179472614
2023-10-30,168.31739807128906,169.18720920526536,166.91384879366788,167.06212028170575,51131000,0.0123054008714516,0.010270607969969394,172.88337097167968,174.77174072265626,1.2552777895833174,2.27336041159748
2023-10-31,168.7918243408203,168.92030818010912,165.9550598323106,167.38827526603964,44846000,0.0028186407048087503,0.01017326708804992,172.80281600952148,174.6715151977539,1.4035490747806705,2.965248347798507
2023-11-01,171.95474243164062,172.2117251766134,168.14933458405196,169.01914553939386,56934900,0.018738573998902996,0.010923955193048927,172.81813583374023,174.6070700073242,2.935596892246764,4.0623905925614565
2023-11-02,175.51304626464844,175.72060519042475,173.42748778366638,173.48679033388817,77334800,0.020693257904313977,0.011766756895561857,172.94959411621093,174.53689270019532,2.0262559307602714,2.2931174067583697
2023-11-03,174.6036834716797,174.77172746685503,171.34192267930985,172.2216123316697,79829200,-0.005181169219737436,0.011361986542456964,172.90807876586913,174.5422299194336,2.382071140009998,3.42980478754518
2023-11-06,177.15380859375,177.35148879200258,174.16880291146146,174.33683183407777,63841300,0.014605219496895305,0.011686613909759285,172.91993942260743,174.55448577880858,2.8169767596722295,3.182685880541129
2023-11-07,179.7138214111328,180.32663456302825,176.89682951103612,177.1043884447924,70530000,0.014450791872352209,0.012078703562472388,173.089453125,174.58670776367188,2.609432966340421,3.4298050519921333
2023-11-08,180.7714080810547,181.32491864766183,179.48646421884135,180.23767005812115,49340300,0.0058848376914897305,0.012026479881898075,173.2421630859375,174.56239318847656,0.5337380229335338,1.8384544288204836
2023-11-09,180.29701232910156,181.9871956757889,179.70395654448856,180.84064428465763,53763500,-0.0026242853169590186,0.012010006873621632,173.32618103027343,174.45880767822266,-0.5436319555560658,2.2832391313003484
2023-11-10,184.48350524902344,184.6517706680945,181.64301825007877,182.07849676599454,66133400,0.023219979443032335,0.012735491122020803,173.71144409179686,174.43460327148438,2.405008483028894,3.008752418015746
2023-11-13,182.89991760253906,184.11726670158296,182.31598751701966,183.90943434662208,43627500,-0.008583898296743553,0.012950301818277278,174.02395401000976,174.34729522705078,-1.0095167440830153,1.801279184563299
2023-11-14,185.51280212402344,186.17591157835597,184.38452385663774,185.77012344749633,60108400,0.01428587041336149,0.012983469582711139,174.5446990966797,174.30750030517578,-0.25732132347289394,1.7913877217182232
2023-11-15,186.07691955566406,187.55160515956638,185.84928859059917,185.91857611582427,53790500,0.0030408544595401654,0.012752515099202713,175.15839004516602,174.41321472167968,0.15834343983979693,1.7023165689672055
2023-11-16,187.7594757080078,188.9966236513369,186.7103615664657,187.6209157424311,54412900,0.009042261428024334,0.012737042050283188,175.87498931884767,174.65834075927734,0.138559965576718,2.286262084871197
2023-11-17,187.73965454101562,188.42256253993392,186.63117494967102,188.2938943366879,50922700,-0.00010556679985096462,0.01200254521466831,176.7181022644043,174.8908135986328,-0.554239795672288,1.7913875902629002
2023-11-20,189.48158264160156,189.93685974559065,187.92773262314063,187.93762437034974,46505100,0.009278423915525913,0.012002040567732328,177.64238204956055,175.13479888916015,1.5439582712518245,2.0091271224500247
2023-11-21,188.67991638183594,189.5508734120303,187.78917585688575,189.442003783256,38134500,-0.00423084000349494,0.012175714438629017,178.50483245849608,175.42324188232422,-0.7620874014200751,1.7616975551445648
2023-11-22,189.343017578125,190.94635649331246,188.8679569924961,189.52117473642568,39617700,0.003514423840145886,0.011394241084856267,179.51608352661134,175.76626220703125,-0.17815715830067802,2.0783995008163743
2023-11-24,188.01678466796875,188.93721542830764,187.30418629136327,188.9075250877743,24048300,-0.007004393017075672,0.009440472781833313,180.66908416748046,176.05251281738282,-0.8907404198055531,1.6330291369443728
2023-11-27,187.838623046875,188.7095799535061,186.95777439426936,187.9672912540552,40552600,-0.0009475835969027235,0.009582188589100779,181.74744720458983,176.34963165283204,-0.12866820718019767,1.7518055592367432
2023-11-28,188.44236755371094,189.11538388382388,187.45264920500045,187.82874701011957,38415400,0.0032141659528950317,0.009490517735410925,182.75369567871093,176.60031005859375,0.6136205435913666,1.6627346788234263
2023-11-29,187.42295837402344,190.11499348364924,187.02707707633283,188.93722623545,43014200,-0.005409660220899837,0.009795691416286447,183.68525238037108,176.80885559082031,-1.5142678614265606,3.0879164073164134
2023-11-30,187.99697875976562,188.36318478193425,186.2550800746654,187.888109148078,48794400,0.0030627004862266993,0.009276720423420608,184.48736419677735,177.0996520996094,0.10886961168762355,2.108104707268865
2023-12-01,189.27374267578125,189.5904446947665,187.28439912721964,188.37309535289532,45704800,0.006791406566416969,0.00848759061392819,185.17539901733397,177.44682250976564,0.9006473228859306,2.306045567546846
2023-12-04,187.48231506347656,188.09595062883508,185.52267721747734,188.0266631045601,43389500,-0.009464744485838894,0.008775712033750193,185.81933059692383,177.7411639404297,-0.5443480410835377,2.5732734113577465
2023-12-05,191.43133544921875,192.4012552746417,188.22464232394302,188.25434777036742,66628400,0.021063428752760682,0.009304802052582594,186.53320693969727,178.08898468017577,3.176987678851333,4.176612950698683
2023-12-06,190.34262084960938,192.7575206909756,190.1347733725338,192.45071045016567,41089700,-0.005687232955119748,0.00919464733894947,187.06464691162108,178.4964764404297,-2.1080896005562977,2.62274731844181
2023-12-07,192.2725830078125,192.99507315570867,191.59956669458757,191.63916388460834,47477700,0.010139411496955297,0.00931535034328184,187.63970565795898,178.97281311035155,0.6334191232041633,1.3955064611211014
2023-12-08,193.69776916503906,193.97488907234165,191.67873543823174,192.2032849129047,53406400,0.007412321272912026,0.009259232627024501,188.30974349975585,179.47251342773438,1.494484252134356,2.2961536341099134
2023-12-11,191.19381713867188,191.50064256658672,189.4519179738354,191.12454469501162,60943700,-0.012927108232380857,0.008748195522229536,188.64525909423827,179.91185516357422,0.0692724436602532,2.048724592751313
2023-12-12,192.7080535888672,192.71794533501543,189.748790485074,191.09480795445688,52696900,0.007919902813055213,0.008489304371049406,189.1356658935547,180.33127014160155,1.6132456344103048,2.969154849941418
2023-12-13,195.92465209960938,195.96423418895137,192.8466274130704,193.08415015292962,70404200,0.01669156244816139,0.008677808934252922,189.656258392334,180.84170471191408,2.840501946679751,3.1176067758809722
2023-12-14,196.07310485839844,197.567574144968,194.14315707722483,195.98403383047588,66831600,0.0007577033170567127,0.008689064198715806,190.15606765747071,181.33019989013673,0.08907102792255728,3.4244170677431782
2023-12-15,195.53863525390625,196.36008808380646,194.97448862167192,195.49903806818725,128538400,-0.002725869031747985,0.008632074669165503,190.54502563476564,181.78329498291015,0.03959718571900339,1.385599462134536
2023-12-18,193.87591552734375,194.60831249977454,192.39133809002112,194.0738561652729,55751900,-0.008503279796360785,0.008942001123134919,190.85183868408203,182.15213348388673,-0.1979406379291504,2.216974409753419
2023-12-19,194.91514587402344,194.9250376214273,193.87593852424982,194.14316672319833,40714100,0.005360285953275756,0.008807928324391583,191.12351684570314,182.5121044921875,0.7719791508251035,1.049099097177475
2023-12-20,192.82681274414062,195.64750075817219,192.82681274414062,194.87552171417178,52242800,-0.010714062883715236,0.009141059900876923,191.33086166381835,182.84216979980468,-2.048708970031157,2.8206880140315604
2023-12-21,192.6783447265625,195.0536776254948,191.51048442189503,194.08375795359612,46482500,-0.0007699552539672805,0.009132368243905136,191.49762802124025,183.14139251708986,-1.4054132270336197,3.5431932035997704
2023-12-22,191.60948181152344,193.4008696387368,190.98595440796598,193.17322354105164,37149600,-0.0055473951499631635,0.009071495095341208,191.67726287841796,183.40124908447265,-1.5637417295282035,2.4149152307708164
2023-12-26,191.0651397705078,191.8964996004414,190.84740051477698,191.6193796571302,28919300,-0.002840893028201341,0.009102558396632848,191.8385887145996,183.68698699951173,-0.5542398866223834,1.049099085664409
2023-12-27,191.16409301757812,191.5105004803971,189.12527563548673,190.5108903848591,48087700,0.0005179031988209459,0.00908629434111952,191.97467498779298,183.97727447509766,0.6532026327190295,2.3852248449103683
2023-12-28,191.5896759033203,192.65857351066379,191.18388776405135,192.14391575114956,34049900,0.002226270001987496,0.00897329430303017,192.18301086425782,184.30710998535156,-0.5542398478292512,1.4746857466124368
2023-12-29,190.5504608154297,192.40122918172025,189.758683164504,191.9063700376295,42672100,-0.005424170603091527,0.009077556080272709,192.31068496704103,184.6420571899414,-1.3559092221998128,2.6425460172162616
2024-01-02,183.73129272460938,186.50250680575422,181.99928581163158,185.2257618242656,82488700,-0.03578667856083262,0.01207507052400929,192.03356246948243,184.8481332397461,-1.4944690996562144,4.503220994122643
2024-01-03,182.35560607910156,183.96885182302105,181.5440297827802,182.32591573673892,58414500,-0.00748749233245638,0.012013634906795785,191.77722702026367,185.07769744873048,0.029690342362641786,2.424822040240855
2024-01-04,180.03964233398438,181.20750256721809,179.02023379077144,180.2771650380176,71983600,-0.012700260742806946,0.011035746262866889,191.20764236450196,185.25857055664062,-0.23752270403323905,2.1872687764466434
2024-01-05,179.31716918945312,180.88092604513352,178.31755906038765,180.11885376441708,62379700,-0.004012855919759195,0.01102066385323788,190.65636978149413,185.41629577636718,-0.8016845749639572,2.563366984745869
2024-01-08,183.65211486816406,183.69171205497358,179.63386121540748,180.21779135468154,59144500,0.02417473852785923,0.012271904771721043,190.22534637451173,185.70697814941406,3.434323513482525,4.0578508395661
2024-01-09,183.2364501953125,183.24634194188326,180.85122540618832,182.0289926299427,42841800,-0.0022633263610928323,0.012061143874575563,189.7022804260254,186.0725717163086,1.2074575653697934,2.395116535694939
2024-01-10,184.27566528320312,184.48349768333688,182.02900036017593,182.4545871112419,46792900,0.005671443027754242,0.01194779633436132,189.35637283325195,186.4326577758789,1.8210781719612328,2.4544973231609504
2024-01-11,183.6818084716797,185.12680377786887,181.73206228896322,184.6220377994394,49128400,-0.0032226545518680982,0.011729836426640395,188.9050605773926,186.7399459838867,-0.9402293277597096,3.3947414889056517
2024-01-12,184.00840759277344,184.81998377301193,183.28591752878404,184.14696753794814,40477800,0.0017780700430336527,0.01090178519343966,188.3092483520508,187.04427764892577,-0.1385599451747055,1.534066244227887
2024-01-16,181.74197387695312,182.36548612847807,179.0697224204938,180.28708678689063,65603000,-0.012317011735877403,0.011050817849616085,187.59269180297852,187.24002227783203,1.454887090062499,3.295763707984264
2024-01-17,180.80174255371094,181.04917214343425,178.44622312883942,179.40625114511818,47317400,-0.005173440692785469,0.011052672392992777,186.85584716796876,187.34579620361328,1.3954914085927612,2.6029490145948273
2024-01-18,186.6905517578125,187.19530261085842,183.91933773499053,184.17665903424702,78005800,0.03257053345242045,0.013652957866563915,186.4965789794922,187.58753356933593,2.513892723565476,3.275964875867885
2024-01-19,189.5904541015625,189.97644367310738,186.8786353534436,187.38338630026252,68903000,0.015533203563038,0.014115348175577774,186.23034439086913,187.8362664794922,2.207067801299985,3.097808319663784
2024-01-22,191.896484375,193.32168117146784,190.2832386815117,190.32283587135973,60133900,0.012163219315895368,0.014237826387450208,186.1838279724121,188.07991973876952,1.5736485036402712,3.0384424899561395
2024-01-23,193.17320251464844,193.7373491711095,191.83709192633378,193.01485907067706,42355600,0.0066531606548534405,0.014317224764057036,186.2085708618164,188.3279556274414,0.15834344397137556,1.9002572447757302
2024-01-24,192.5001983642578,194.36087349468033,192.3418398208385,193.41073733606618,53631300,-0.0034839415696884535,0.014280822313137662,186.25310668945312,188.57201934814452,-0.9105389718083643,2.0190336738418466
2024-01-25,192.17361450195312,194.2520291241628,191.1245154438125,193.21282181305796,54822100,-0.0016965377962193662,0.014269742401303555,186.30853042602538,188.72582153320312,-1.0392073111048319,3.1275136803502903
2024-01-26,190.4415740966797,192.75751105858055,189.966513589549,192.27255880614135,44594000,-0.009012893938443511,0.014423419520823771,186.27240447998048,188.87665466308593,-1.83098470946166,2.790997469031538
2024-01-29,189.7586669921875,190.22383575614066,187.6307788947091,190.03578688110838,47145600,-0.0035859139882213897,0.014432832891856052,186.18085403442382,188.96157196044922,-0.277119888920879,2.593056861431563
2024-01-30,186.1066436767578,189.82799457367844,185.54251203451676,188.97683613469175,55859400,-0.019245620626013538,0.015006509945038023,185.95866317749022,188.96216644287108,-2.870192457933939,4.285482539161677
2024-01-31,182.5040740966797,185.17632596329628,182.45460025625744,185.1169301713608,55467800,-0.019357554942183053,0.013366248302276968,185.89730224609374,188.85705841064453,-2.6128560746811047,2.7217257070388428
2024-02-01,184.93878173828125,185.0278527702626,181.93004443231115,182.09829474891072,64885400,0.013340565977238317,0.01358237750326139,186.02646102905274,188.80104095458984,2.8404869893705325,3.0978083379514487
2024-02-02,183.93914794921875,185.40392677166545,177.4070012757119,178.01073002917815,102551700,-0.005405214523783064,0.013295946811881053,186.22143630981446,188.69019226074218,5.9284179200406015,7.996925495953548
2024-02-05,185.7503204345703,187.30418539055444,183.9292424150712,186.21548923655902,69668800,0.009846585164413169,0.01337335036611235,186.5430938720703,188.63160034179688,-0.46516880198871036,3.3749429754832363
2024-02-06,187.3536834716797,187.36357521832525,184.8496972971495,184.93876832266957,43490800,0.00863181841817684,0.012425679769171107,186.7281723022461,188.59181365966796,2.4149151490101133,2.513877921175748
2024-02-07,187.4625701904297,189.085707800641,186.67079243137192,188.679919622612,53439000,0.0005811826953829868,0.012401759609969124,186.93947830200196,188.58072937011718,-1.217349432182317,2.4149153692690675
2024-02-08,186.38375854492188,187.59120098390878,185.42373058041275,187.44274927884152,40962000,-0.005754810917250941,0.012448682405685169,187.04488296508788,188.55163208007812,-1.058990733919643,2.1674704034960257
2024-02-09,187.14682006835938,188.27653811843788,186.30447993507684,186.9486117161699,45155200,0.004094034423356652,0.012436631929802855,187.21813354492187,188.5257211303711,0.19820835218948218,1.9720581833610424
2024-02-12,185.46214294433594,186.9684387436886,185.10538907399385,186.72069342042812,41781900,-0.009001900878722213,0.012633540507250907,187.2908203125,188.48650482177734,-1.2585504760921822,1.8630496696947603
2024-02-13,183.3711395263672,184.53060074172208,181.85493962465304,184.094566630165,56529500,-0.011274556547081094,0.01258004960646315,187.3722785949707,188.39398803710938,-0.7234271037978033,2.6756611170690405
2024-02-14,182.48919677734375,183.85675578337245,180.79462725534452,183.64865818230027,54630500,-0.004809604997282668,0.012571641688584467,187.45665130615234,188.25829711914062,-1.1594614049565166,3.0621285280279267
2024-02-15,182.20181274414062,182.82613576875198,179.71445525689393,181.8946109768474,65434500,-0.0015748002527172789,0.010060477097835184,187.23221435546876,188.1526870727539,0.3072017672932361,3.1116805118580544
2024-02-16,180.665771484375,183.18287207946292,180.0315441516518,181.76576116844507,49752500,-0.008430438954647679,0.009370030064841398,186.78598022460938,187.93737579345702,-1.0999896840700671,3.1513279278111384
2024-02-20,179.9225616455078,180.78471053407532,178.3766332434525,180.15048310961222,53665600,-0.004113727978248827,0.008726414670050269,186.18728408813476,187.728974609375,-0.22792146410441205,2.4080772906228276
2024-02-21,180.67568969726562,181.24054108716462,179.03065736673128,180.29911202321813,41371400,0.0041858455374910175,0.008596560372787299,185.56240844726562,187.49703674316407,0.3765776740474962,2.2098837204333392
2024-02-22,182.7071990966797,183.29188949706392,180.8144364958238,181.82522643308513,52292200,0.011243955414355966,0.009190563822023944,185.07275848388673,187.27722534179688,0.8819726635945528,2.4774530012401215
2024-02-23,180.8739013671875,183.3711632214272,180.58650833781007,183.34143499372246,45119700,-0.0100340749491874,0.009336929858423144,184.50777282714844,187.0708270263672,-2.4675336265349586,2.7846548836171223
2024-02-26,179.52615356445312,181.11171437415507,179.0207434868858,180.59641504961763,40867400,-0.007451311618464795,0.009290271820932483,183.9620018005371,186.8071890258789,-1.070261485164508,2.0909708872692647
2024-02-27,180.98291015625,182.26126931281985,177.94059046680667,179.46671005654383,54318900,0.008114453314312708,0.00960814299348643,183.52321395874023,186.50835418701172,1.5162000997061682,4.32067884601318
2024-02-28,179.7838134765625,181.46847854843006,178.50545433930714,180.8639793914523,48953900,-0.006625469104526327,0.008820216001476405,183.20707244873046,186.182568359375,-1.0801659148897897,2.9630242091229206
2024-02-29,179.11985778808594,180.92345088953732,177.9108594746495,179.63517226295397,136682600,-0.003693078234560443,0.007805939829039369,183.0378616333008,185.8541928100586,-0.5153144748680347,3.0125914148878223
2024-03-01,178.03970336914062,178.90185225837237,175.78026722267666,177.93069482167198,73563100,-0.006030344330795634,0.007116450392490532,182.69290771484376,185.53746856689452,0.10900854746864752,3.121585035695716
2024-03-04,173.52084350585938,175.30459787050253,172.22264521258595,174.56136184484268,81510100,-0.0253811918227701,0.008832825143874491,182.17199249267577,185.10958251953124,-1.0405183389833041,3.081952657916588
2024-03-05,168.5857391357422,170.48842147609815,168.09024847040442,169.21996658252752,95132400,-0.028440988819597002,0.010002441104981498,181.3137634277344,184.62476104736328,-0.6342274467853315,2.398173005693735
2024-03-06,167.59474182128906,169.69563232435493,167.15870765798908,169.5172478388351,68587700,-0.00587829860066158,0.009490966658072805,180.32581634521483,184.1230889892578,-1.9225060175460271,2.5369246663658487
2024-03-07,167.475830078125,169.1902233947002,166.97043508778398,167.62447121611535,71765100,-0.000709519534275449,0.009451648778024556,179.32647933959962,183.64041595458986,-0.14864113799035295,2.2197883069162287
2024-03-08,169.19021606445312,172.13343143853632,167.41636636953461,167.4758228221548,76267000,0.010236617340713572,0.010090729251335716,178.46680221557617,183.20291748046876,1.7143932422983141,4.7170650690017055
2024-03-11,171.19200134277344,172.8073055285168,170.49831753088682,171.3802901891083,60139500,0.011831566416096617,0.010585033858213985,177.66906127929687,182.80347564697266,-0.18828884633487064,2.30898799762997
2024-03-12,171.66766357421875,172.46045153320196,169.4676841705973,171.58838326620315,59825400,0.0027785307007008875,0.01064261196891186,176.979337310791,182.40503540039063,0.07928030801559771,2.992767362604667
2024-03-13,169.5866241455078,171.62804307697533,169.21995080494636,171.21183277143888,52488700,-0.012122489380833379,0.010675581334668706,176.29011154174805,181.98575866699218,-1.6252086259310659,2.4080922720289664
2024-03-14,171.43975830078125,172.73794133442243,170.49832912625453,171.35057361629615,72913500,0.010927360365894367,0.01116929329313161,175.7376396179199,181.73992797851562,0.08918468448510453,2.239612208167898
2024-03-15,171.0631866455078,171.0631866455078,168.75419840900892,169.6262667891251,121752700,-0.0021965246510250447,0.011165811568217285,175.1807083129883,181.51407958984376,1.4369198563827013,2.308988236498891
2024-03-18,172.15325927734375,176.107279800922,171.95506605696912,173.98658058844927,75604200,0.0063723390941785585,0.011283138281957494,174.7550827026367,181.35635192871095,-1.8333213111055215,4.152213743952871
2024-03-19,174.49195861816406,175.0171774056643,171.4694631572472,172.76764601394297,55215200,0.013584984394937383,0.011818811039485788,174.48355255126953,181.25984771728517,1.7243126042210974,3.5477142484171225
2024-03-20,177.05862426757812,177.05862426757812,173.51090945491785,174.1352325028599,53423100,0.014709363513023765,0.012307741130361245,174.30269927978514,181.12797790527344,2.923391764718218,3.547714812660274
2024-03-21,169.824462890625,175.88927881289044,169.29924400405602,175.45324461547284,106181300,-0.040857435817532206,0.014845771051976635,173.65856246948243,180.8597381591797,-5.6287817248478405,6.590034808834417
2024-03-22,170.72625732421875,171.48931715990707,168.5262776263353,170.210942813777,71160100,0.00531015625336928,0.01488910225252097,173.15118026733398,180.58875,0.5153145104417547,2.963039533571788
2024-03-25,169.3091583251953,170.38932429506946,167.92177545566648,169.0316847755244,54288300,-0.008300416240791142,0.014904337818309561,172.64033050537108,180.30129699707032,0.2774735496709013,2.46754883940298
2024-03-26,168.179443359375,169.8740129173693,168.05061095138228,168.46682128354186,57388400,-0.006672497678184897,0.014698795143391842,172.00015716552736,179.98471771240236,-0.2873779241668615,1.823401965987017
2024-03-27,171.7469482421875,172.0343412561863,168.575811446925,168.87310882923745,60273300,0.02121249072747422,0.015678429403786335,171.5983139038086,179.78481719970702,2.8738394129500477,3.4585298092613073
2024-03-28,169.9334716796875,170.67670766601367,168.97221859434498,170.20104086869387,65672700,-0.010559003120933164,0.015788409703376076,171.13899459838868,179.56745178222656,-0.26756918900636606,1.7044890716686893
2024-04-01,168.4965362548828,169.70553455748254,167.9514935576168,169.6460781034487,46240500,-0.008455870468610294,0.0158261504048071,170.66183624267578,179.20357147216797,-1.1495418485658888,1.7540409998657367
2024-04-02,167.3172607421875,167.81275133793278,166.71276161053132,167.55510167176752,49329500,-0.00699881160115623,0.014944577945833532,170.35165710449218,178.75810760498047,-0.2378409295800168,1.0999897274014643
2024-04-03,168.11997985839844,169.140689438472,167.05963767767048,167.26773529316293,47691700,0.004797587007163706,0.013603647194717608,170.328369140625,178.28257751464844,0.8522445652355088,2.081051760801529
2024-04-04,167.29745483398438,170.3694875068381,167.29745483398438,168.7541832986243,53704400,-0.004892488240284432,0.013583186513101676,170.31350479125976,177.76506256103517,-1.456728464639923,3.0720326728537373
2024-04-05,168.05059814453125,168.85329051832247,167.42627513328318,168.06050251317026,42104800,0.004501821688167595,0.013618801543423936,170.34224319458008,177.27607055664063,-0.009904368639013228,1.427015385039283
2024-04-08,166.93080139160156,167.67403738632925,166.72270378093583,167.50557237539863,37425500,-0.006663449968601798,0.013490925429643634,170.2292724609375,176.7712142944336,-0.574770983797066,0.9513336053934154
2024-04-09,168.1397705078125,168.54607640984824,166.83168324813985,167.17851757917794,42373800,0.007242336981147179,0.013306394686557898,170.07666091918946,176.32517822265626,0.9612529286345648,1.7143931617083865
2024-04-10,166.26683044433594,167.5650134431552,165.60287483124418,167.27763553824258,49709300,-0.011139185320759859,0.013471525290146264,169.8066192626953,175.85534149169922,-1.0108050939066402,1.9621386119110298
2024-04-11,173.4613494873047,173.87757491447604,166.64340884278624,166.8217782077108,91070300,0.04327092194962723,0.01652341390763939,170.00035552978517,175.60243560791017,6.639571279593895,7.234166071689799
2024-04-12,174.95774841308594,176.7514221146486,172.63885584160187,172.68839280877705,101670900,0.00862669943595007,0.016460455378240257,170.1762550354004,175.45150909423828,2.2693556043088847,4.112566273046724
2024-04-15,171.13253784179688,175.03700600653332,170.94424900321735,173.7784557074799,73531800,-0.021863624823620365,0.017239585399291105,170.17972259521486,175.1753842163086,-2.6459178656830318,4.092757003315967
2024-04-16,167.8524169921875,172.1929047923956,166.75242714722782,170.20103782824683,73711200,-0.019167137301742576,0.01769516856330781,169.96468048095704,174.85364959716796,-2.3486208360593253,5.440477645167789
2024-04-17,166.48484802246094,169.11094225529814,166.48484802246094,168.08032842085646,50901200,-0.008147448778114463,0.017409891645439622,169.56432495117187,174.4683401489258,-1.595480398395523,2.626094232837204
2024-04-18,165.5334930419922,167.11906901091456,165.0479219314042,166.51456987389489,43122900,-0.00571436375002965,0.016958860483367616,168.9880683898926,174.03193634033204,-0.9810768319026977,2.0711470795103537
2024-04-19,163.51190185546875,164.89926951971245,162.6002009445124,164.7109957890585,68149400,-0.01221258096698652,0.014668116677279675,168.67244033813478,173.5529229736328,-1.1990939335897508,2.299068575200039
2024-04-22,164.3443145751953,165.75150603037284,163.28397258003716,164.0272084619306,48116400,0.005090838711315104,0.014662609200080246,168.35334320068358,173.1121340942383,0.31710611326471394,2.4675334503356794
2024-04-23,165.39474487304688,165.54340111554177,163.4326064657252,163.85873621547074,49537800,0.006391643669370284,0.014687928731692812,168.15762252807616,172.67709259033202,1.536008657576133,2.110794649816569
2024-04-24,167.49563598632812,167.7731094949557,164.7109814111337,165.03799187966663,48251800,0.0127022845550131,0.014935643921318848,168.12343215942383,172.3177624511719,2.4576441066614905,3.062128083821989
2024-04-25,168.3577880859375,169.07129572836638,166.63347542987228,168.00103426472305,50558300,0.005147310821159268,0.01413997625516023,167.95397415161133,172.01749542236328,0.3567538212144541,2.4378202984941026
2024-04-26,167.77313232421875,169.79472746518425,167.65420428921547,168.34790327634968,44838400,-0.003472698046022793,0.013973059454816477,167.8459571838379,171.72317413330077,-0.5747709521309332,2.140523175968781
2024-04-29,171.9352264404297,174.4424074952563,171.5388400360099,171.80639405446584,68169400,0.02480787035773857,0.014929185036849892,168.01789169311525,171.51784240722657,0.12883238596384672,2.9035674592464034
2024-04-30,168.79383850097656,173.41181476528868,168.46681287321124,171.76678225756265,65934800,-0.01827076396436722,0.01545513080433614,168.0917205810547,171.28040374755858,-2.9729437565860906,4.945001892077443
2024-05-01,167.77313232421875,171.1523820898212,167.58484346320657,168.05060587060277,50383100,-0.006047058268373373,0.015488531818595946,168.0743782043457,171.0374151611328,-0.2774735463840159,3.5675386266146347
2024-05-02,171.469482421875,171.8559644998941,169.34878317714927,170.95416794412498,94214900,0.022031835768036467,0.016194058465754585,168.28297958374023,170.853291015625,0.5153144777500245,2.5071813227448274
2024-05-03,181.7261199951172,185.31346675883958,181.01261238934663,184.96661732338913,163224100,0.059816110880927864,0.020821843492385944,168.96675567626954,170.83366943359374,-3.2404973282719425,4.300854369492953
2024-05-06,180.0712127685547,182.53874644704828,178.79283846563771,180.70544017490002,78569700,-0.009106600782578522,0.020895483149903527,169.6237762451172,170.8176156616211,-0.6342274063453317,3.745907981410568
2024-05-07,180.7549591064453,183.2324120279765,179.68471275097576,181.79549235772294,77305800,0.0037970885372413665,0.020881537241526516,170.25453567504883,170.84219177246095,-1.0405332512776226,3.5476992770007314
2024-05-08,181.0919189453125,181.4189445721307,179.81354466582562,181.20092748758523,45057100,0.0018641803275158964,0.020591443611421453,170.99579010009765,170.84437194824218,-0.10900854227273271,1.605399906305081
2024-05-09,182.90541076660156,182.99459544718977,180.4675903156434,180.91352883975787,48983000,0.010014206221077737,0.018533824354300104,171.4679931640625,170.90680389404298,1.9918819268436891,2.5270051315463604
2024-05-10,181.6451416015625,183.669478466616,180.73220418072017,183.48093424482693,50759500,-0.006890278203126821,0.018602361283971667,171.80236282348633,170.9573095703125,-1.8357926432644263,2.9372742858958247
2024-05-13,184.85037231445312,185.6640864017181,183.20310853414878,184.01682262141375,72044800,0.017645562576737106,0.018019179662279932,172.48825454711914,171.09352294921874,0.8335496930393731,2.460977867569312
2024-05-14,185.99154663085938,186.8548800445926,184.8602962551219,186.0709344816443,52393600,0.0061735029370943995,0.01717451722493742,173.39521102905275,171.34293701171876,-0.0793878507849115,1.9945837894706813
2024-05-15,188.26397705078125,189.18683240943687,185.9320062923224,186.46787049037354,70400000,0.012217923131915276,0.016938551070355128,174.48416748046876,171.73650177001954,1.7961065604077078,3.254826117114476
2024-05-16,188.383056640625,189.6333963773736,188.20444533062346,189.0082265089993,52845200,0.0006325139397838075,0.016760143716283267,175.62664566040038,172.15226806640624,-0.6251698683742859,1.428951046750143
2024-05-17,188.41281127929688,189.34559954047234,187.72810435814964,188.0555735439889,41282900,0.00015794753096409764,0.016249161053288417,176.8716911315918,172.5710076904297,0.35723773530796166,1.617495182322699
2024-05-20,189.57383728027344,190.44708847543168,187.55941793463836,187.8769693298537,44361300,0.006162139363524943,0.016243485034699235,178.1331672668457,172.97868011474608,1.696867950419744,2.887670540793323
2024-05-21,190.87379455566406,191.2508679069906,189.45476137627725,189.62345487533878,42309400,0.006857260970398071,0.016242465251362068,179.40711975097656,173.3723159790039,1.2503396803252826,1.7961065307133595
2024-05-22,189.43490600585938,191.3401840301744,188.8097513226368,190.79440205142186,34648500,-0.0075384290083103656,0.016517187709398837,180.50408325195312,173.72766082763673,-1.35949604556248,2.5304327075376136
2024-05-23,185.44577026367188,189.5341459487459,185.19768892080702,189.51429520164533,51005900,-0.021058081777516335,0.01761627707308701,181.35848236083984,174.04484375,-4.06852493797345,4.336457027938877
2024-05-24,188.52195739746094,189.11735863774422,186.59684388111853,187.37087155015982,36327000,0.016588068465596573,0.017680079373964895,182.39592361450195,174.38648773193358,1.1510858473011183,2.520514756625687
2024-05-28,188.53192138671875,191.51881559867596,187.6487523245995,190.04024519822877,52280100,5.285320285963735e-05,0.01715218568307495,183.22575836181642,174.73586242675782,-1.5083238115100244,3.8700632740764433
2024-05-29,188.82957458496094,190.7745388343773,188.05556206266323,188.15480064928906,53068000,0.0015787946998728764,0.016302977224812963,184.22754516601563,175.06938873291017,0.6747739356718796,2.7189767717140683
2024-05-30,189.82191467285156,190.70508365256933,189.16699143181853,189.29598343446253,49889100,0.00525521539765017,0.01606679880123713,185.32998428344726,175.3759878540039,0.5259312383890347,1.5380922207507979
2024-05-31,190.77455139160156,191.09210277636024,188.45251367186646,189.9707702687458,75158300,0.005018581339208517,0.015635327247141253,186.29523773193358,175.65030639648438,0.803781122855753,2.63958910449378
2024-06-03,192.54086303710938,193.4935019196136,191.04245739181434,191.41953068261944,50080500,0.009258633463548938,0.009110550716216187,186.8359748840332,176.10463439941407,1.1213323544899367,2.4510445277992687
2024-06-04,192.85842895507812,193.82098571162214,191.54855228534223,193.14619663099631,47471400,0.0016493429652257863,0.008669150230761367,187.47533569335937,176.54727783203126,-0.2877676759181895,2.2724334262799175
2024-06-05,194.36676025390625,195.38885414673365,193.3744349100596,193.90036613096368,54156800,0.007820924949976993,0.008723616609051311,188.15592575073242,177.04842987060547,0.46639412294257454,2.0144192366740583
2024-06-06,192.9874267578125,194.9919281725913,192.67980832687616,194.1881470745491,41181800,-0.007096550327287954,0.00904557371227924,188.7507011413574,177.54458953857423,-1.2007203167366072,2.312119845715131
2024-06-07,195.37892150878906,195.42854080055034,192.65002702042116,193.15610745634936,53103900,0.012391971804348367,0.00915447259984213,189.3743766784668,178.01722900390624,2.222814052439702,2.778513780129174
2024-06-10,191.63784790039062,195.7857753291456,190.67529119421684,195.38883614317194,97010200,-0.019147785132134332,0.010223574537347862,189.8740119934082,178.45131652832032,-3.750988242781318,5.110484134928754
2024-06-11,205.5601806640625,205.57011360777915,192.14395345618084,192.16378906024917,172373300,0.07264918133973408,0.01849714615738757,190.90950241088868,179.1925894165039,13.396391603813328,13.42616015159831
2024-06-12,211.4347686767578,218.51003809526938,205.3121079690946,205.77850209290926,198134300,0.028578433788671642,0.01920615000415098,192.1816635131836,180.07493957519532,5.656266583848549,13.197930126174782
2024-06-13,212.5957794189453,215.08651049080893,209.97604121171418,213.09194207290335,97862700,0.005491106072353036,0.019161465320268627,193.39825363159179,180.96445556640626,-0.49616265395803794,5.110469279094758
2024-06-14,210.85922241210938,213.5186471242216,209.67835280423736,212.20878551515116,70122700,-0.008168351279513653,0.01939723141958331,194.522061920166,181.83569091796875,-1.3495631030417883,3.840294319984224
2024-06-17,215.0071258544922,217.2696263789355,211.08744385812574,211.73244926121387,93728300,0.01967143478446509,0.019587007182532735,195.85177764892578,182.77482147216796,3.274676593278315,6.182182520809761
2024-06-18,212.6453857421875,216.95208913019513,211.36529274424583,215.9200623200828,79943300,-0.010984473667644878,0.019987590571661964,197.00535507202147,183.6891131591797,-3.274676577895292,5.586796385949299
2024-06-20,208.07077026367188,212.59578653831548,207.24715355520107,212.28815296354617,86172500,-0.021512883820869355,0.020904974551004134,197.86520385742188,184.48773315429688,-4.2173826998742925,5.348632983114413
2024-06-21,205.89759826660156,210.26382387597764,205.5205097773767,208.77533580800622,241805100,-0.010444388677546712,0.021003100925880067,198.68833847045897,185.2803485107422,-2.877737541404656,4.7433140986009334
2024-06-24,206.5426025390625,211.06760381745957,205.00449518251241,206.12582769938734,80727000,0.003132645926378297,0.020139897989748558,199.74318008422853,185.94197357177734,0.4167748396751563,6.063108634947156
2024-06-25,207.4654541015625,209.75772308170346,207.0089778092255,207.54482679949032,55549700,0.004468093028533682,0.019973179258591513,200.6903549194336,186.59212768554687,-0.07937269792782331,2.7487452724779473
2024-06-26,211.61338806152344,213.2110325348534,209.0234182045521,209.87681864015101,66213200,0.019993371802181414,0.020210403862130504,201.84442825317382,187.4017446899414,1.7365694213724225,4.187614330301301
2024-06-27,212.4568634033203,214.0842763709762,210.7202940415425,213.04233172557286,49772700,0.003985926171890641,0.020189970510911284,203.0257926940918,188.29383361816406,-0.5854683222525523,3.3639823294336963
2024-06-28,209.00357055664062,214.41175609103416,208.686034302842,214.1140554431902,82542700,-0.016254089377776837,0.020800992955473576,203.98487548828126,189.14420806884766,-5.110484886549585,5.725721788192175
2024-07-01,215.0865020751953,215.84066382869798,210.29356920849017,210.4622626872336,60402900,0.02910443827516418,0.021486538039998348,205.20047302246093,190.1352682495117,4.6242393879617225,5.547094620207815
2024-07-02,218.5795135498047,218.6886699462021,213.44919320249295,214.4911227279333,58046200,0.01624003106149452,0.021594779115426222,206.5024055480957,191.23662048339844,4.0883908218714,5.239476743709162
2024-07-03,219.8496856689453,219.8496856689453,217.34902153194005,218.31157833867707,37369800,0.005811030038966658,0.02156481335936764,207.85196838378906,192.34672790527344,1.5381073302682466,2.500664137005259
2024-07-05,224.6029052734375,224.71206166235044,219.94889718329503,219.94889718329503,60412400,0.0216203156717254,0.021818911558466204,209.36377563476563,193.53089111328126,4.654008090142469,4.763164479055405
2024-07-08,226.07154846191406,226.1013170084402,221.53661474646515,225.3471401186269,59085900,0.006538843238419467,0.021550971496659306,211.0179817199707,194.70240936279296,0.7244083432871662,4.564702261975043
2024-07-09,226.92495727539062,227.63943274976205,224.63268810415036,226.180713251394,48076100,0.003774950095590368,0.021548011524786127,212.59528350830078,195.87375274658203,0.7442440239966288,3.0067446456116897
2024-07-10,231.1919708251953,231.2912094233167,227.49060126886744,227.54022056792812,62627700,0.018803632712052654,0.020711567718546015,214.572989654541,197.14212951660156,3.651750257267196,3.8006081544492645
2024-07-11,225.82347106933594,230.6064710416972,224.0372825383305,229.61414576243664,64710600,-0.023220961077054514,0.015890513568203996,215.58615417480468,198.2198944091797,-3.790674693100698,6.569188503366718
2024-07-12,228.77069091796875,230.8545803134063,226.92496506939614,227.1631286162611,53046500,0.013050989937746227,0.015024973408406169,216.45295028686525,199.41943145751952,1.6075623017076452,3.929615244010165
2024-07-15,232.60107421875,235.40935699641528,231.3011303310065,234.66511292556817,62631300,0.01674333056132049,0.015289909861059433,217.45321502685547,200.71599029541017,-2.0640387068181667,4.108226665408779
2024-07-16,233.01783752441406,234.4567062015191,230.54694204130521,233.19644881294397,43234300,0.0017917514227476783,0.01501120342577739,218.5611457824707,201.94695739746095,-0.1786112885299076,3.909764160213882
2024-07-17,227.1234130859375,229.68361410453295,224.90059902579642,227.6890306172661,57345900,-0.025296022403688223,0.016048098949850993,219.16696014404297,202.85490325927734,-0.5656175313285985,4.7830150787365255
2024-07-18,222.45948791503906,228.67145424701283,220.56415801938329,228.51267855827928,66034600,-0.020534761729446793,0.016614060444425587,219.65766525268555,203.70266876220703,-6.053190643240214,8.107296227629547
2024-07-19,222.5885009765625,225.0593965950336,221.56640705838353,223.09459660515446,49151500,0.0005799395779095828,0.015647507295427226,220.38355178833007,204.53933959960938,-0.5060956285919644,3.4929895366500716
2024-07-22,222.24119567871094,226.03187070395737,221.3778623137636,225.26777593230437,48201800,-0.0015603020655956534,0.01535433779408952,221.20073165893555,205.36232513427734,-3.026580253593437,4.6540083901937805
2024-07-23,223.28311157226562,225.19830728583617,220.97099179310993,222.64802398231987,39960300,0.004688221238068557,0.015353979927679274,222.0377571105957,206.1698791503906,0.6350875899457549,4.227315492726234
2024-07-24,216.86276245117188,223.07472846403482,215.4635952984219,222.2808652028311,61777600,-0.02875429796675777,0.017010337363876728,222.50762252807618,206.87423156738282,-5.418102751659234,7.611133165612927
2024-07-25,215.8208465576172,219.15506035064124,212.97286249707204,217.24978234747041,51391200,-0.0048044942422481585,0.016554686365031133,222.71799545288087,207.4936410522461,-1.4289357898532273,6.182197853569193
2024-07-26,216.28724670410156,217.80550332568987,214.35220009781358,217.02155779536062,41601300,0.0021610523446808916,0.016543057405834175,222.9095146179199,208.09955505371093,-0.7343110912590589,3.4533032278762903
2024-07-29,216.56509399414062,217.61695646267233,214.0941983741811,215.29491873308154,36311800,0.0012846216976407643,0.016036030387046613,223.28759078979493,208.66557739257811,1.2701752610590802,3.52275808849123
2024-07-30,217.12078857421875,218.63904514115285,214.46134877521007,217.50779485320817,41643800,0.0025659471239309894,0.014709713568509976,223.3893051147461,209.24033203125,-0.38700627898941775,4.177696365942779
2024-07-31,220.37562561035156,222.10227724921992,218.93675681546986,219.74053796301214,50036300,0.014990904636569269,0.01464219365062327,223.47911071777344,209.87958831787108,0.635087647339418,3.1655204337500606
2024-08-01,216.6841583251953,222.7571844619209,215.35444602521784,222.64802807062824,62501000,-0.016750796622504782,0.01507515123675388,223.32083435058593,210.42179473876953,-5.96386974543293,7.402738436703061
2024-08-02,218.1726531982422,223.86860618805187,216.0391597412521,217.46809553371503,105568600,0.006869421763694206,0.014269273846768777,222.99932174682618,210.9677719116211,0.7045576645271581,7.829446446799778
2024-08-05,207.6639404296875,211.8614726265992,194.4957781490091,197.562059997048,119548600,-0.04816695683214689,0.01754417259595128,222.07894134521484,211.33235260009766,10.10188043263949,17.365694477590097
2024-08-06,205.6395721435547,208.3783997216886,199.52685967053256,203.72439154098564,69660500,-0.00974828986652232,0.017485631123597873,221.01467208862306,211.73622863769532,1.9151806025690519,8.851540051156036
2024-08-07,208.20970153808594,212.00037630720823,204.80601788828693,205.31209833985366,63516400,0.0124982237987592,0.017090694145554513,219.86555862426758,212.1299835205078,2.897603198232275,7.194358418921297
2024-08-08,211.67291259765625,212.5560815310077,207.22729938249148,211.47445056104476,47161100,0.016633283819086575,0.01718743209393051,219.15803070068358,212.59280334472658,0.1984620366114882,5.328782148516211
2024-08-09,214.5804443359375,215.11629337558463,210.3432107490655,210.47221789303094,42201600,0.013735965091612012,0.01722193192040643,218.44851837158203,213.1078207397461,4.108226442906556,4.773082626519141
2024-08-12,216.11038208007812,218.07745621052726,214.19298467780987,214.65991863613397,38028100,0.007129902954928324,0.01676849647344756,217.62398376464844,213.63359008789064,1.4504634439441588,3.8844715327173844
2024-08-13,219.82598876953125,220.44193777769505,217.58072790378117,217.58072790378117,44155300,0.017193096665186314,0.017368856186844497,216.9643913269043,214.21461883544922,2.245260865750083,2.8612098739138787
2024-08-14,220.27304077148438,221.5744891931242,218.2662191901357,219.13055181670978,41960600,0.0020336631007802364,0.016559081922995617,216.62187271118165,214.76926239013673,1.142488954774592,3.3082700029885075
2024-08-15,223.25347900390625,223.8793724762866,221.30626328939533,223.13426697458056,46414000,0.013530653692268357,0.0162358802040758,216.661572265625,215.37716339111327,0.11921202932569486,2.5731091868912586
2024-08-16,224.57479858398438,225.34970708383625,222.19045191126241,222.45869413327577,44340200,0.005918472518204432,0.01628444137804478,216.7608871459961,215.98132415771485,2.1161044507086046,3.159255172573836
2024-08-19,224.4158477783203,224.515201244893,221.5844407323156,224.24695901251525,40687800,-0.000707785587101939,0.016279680072115364,216.86961975097657,216.609892578125,0.16888876580506462,2.9307605125773932
2024-08-20,225.03179931640625,225.68749582093912,223.97871925960482,224.2966382287883,30299000,0.0027446882391941596,0.0162598754021409,216.9570541381836,217.20295013427733,0.7351610876179393,1.7087765613343038
2024-08-21,224.92250061035156,226.4921913011218,223.58131984717622,225.04172779494317,34765500,-0.00048570338230735643,0.014738919894440957,217.36004104614258,217.86864318847657,-0.11922718459160819,2.910871453945589
2024-08-22,223.06468200683594,226.84981494441692,222.43878863128987,226.30340129586148,43695300,-0.008259816596713265,0.014841922062402129,217.72223281860352,218.21873321533204,-3.238719289025539,4.411026313127053
2024-08-23,225.35963439941406,226.73063334528243,222.866020162344,224.187342377279,38677300,0.010288282178654296,0.014964277562145387,218.17585220336915,218.49723052978516,1.1722920221350535,3.8646131829384274
2024-08-26,225.69740295410156,225.79675641202357,222.4288803537143,225.28014571740593,30602200,0.001498797935076679,0.014963691089514992,218.6324676513672,218.7592630004883,0.4172572366956331,3.367876058309264
2024-08-27,226.54185485839844,227.356510742363,223.42234738221904,224.52510403050715,35934600,0.003741522468774683,0.01496761349009951,219.10352096557617,219.07291564941406,2.0167508278912862,3.9341633601439696
2024-08-28,225.0119171142578,228.35991942602843,224.20719049274723,226.43257756563742,38052200,-0.006753444060466962,0.014780803146494536,219.3353355407715,219.27301147460938,-1.4206604513796037,4.152728933281196
2024-08-29,228.29039001464844,231.3999685703833,227.38634017099784,228.59837969678284,51906300,0.014570218957451253,0.014440006760745186,219.91564712524413,219.5859115600586,-0.30798968213440503,4.013628399385453
2024-08-30,227.50555419921875,228.8964117856607,225.99546942021698,228.68779072729976,52990800,-0.00343788372072662,0.01446777169205998,220.38229217529297,219.97460723876952,-1.182236528081006,2.9009423654437114
2024-09-03,221.3162078857422,227.50554667965343,219.72664341730942,227.05848641015993,50190600,-0.027205253670671947,0.010961586642966108,221.0649055480957,220.28297943115234,-5.742278524417742,7.778903262344016
2024-09-04,219.4087371826172,220.33266071869627,216.06071952153204,220.21344869061124,43840200,-0.008618757393989651,0.010893814078467921,221.75336380004882,220.54030212402344,-0.8047115079940568,4.271941197164239
2024-09-05,220.9287567138672,224.0085170705176,220.07436845302396,220.1836512012438,36615400,0.006927798549721587,0.010716090819370383,222.3893165588379,220.80956817626952,0.7451055126233825,3.9341486174936335
2024-09-06,219.37892150878906,223.7700744804958,218.33577084564575,222.4884846157397,48423000,-0.0070150904215939835,0.010436425234365696,222.77461700439454,220.96487884521486,-3.1095631069506453,5.434303634850039
2024-09-09,219.46835327148438,219.82600453136772,215.29576534565257,219.37894424631622,67180000,0.00040765886749838387,0.010055516890351801,223.01901245117188,221.10510864257813,0.08940902516815186,4.530239185715146
2024-09-10,218.67355346679688,220.03460793809228,215.31560663834654,217.49131703149231,51591000,-0.0036214779618104487,0.010007685990482245,223.1471710205078,221.29850830078124,1.18223643530456,4.719001299745742
2024-09-11,221.20692443847656,221.63411098197892,216.4680492147489,220.01475867053273,44587100,0.011585173110859825,0.009589228942156004,223.2162178039551,221.42091674804686,1.192165767943834,5.166061767230019
2024-09-12,221.3162078857422,222.09111639532034,218.38546260882887,221.04796566036197,37455600,0.0004940326689277796,0.009581237812652325,223.26837615966798,221.47565063476563,0.26824222538022013,3.7056537864914674
2024-09-13,221.04794311523438,222.57788625371046,220.461797151476,222.12089674811224,36766600,-0.0012121334134114203,0.009061150352845005,223.15809936523436,221.4996157836914,-1.0729536328778693,2.1160891022344686
2024-09-16,214.9082794189453,215.80239985733417,212.52393298456082,215.12682972853557,59357400,-0.027775258207620612,0.010782196131168457,222.6747734069824,221.30572326660158,-0.21855030959025612,3.2784668727733504
2024-09-17,215.37521362304688,215.48449636527135,213.10016491936787,214.34200737227792,45519300,0.0021727138915448307,0.010821524923932988,222.22274169921874,221.09179656982423,1.0332062507689557,2.3843314459034843
2024-09-18,219.24977111816406,221.25659276615585,216.12031904206836,216.13026348358338,59894900,0.017989802215117034,0.011676318480182935,221.93364028930665,220.9382928466797,3.1195076345806854,5.136273724087488
2024-09-19,227.3763885498047,228.32020097310811,223.16406850984052,223.52171975466862,66781300,0.03706556859875043,0.014484641907564285,222.05633468627929,220.8619812011719,3.854668795136064,5.156132463267596
2024-09-20,226.71075439453125,231.56884144729943,226.1345376792504,228.46920754640476,318679900,-0.0029274550427984547,0.01436070631354124,222.23863830566407,220.87972686767577,-1.7584531518735105,5.434303768049034
2024-09-23,224.99205017089844,227.95259834339626,224.33635371548323,225.8563676699032,54146000,-0.007581044085107069,0.0143021949727121,222.2202590942383,220.80415405273436,-0.8643174990047555,3.6162446279130336
2024-09-24,225.88616943359375,227.85325878901892,224.25687274556688,227.15781488965328,43556100,0.00397400380153945,0.014326396696097619,222.22969741821288,220.66985595703125,-1.271645456059531,3.5963860434520427
2024-09-25,224.8927001953125,225.80669443859438,222.55804543582803,223.462095237407,42308700,-0.004398096797038842,0.014334283853993806,222.1472396850586,220.50735321044922,1.4306049579055014,3.248649002766342
2024-09-26,226.0352020263672,227.00880227293717,223.9389713421174,225.81663654010723,36636700,0.0050802086064263285,0.01429667147354775,222.19840393066406,220.48558898925782,0.21856548625996197,3.069830930819762
2024-09-27,226.3034210205078,228.02214184296878,225.8166284941723,226.9690618971705,34026000,0.0011866248784970779,0.013902532468491562,222.09905548095702,220.5624676513672,-0.6656408766626782,2.2055133487964724
2024-09-30,231.47943115234375,231.47943115234375,228.1512873446241,228.5387415800987,54541900,0.02287199242722404,0.014809675758400942,222.2977493286133,220.74028625488282,2.9406895722450486,3.3281438077196412
2024-10-01,224.73374938964844,228.15128705136544,222.2798675150603,228.02214574584622,63285000,-0.02914160333431859,0.015008558759057954,222.4686264038086,220.79013732910155,-3.2883963561977794,5.8714195363051545
2024-10-02,225.30001831054688,225.8861642954019,221.56456176324298,224.41582711263038,32880600,0.0025197324497827633,0.014843551966016527,222.76319046020507,220.83047546386717,0.8841911979164934,4.32160253215892
2024-10-03,224.197265625,225.3298253274289,221.8626109260752,223.67072564154154,34044200,-0.004894596519858574,0.014848497479150223,222.9266159057617,220.97716552734374,0.5265399834584628,3.4672144013536865
2024-10-04,225.31988525390625,226.51205091107013,222.66731173997377,226.41269745663615,37245100,0.005007285105715686,0.01475687128178123,223.2236640930176,221.16714630126953,-1.0928122027299025,3.8447391710963643
2024-10-07,220.24325561523438,224.2171516536621,219.8856043654075,223.0349151567562,39505400,-0.022530766128125657,0.015702447456942333,223.26240921020508,221.2462664794922,-2.791659541521824,4.331547288254626
2024-10-08,224.29661560058594,224.5052366387564,221.79305702807565,222.83620769655573,31855700,0.01840401411624959,0.016178591247606434,223.54356231689454,221.4008969116211,1.4604079040302054,2.7121796106807494
2024-10-09,228.04200744628906,228.25064364916537,223.36275355639287,223.7601370790405,33591100,0.016698387693788064,0.01638716007458574,223.88531646728515,221.6193212890625,4.281870367248558,4.887890092772494
2024-10-10,227.54527282714844,228.00227752622936,225.68748134269669,226.29350107451606,28183500,-0.002178259280837147,0.01640796413549592,224.19676971435547,221.76271423339844,1.2517717526323793,2.3147961835326782
2024-10-11,226.0650177001953,227.91287999534921,225.8563814846346,227.80359724609562,31759200,-0.006505321374342898,0.016496743432431068,224.4476234436035,221.95033142089844,-1.7385795459003077,2.0564985107146185
2024-10-14,229.79054260253906,230.21772915238438,227.1081657950345,227.2075041009655,39882100,0.016479882381822186,0.015324727679318018,225.1917366027832,222.18268920898439,2.5830385015735544,3.1095633573498844
2024-10-15,232.3238983154297,235.9401430278398,230.85354589755886,232.08545910083197,64751400,0.011024630013918735,0.015413023548553164,226.03917083740234,222.6758883666992,0.23843921459771877,5.08659713028095
2024-10-16,230.26739501953125,230.60517253033711,228.34005309673006,230.0885769817669,34082200,-0.008851880115692157,0.01529037864764884,226.5900520324707,223.16844482421874,0.17881803776435845,2.2651194336070546
2024-10-17,230.63497924804688,232.3238971476739,229.0156269629083,231.9066247344228,32993800,0.001596336417860833,0.01295716706688141,226.75298156738282,223.61695037841798,-1.2716454863759168,3.308270184765604
2024-10-18,233.46636962890625,234.6386615701971,232.4828249974097,234.6386615701971,46431500,0.012276500252003109,0.013171711683900198,227.09076232910155,224.05281951904297,-1.1722919412908368,2.1558365727873934
2024-10-21,234.9367218017578,235.30431748145634,232.9199708414818,232.9199708414818,36254500,0.006297918519008405,0.013030063389232233,227.58799591064454,224.4599450683594,2.016750960275999,2.384346639974524
2024-10-22,234.32077026367188,234.67842149785605,231.0820505913223,232.36362533760988,38846600,-0.002621776337739523,0.013067437506820422,228.00972595214844,224.82415283203125,1.957144926062,3.596370906533764
2024-10-23,229.25405883789062,233.60547988580885,226.27363678517082,232.55239985265487,52287000,-0.021622971877737873,0.014037137189111704,228.22779388427733,225.01271423339844,-3.2983410147642473,7.331843100638025
2024-10-24,229.0653076171875,229.3136761173618,226.91940013747097,228.47914643577636,31109500,-0.0008233277162460473,0.014010079549238524,228.37929916381836,225.1885595703125,0.5861611814111427,2.3942759798908355
2024-10-25,229.89981079101562,231.69799621804017,228.07182235817814,228.2407111108546,38802300,0.0036430797073065957,0.014024779668221164,228.55911865234376,225.3214862060547,1.6590996801610345,3.6261738598620354
2024-10-28,231.87680053710938,233.19812263375962,231.03235682367705,231.79733596578163,36087100,0.008599353515305275,0.013184959590544105,228.57898712158203,225.4675262451172,0.07946457132774754,2.1657658100825756
2024-10-29,232.1450653076172,232.80076177889833,230.80388451731673,231.5787930163908,35417200,0.0011569280319825292,0.011236675761056593,228.94955291748047,225.62211059570313,0.5662722912263973,1.9968772615816022
2024-10-30,228.5983428955078,231.94634497686565,228.05192923673224,231.09195684474602,47070900,-0.015278043525971952,0.011854736023227454,229.1144691467285,225.69344146728517,-2.4936139492382097,3.894415740133411
2024-10-31,224.43569946289062,228.330115454563,223.89921505082026,227.84330777090054,64370100,-0.018209420855338054,0.012544788613827264,229.12639083862305,225.68370544433594,-3.4076083080099124,4.430900403742754
2024-11-01,221.45529174804688,223.87937072005496,218.83252100898451,219.52794977327943,65276700,-0.01327956168281752,0.012833554324279312,228.93316116333008,225.65151763916015,1.9273419747674438,5.04684971107045
2024-11-04,220.5611572265625,221.33606573362852,218.27617915451208,219.5478246614517,44944500,-0.004037539651577382,0.011809781514527268,228.94905624389648,225.55554809570313,1.013332565110801,3.059886579116437
2024-11-05,221.9917449951172,222.4884819564664,219.6968226591573,220.35251908634842,28111300,0.006486127414924603,0.011120176395729903,228.83381271362305,225.48143493652344,1.6392259087687648,2.7916592973090815
2024-11-06,221.2665252685547,224.5946691536601,219.74651129717958,221.15724252476647,54561100,-0.0032668770029193883,0.010369864600127216,228.49503860473632,225.37592834472656,0.10928274378821357,4.848157856480526
2024-11-07,225.99546813964844,226.39286684724487,223.10447023283905,223.16407624917585,42137700,0.02137215679305382,0.011553095095048446,228.41754837036132,225.39559936523438,2.831391890472588,3.2883966144058263
2024-11-08,225.7269287109375,227.4176895436531,225.17991383614745,225.9357792784742,38328800,-0.00118825138805434,0.011463084015807269,228.40064392089843,225.34433013916015,-0.20885056753670028,2.237775707505648
2024-11-11,223.01174926757812,224.47376393957063,220.29658566640109,223.77757009002366,42005600,-0.012028602253461695,0.011070121622155125,228.06170425415038,225.25445404052735,-0.7658208224455336,4.177178273169545
2024-11-12,223.01174926757812,224.36436096493557,222.14648085284745,223.33001798502116,40398300,0.0,0.010684674473523793,227.59609680175782,225.28836486816405,-0.31826871744303276,2.2178801120881246
2024-11-13,223.8968963623047,225.41858250992726,221.5497178640296,222.79292649286415,48566200,0.003969060364010346,0.010635747684887642,227.27757186889647,225.3781280517578,1.103969869440533,3.8688646458976734
2024-11-14,226.98007202148438,227.62653447284012,223.77756520755418,223.7974607959322,44923900,0.013770515399152972,0.011149113680428249,227.09482650756837,225.49915435791016,3.182611225552165,3.8489692652859446
2024-11-15,223.777587890625,225.68715481951833,223.05155818805096,225.16997570047775,47923700,-0.014109098223196614,0.011088841675122087,226.6103874206543,225.58712768554688,-1.3923878098527496,2.635596631467365
2024-11-18,226.7811737060547,228.49183017609323,223.94665165924164,224.0262188410909,44633700,0.013422192292544155,0.0114789747374195,226.20261001586914,225.7333840942383,2.7549548649637927,4.545178516851593
2024-11-19,227.03973388671875,228.90952454109907,225.42854034251505,225.7467938634959,36211800,0.0011401307103171554,0.011493926907264012,225.83855819702148,225.9007077026367,1.2929400232228545,3.480984198584025
2024-11-20,227.75582885742188,228.68076882556113,224.66272507245372,226.82093350733243,35169600,0.0031540513127117364,0.010505216625808379,225.76364669799804,226.03168579101563,0.9348953500894481,4.018043753107406
2024-11-21,227.27845764160156,228.90954693288327,224.48372676835862,227.63650237265796,42108300,-0.002095978040233426,0.010512562308613603,225.67430419921874,226.15093078613282,-0.35804473105639545,4.4258201645246515
2024-11-22,228.62109375,229.46648170496493,226.82093004738374,226.82093004738374,38168300,0.005907449928737485,0.010569743606839715,225.61036834716796,226.30239379882812,1.8001637026162598,2.645551657581194
2024-11-25,231.60479736328125,231.982737654973,228.4918131754458,230.2024695182051,90152800,0.013050867548310974,0.010809512433855566,225.59676818847657,226.63632415771485,1.4023278450761438,3.4909244795271945
2024-11-26,233.7829132080078,234.29015208323423,232.06231657216094,232.06231657216094,45986200,0.009404450467017211,0.011011530900423259,225.67866058349608,227.00447814941407,1.7205966358468743,2.2278355110732946
2024-11-27,233.65359497070312,234.4094755286879,232.5396848968981,233.19610269434173,33498400,-0.0005531552136559537,0.010381710611940261,225.93142318725586,227.29255462646483,0.45749227636139267,1.8697906317897832
2024-11-29,236.0405731201172,236.51796100091357,232.69882760276832,233.53426018813377,28481400,0.01021588454358402,0.009500918563157835,226.51166687011718,227.4658383178711,2.506312931983416,3.8191333981452544
2024-12-02,238.28831481933594,239.48179223890946,235.8715241828912,235.98092716494563,48137100,0.009522692092748475,0.008844762643023113,227.35331802368165,227.69738952636717,2.307387654390311,3.6102680560182705
2024-12-03,241.3316650390625,241.44106801091166,237.60203896586935,238.5070985351772,38861000,0.012771714055865191,0.008868741345810288,228.39184341430663,228.02418182373046,2.8245665038853076,3.8390290450423095
2024-12-04,241.68971252441406,242.78374225546824,239.9392801306149,241.55047375645148,44383900,0.0014836324329574602,0.008881714843805523,229.3767417907715,228.3402526855469,0.13923876796258128,2.844462124853351
2024-12-05,241.7195587158203,243.21140922639395,240.81451427308068,242.6644095132275,40033900,0.0001234897054347428,0.00876128617949961,230.39939346313477,228.67678985595703,-0.9448507974071845,2.3968949533132786
2024-12-06,241.5206298828125,243.30091318780651,240.76476447856876,241.59025685240857,36870600,-0.0008229736727332071,0.007867306742480835,231.17565155029297,228.98649841308594,-0.06962696959607229,2.53614870923775
2024-12-09,245.40940856933594,245.89675186527563,240.43657354260168,240.516140724136,44649200,0.016101227826419207,0.008280633250846235,232.1597755432129,229.3686181640625,4.893267845199944,5.460178322673954
2024-12-10,246.42385864257812,246.86147053083658,244.00705305092782,245.54863486606115,36914800,0.0041337048940224275,0.007347372202945331,233.33038101196288,229.6675067138672,0.8752237765169752,2.8544174799087614
2024-12-11,245.1508331298828,249.43741460876686,244.92207178593077,246.61284788068906,45205800,-0.005165999427603096,0.007619267733738799,234.4373352050781,230.0758483886719,-1.4620147508062473,4.5153428228360895
2024-12-12,246.6128387451172,247.3885997871069,244.34521203481492,245.54864477609476,32777500,0.00596369833448529,0.007621269746899283,235.57313232421876,230.50210479736327,1.0641939690224262,3.043387752291977
2024-12-13,246.78189086914062,247.93557694468342,244.90216002667665,246.47357755688842,33155300,0.0006854960385827003,0.0073747275215008444,236.56322326660157,230.9537973022461,0.3083133122522099,3.0334169180067647
2024-12-16,249.6761016845703,250.01426601000418,246.30452004436617,246.64268436980004,51694800,0.011727808735221945,0.006158227059757545,237.85814895629883,231.44092163085938,3.0334173147702757,3.7097459656380067
2024-12-17,252.1028289794922,252.45093348613432,248.42293425963442,248.72130738305802,51356400,0.009719501700597988,0.005960272450518894,239.1242317199707,232.07811309814454,3.381521596434169,4.027999226499901
2024-12-18,246.7023468017578,252.89849494785605,246.39403346062903,250.7900177691265,56774100,-0.021421743657520365,0.008420909046162288,240.10736236572265,232.52622772216796,-4.087670967368695,6.504461487227019
2024-12-19,248.432861328125,250.63086087269232,245.74753371109492,246.15530978567995,60882300,0.007014584777167876,0.008440009745715293,241.1412139892578,232.9340447998047,2.277551542445053,4.883327161597407
2024-12-20,253.10736083984375,253.6145845456153,244.35516822034685,246.69239156062656,147495300,0.01881594683862997,0.008878378493496186,242.43265914916992,233.4452865600586,6.414969279217189,9.259416325268433
2024-12-23,253.8831024169922,254.26102752773247,252.07298333460633,253.38581895601413,40858800,0.003064871659893331,0.008893139286436378,243.69575958251954,234.00164825439452,0.4972834609780534,2.1880441931261316
2024-12-24,256.79718017578125,256.80710520536127,253.90297174117552,254.10189725758943,23234700,0.011478029577576265,0.00882762759438786,244.95537872314452,234.54178100585938,2.695282918191822,2.9041334641857475
2024-12-26,257.6127014160156,258.6868506395932,256.2302692406472,256.7872242633273,27237100,0.0031757406357662,0.008781731275856209,246.14686813354493,235.04755706787108,0.825477152688336,2.456581398946014
2024-12-27,254.2013702392578,257.29448932345014,251.68511699924173,256.42919055718573,42355300,-0.013242092326996358,0.009615362628002916,247.17425689697265,235.52623657226562,-2.2278203179279217,5.609372324208408
2024-12-30,250.8297882080078,252.1227283114492,249.38766912858338,250.85962400320443,35557500,-0.013263429807937821,0.010262409296009774,247.9137176513672,235.93013275146484,-0.029835795196618164,2.7350591828658253
2024-12-31,249.05946350097656,251.90392569582917,248.07483671879714,251.0684930674946,39480700,-0.00705787267006408,0.010384672787077337,248.45227508544923,236.24199462890624,-2.0090295665180236,3.829088977032029
