Date,Close,High,Low,Open,Volume,Daily_Return,Volatility,MA20,MA50,EMA20,Price_Change,HL_Spread,RSI,MACD,MACD_Signal,BB_High,BB_Low,Momentum,Trend_Strength,Signal,Risk_Level
2020-03-12,542.3695068359375,575.7090661476228,539.1902074740797,573.990531621809,13965574,-0.07988335487579867,0.0258831444153802,652.7359771728516,655.0804968261718,637.7790040199116,-31.621024785871555,36.51885867354315,18.968040760968634,-19.751374421247988,-7.627038275196712,727.665165373522,577.8067889721812,-130.22198486328125,-2.344519653320276,SELL,MEDIUM
2020-03-13,551.9503784179688,573.1313402307924,489.78240469498,508.68628698145295,16903113,0.01766484188597528,0.02625749296785824,646.7769561767578,653.4564831542968,629.5549220192665,43.2640914365158,83.34893553581236,23.463248756925637,-23.97608095736655,-10.896846811630681,733.0104590257483,560.5434533277673,-116.43072509765625,-6.6795269775390125,SELL,MEDIUM
2020-03-16,501.0818176269531,534.5932470521457,498.37510427209446,534.4643359607634,19140152,-0.0921614746180951,0.0314732862060891,637.7933212280274,650.852046508789,617.2518112755955,-33.38251833381025,36.21814278005121,17.813078363769407,-31.07069541819726,-14.931616532943996,743.282249476274,532.3043929797807,-127.64407348632812,-13.058725280761678,SELL,HIGH
2020-03-17,476.85040283203125,508.6862460888613,472.5970191703948,505.3350826110837,16059887,-0.04835820008332803,0.03229294939183123,627.8473007202149,647.5687823486328,603.8134658580564,-28.484679779052442,36.08922691846652,15.854504003046245,-38.208062396298374,-19.58690570561487,752.8444499176284,502.8501515228014,-159.9095458984375,-19.721481628417905,SELL,HIGH
2020-03-18,459.10650634765625,496.65649771972056,453.69313286507344,488.06382474879115,15390183,-0.037210614437973355,0.03221975001019604,616.8851943969727,644.0535186767578,589.9696049079593,-28.9573184011349,42.963364854647125,14.58948793389628,-44.780064592751614,-24.625537483042223,759.4622978736163,474.3080909203291,-182.7662353515625,-27.16832427978511,SELL,HIGH
2020-03-19,468.7732238769531,479.47111131199466,437.58183411403814,437.58183411403814,16583991,0.02105550105616838,0.032811573041081975,606.0541229248047,640.9197692871094,578.3799450522582,31.19138976291498,41.88927719795652,18.408936724102816,-48.64762087432803,-29.429954161299385,758.7227312525141,453.38551459709527,-183.19583129882812,-34.86564636230469,SELL,HIGH
2020-03-20,502.8431396484375,530.5545048490333,470.8783916256263,472.1672923326308,21354894,0.07267888615674711,0.03839914170994411,596.80625,638.6341162109375,571.159387446299,30.67584731580672,59.67611322340696,30.248125936250574,-48.40554068154938,-33.22507146534939,750.947793802413,442.66470619758695,-145.5599365234375,-41.827866210937486,SELL,HIGH
2020-03-23,452.361328125,482.0060530911666,443.29606764618916,464.0043907747818,17146150,-0.10039276176409972,0.04277543748143807,585.1825164794922,635.17814453125,559.8074837425147,-11.643062649781825,38.70998544497746,24.561200718096657,-51.69128571549777,-36.918314315379064,745.9375803736989,424.42745258528544,-182.59423828125,-49.995628051757876,SELL,HIGH
2020-03-24,506.7957763671875,516.5484904062429,448.537471581863,448.537471581863,20027097,0.1203340004058564,0.05295606276766697,576.3299102783203,632.6286950683593,554.7434922295621,58.258304785324526,68.0110188243799,38.07988375112003,-49.33416375165905,-39.40148420263506,733.8438481696667,418.81597238697395,-98.51513671875,-56.29878479003901,SELL,HIGH
2020-03-25,520.8878784179688,545.6347676259147,486.0875507189931,512.982608303419,18339548,0.02780627366667532,0.05364673032538662,568.0723541259765,629.7527294921875,551.5103345052894,7.905270114549694,59.54721690692162,41.02623881697708,-45.80104679301451,-40.68139672071095,718.8882635558796,417.25644469607346,-68.5694580078125,-61.680375366211024,SELL,HIGH
2020-03-26,552.5089111328125,559.2541389141585,525.9575287953459,528.4494251114769,14843813,0.06070602527914937,0.05602501340307078,562.0682250976563,627.4730932617188,551.605672179301,24.0594860213356,33.29661011881262,47.10798618141225,-39.98851042032254,-40.54281946063327,705.123579430737,419.0128707645756,10.139404296875,-65.40486816406246,SELL,HIGH
2020-03-27,560.8438110351562,579.9195567351105,551.8644567193235,571.455741852175,13495283,0.015085548367454571,0.0562686088912678,556.6913604736328,625.4993566894532,552.4874626237715,-10.611930817018788,28.055100015787048,48.61229766578804,-34.3139271113846,-39.297040990783536,691.1867355802865,422.19598536697913,8.8934326171875,-68.80799621582037,SELL,HIGH
2020-03-30,538.5028686523438,570.123897225642,533.6909399364066,537.1280093997111,14624804,-0.039834517103037204,0.05548186042424857,552.180209350586,623.088251953125,551.1529021114864,1.374859252632632,36.432957289235446,44.92411060802572,-31.2591700410577,-37.68946680083837,682.7021366781862,421.6582820229858,37.421051025390625,-70.90804260253901,SELL,HIGH
2020-03-31,551.219970703125,568.8349502813231,544.5176962795475,558.5237427233535,15175521,0.0236156625917463,0.05572988132036197,547.9032104492187,620.9168835449219,551.1593012856159,-7.303772020228507,24.31725400177561,47.37180190106101,-27.495142314772806,-35.65060190362526,672.5316204681241,423.27480043031335,74.36956787109375,-73.01367309570321,SELL,HIGH
2020-04-01,517.9664306640625,547.783022951467,510.40488726771986,545.0763093892614,13083824,-0.060327168474402226,0.05692610665773593,541.707894897461,618.0701306152343,547.9928422864173,-27.109878725198882,37.37813568374719,42.10266887813964,-26.88548683644308,-33.897578890188825,659.1468170689839,424.26897272593806,58.85992431640625,-76.36223571777339,SELL,HIGH
2020-04-03,503.27288818359375,520.7160045806065,500.2224996359624,518.567836244878,10221655,-0.028367750515474133,0.05676637783981645,534.2730865478516,615.0317602539062,543.7274209309057,-15.29494806128423,20.493504944644144,39.986242504887585,-27.27358366141948,-32.57277984443496,641.2064311839473,427.3397419117558,34.499664306640625,-80.75867370605465,SELL,HIGH
2020-04-07,549.07177734375,553.582930443992,526.6449229093224,528.4493631712148,15145605,0.09100209893176059,0.061215291113414255,529.3065216064454,612.777041015625,544.237096794054,20.622414172535173,26.938007534669623,48.65069667419635,-23.613365415660155,-30.780896958680003,622.9801169753207,435.63292623757,46.2286376953125,-83.47051940917959,SELL,HIGH
2020-04-08,542.7131958007812,563.3786159451819,538.2020425580807,541.3383891240682,11806896,-0.011580601672389168,0.061137450907120375,524.6944030761719,610.1519787597656,544.0917854980942,1.3748066767130922,25.176573387101143,47.622693793576,-20.98381215057941,-28.821479997059885,605.2751673388108,444.11363881353293,90.35186767578125,-85.45757568359375,SELL,HIGH
2020-04-09,546.708740234375,560.9296014951816,543.1427604790052,555.7739984438555,11931114,0.007362165623591155,0.06043727003702834,521.7642944335937,607.6343237304687,544.3412956080056,-9.065258209480476,17.786841016176368,48.36107873680718,-18.36575619433961,-26.730335236515835,594.2628412700221,449.2657475971652,39.9129638671875,-85.87002929687503,SELL,HIGH
2020-04-13,547.697021484375,559.9845339121814,537.9443057438538,540.4791548766551,8330276,0.0018076924279211148,0.060204171017605314,519.6762786865235,605.21634765625,544.6612091014954,7.217866607719884,22.040228168327644,48.5542659228339,-16.026439135241958,-24.58955601626106,586.4342874493723,452.9182699236746,26.80914306640625,-85.54006896972658,SELL,HIGH
2020-04-15,549.11474609375,561.3593048627127,546.1502634816354,559.7267284941587,11963447,0.0025885198453932112,0.05734163235654456,520.013540649414,602.8284423828125,545.0857403490847,-10.611982400408692,15.209041381077327,48.84989266013917,-13.897908545910582,-22.451226522190968,587.2928458133584,452.73423548546964,-3.3941650390625,-82.81490173339841,SELL,HIGH
2020-04-16,536.0538330078125,545.54877772377,518.5677660985184,532.7027223246884,17783287,-0.023785398550756898,0.05750111529936744,519.2187133789063,599.9782507324219,544.2248525714036,3.3511106831241477,26.98101162525154,46.21511068323972,-13.113771851199658,-20.583735587992706,585.3356081656472,453.1018185921654,-24.78997802734375,-80.75953735351561,SELL,HIGH
2020-04-17,540.2643432617188,555.0867049655194,537.9013580625622,553.3681702752236,8878320,0.007854640699574755,0.05324656728764681,521.1778396606445,597.3669372558594,543.8473810820717,-13.103827013504883,17.185346902957235,47.20373244177271,-12.014093886642172,-18.8698072477226,587.3509866541131,455.00469266717596,1.761474609375,-76.18909759521489,SELL,HIGH
2020-04-20,561.359375,567.9757443874141,549.0718618208134,549.9311292102043,13322913,0.03904575973110669,0.05220453440236803,525.403288269043,595.2591540527344,545.5163106053059,11.42824578979571,18.903882566600714,51.96734683519351,-9.332815526323884,-16.96240890344286,590.4985610969294,460.3080154411565,10.139404296875,-69.85586578369146,SELL,HIGH
2020-04-21,544.0879516601562,555.5161938835873,539.447888227243,539.447888227243,11660575,-0.030767141530047004,0.05192038357517499,529.652360534668,592.9528759765625,545.3801937305034,4.64006343291328,16.068305656344364,48.13776030153817,-8.503519350605302,-15.270630992875349,587.5828944062321,471.72182666310397,26.12152099609375,-63.300515441894504,SELL,HIGH
2020-04-22,551.520751953125,554.2274652032556,539.6628724890429,544.0881205149975,8266728,0.013661027174539209,0.05186226823348813,533.7897369384766,590.4438159179688,545.9653304098763,7.432631438127487,14.564592714212722,49.850521371598816,-7.163949738274368,-13.649294741955153,585.18882908246,482.39064479449326,48.24786376953125,-56.65407897949217,SELL,HIGH
2020-04-23,583.7003173828125,587.438161931594,548.2984910416214,555.9889445374286,14451289,0.05834697119868748,0.051034677238037174,537.8325958251953,588.63505859375,549.5609267370094,27.71137284538395,39.139670889972535,56.5420740962296,-3.4657580733874056,-11.612587408241604,591.5276856622163,484.1375059881744,34.6285400390625,-50.80246276855473,SELL,HIGH
2020-04-24,565.3978881835938,580.0054324071821,562.6482223112272,574.4631477861883,7319940,-0.03135586645092625,0.04527695628789827,543.484423828125,586.6871008300782,551.0698877010752,-9.065259602594551,17.357210095954883,52.27011412825485,-1.988841484899126,-9.687838223573108,581.5145642645218,505.4542833917282,22.6846923828125,-43.202677001953134,SELL,HIGH
2020-04-27,571.0690307617188,585.1610355625768,568.0186423136012,568.0186423136012,7183306,0.01003035684541409,0.037447933163304456,546.6980865478515,584.7503100585938,552.975343658645,3.0503884481175874,17.142393248975623,53.443872760552445,-0.3566494052371354,-7.821600459905914,582.5861320050927,510.8100410906103,24.36029052734375,-38.05222351074224,SELL,HIGH
2020-04-28,567.7178955078125,581.7239415130418,561.1444799172373,578.2868724346782,7296571,-0.005868178930025891,0.0372026235427686,549.0395874023437,582.8169580078124,554.3799135288838,-10.56897692686573,20.57946159580456,52.620401148952375,0.6588709150437353,-6.125506184915985,583.9846071724876,514.0945676321999,20.0208740234375,-33.77737060546872,SELL,HIGH
2020-04-29,581.3373413085938,586.0203590658929,565.3979417380608,572.2720808473382,8639056,0.02398981238489739,0.03515668091518551,550.4810089111328,581.1499816894532,556.9481434151837,9.065260461255548,20.622417327832068,55.613711223482476,2.5334495100265713,-4.393715045927474,588.1514928862575,512.810524936008,32.22259521484375,-30.66897277832038,SELL,HIGH
2020-04-30,614.8057861328125,618.6724891902516,599.8545133325081,601.4871422683001,16253821,0.05757146917292655,0.03714477169972599,553.1791076660156,580.0234814453125,562.4600569119223,13.31864386451241,18.817975857743477,61.97180363610228,6.643112674295139,-2.186349501882951,600.0406513314472,506.31756400058407,78.751953125,-26.844373779296916,SELL,HIGH
2020-05-04,578.8883666992188,602.5182164777228,576.0097898952575,592.7225486822473,9122740,-0.0584207569995685,0.038538434001437256,555.1983825683594,577.9861584472657,564.0250847529152,-13.834181983028543,26.50842658246529,53.16952591835903,6.922022005736949,-0.36467520035897105,602.8304011259662,507.5663640107527,38.6240234375,-22.787775878906245,SELL,HIGH
2020-05-05,578.8883666992188,589.1136156815189,575.7090673308268,585.8054576907331,6393053,0.0,0.038277016372066756,556.5818023681641,576.0485095214843,565.4409848604336,-6.917090991514328,13.404548350692153,53.16952591835903,7.061657271046215,1.1205912939220664,605.2668237600914,507.8967809762368,17.52899169921875,-19.46670715332027,SELL,HIGH
2020-05-06,572.1861572265625,585.54775421405,570.5964811398504,581.6380982067876,7934250,-0.01157772354430231,0.03547217913478706,559.2927886962891,573.9252600097657,566.0835257056942,-9.451940980225118,14.951273074199548,51.583912021554724,6.555934204497703,2.2076598760371935,605.023558558467,513.5620188341112,28.09820556640625,-14.632471313476572,SELL,HIGH
2020-05-07,571.369873046875,579.4469552092237,569.2217045283481,571.8854125131132,4779548,-0.0014266059557331845,0.034616512129547576,562.6976379394531,571.6447644042969,566.5870890921848,-0.5155394662382378,10.225250680875547,51.382927982642165,6.019884241107206,2.9701047490511963,600.72994869366,524.6653271852462,19.84912109375,-8.947126464843791,SELL,HIGH
2020-05-08,579.3180541992188,585.0751558969512,574.4202198460578,577.642472388201,8400321,0.013910745958584547,0.028516178074225407,564.2099517822265,569.4751135253906,567.7997836268845,1.6755818110177643,10.654936050893411,53.29127085061828,6.165342347571027,3.6091522687551625,602.3599599159513,526.0599436485018,-4.38226318359375,-5.265161743164072,SELL,MEDIUM
2020-05-11,586.7937622070312,600.2412663235966,582.5833307265212,586.4500342490423,7370186,0.01290432423713428,0.028379390369633876,566.4139801025391,567.5142687988281,569.6090331826815,0.34372795798890365,17.65793559707538,55.07735605128644,6.805397715394406,4.248401358083012,604.4347080331279,528.3932521719503,21.3958740234375,-1.1002886962889988,SELL,MEDIUM
2020-05-12,590.8751831054688,593.7537075982532,580.4350643742691,583.0128662885886,7356039,0.00695546060865837,0.028377221486109754,568.6223022460938,565.654814453125,571.6346838926806,7.8623168168801385,13.318643223984054,56.06512918972987,7.554894639742315,4.909700014414872,606.9378317404221,530.3067727517655,19.80615234375,2.967487792968768,BUY,MEDIUM
2020-05-13,596.4605712890625,601.4013595398548,587.5241680833318,597.0190637109661,8287101,0.009452737808751,0.028393747446655893,571.0604797363281,563.8632458496094,573.9993742517623,-0.5584924219035656,13.87719145652295,57.44417157138609,8.501569696087927,5.628073950749483,609.9413404804732,532.1796189921831,28.74267578125,7.197233886718777,BUY,MEDIUM
2020-05-14,565.5267333984375,577.2127464381863,560.7577584420578,566.2570895463563,16888262,-0.051862334879523075,0.031085317483249542,571.8810791015625,561.7219506835937,573.1923572267158,-0.7303561479187692,16.454987996128466,48.38577924973983,6.6787261085472664,5.838204382309041,609.5484286714079,534.213729531717,-15.81060791015625,10.159128417968759,BUY,HIGH
2020-05-15,560.5000610351562,571.2409025100194,555.6881850326236,571.2409025100194,9255353,-0.008888478769295882,0.03061150094305693,573.1033905029296,559.5643298339844,571.9834331391189,-10.740841474863146,15.552717477395845,47.08641114208891,4.773473353049326,5.625258176457098,607.4842026644019,538.7225783414574,-54.30572509765625,13.53906066894524,BUY,HIGH
2020-05-18,570.467529296875,576.1816248521922,561.1014956048989,566.9874550936073,10435442,0.017783170698162598,0.030779914290991486,574.6135498046875,558.3991625976563,571.8390468675028,3.480074203267691,15.080129247293257,49.956223522198236,4.021481074285703,5.30450275602282,605.5752498312222,543.6518497781528,-8.42083740234375,16.214387207031223,BUY,HIGH
2020-05-19,574.506103515625,579.8335713362592,562.8200890569237,570.5534948607593,5902208,0.007079411204574004,0.029627557628942053,575.2708862304687,557.1540856933593,572.0930753073554,3.952608654865685,17.01348227933545,51.11315122496107,3.7086499551060115,4.985332195839458,605.6314887082992,544.9102837526382,-4.38226318359375,18.116800537109384,BUY,MEDIUM
2020-05-20,575.3224487304688,578.2869316029753,566.8157333584487,574.4202284941887,5794636,0.0014209513351524095,0.028635824057284594,576.8326110839844,555.8230798339844,572.4006599268005,0.9022202362800726,11.47119824452659,51.3579439656756,3.4864120873588718,4.6855481741433405,603.6194678387345,550.0457543292342,3.13629150390625,21.00953125000001,BUY,MEDIUM
2020-05-21,577.5995483398438,583.8292368989302,571.7565405942183,572.7017137422168,7213225,0.0039579536908385116,0.028531005387446223,578.1365509033203,554.3356896972656,572.8958289282152,4.897834597626911,12.072696304711826,52.078764840359824,3.4542118796169916,4.439280915238071,602.2760259309281,553.9970758757125,6.22967529296875,23.80086120605472,BUY,MEDIUM
2020-05-22,594.9137573242188,597.9211931934447,578.7165879781676,580.0054890649786,11867731,0.029976147028057953,0.02623127343215965,578.6972229003907,553.2659033203125,574.9929153893307,14.908268259240117,19.20460521527707,57.264491455303656,4.770810018976022,4.505586735985661,603.8280938328818,553.5663519678995,15.595703125,25.43131958007814,BUY,MEDIUM
2020-05-26,584.7744140625,601.0145887752245,583.4425600918948,595.4723035989442,7099606,-0.017043383409593882,0.02547844496766878,579.666049194336,552.2622802734375,575.9245433246205,-10.697889536444222,17.572028683329677,53.60611966157705,4.939128072878248,4.592295003364178,604.1572346694504,555.1748637192215,-2.01934814453125,27.40376892089853,BUY,MEDIUM
2020-05-27,606.1701049804688,609.3923572369612,580.0054061686474,589.5002989953427,8774636,0.036587939560026594,0.02658708781549563,581.4211029052734,552.2794641113281,578.8052314437283,16.669805985126004,29.386951068313806,59.48765826491128,6.721493594914591,5.0181347216742616,608.1270678063979,554.7151380041489,15.294921875,29.141638793945276,BUY,MEDIUM
2020-05-28,607.845703125,610.0797771052081,592.8944312712586,607.5019752301157,9440091,0.0027642375147900466,0.026499913822552762,583.4274932861329,552.6472314453125,581.5711282875483,0.3437278948842959,17.185345833949555,59.91623344539348,8.175001549977765,5.649508087334963,611.6976625926189,555.1573239796468,11.3851318359375,30.780261840820344,BUY,MEDIUM
2020-05-29,601.8360595703125,610.3714952246648,587.8570994987178,603.1425054304507,28290128,-0.009886791209991697,0.026219771238520297,584.4524291992187,553.8365625,583.5012086402954,-1.306445860138183,22.514395725946997,57.56413664519281,8.741225657986888,6.267851601465349,613.8105935421,555.0942648563374,36.309326171875,30.615866699218714,BUY,MEDIUM
2020-06-01,609.2828979492188,615.4667746750173,602.271647893408,608.5861373326376,12276438,0.012373533058525954,0.02292438261328442,584.1762847900391,554.983212890625,585.9567076462065,0.696760616581173,13.195126781609247,59.676537811131254,9.679283212630708,6.9501379236984215,612.471902310886,555.8806672691921,48.7828369140625,29.193071899414008,BUY,MEDIUM
2020-06-02,616.7295532226562,619.8215177801701,607.5408941598197,610.1102484504172,7059304,0.012221999498922553,0.018495690768116767,586.0683441162109,557.2961676025391,588.8875628613337,6.6193047722390475,12.280623620350411,61.72815693229601,10.89795854691215,7.739702048341167,617.575058614762,554.5616296176598,46.26202392578125,28.772176513671866,BUY,MEDIUM
2020-06-03,611.024658203125,620.0391656492571,606.1908196267768,618.9939984318112,11378568,-0.009250237790164095,0.01869803205309387,587.6751586914063,559.979652709961,590.9959279596806,-7.969340228686178,13.848346022480314,59.24138905839012,11.273476558857624,8.446456950444459,620.7900911780687,554.5602262047439,36.5185546875,27.695505981445308,BUY,MEDIUM
2020-06-04,616.4246826171875,617.9053318367771,607.4973028971929,611.4166403352393,10782424,0.00883765383535029,0.01842286926675673,589.8870849609375,563.1260162353516,593.4177871837755,5.008042281948178,10.408028939584256,60.84916567951483,11.86998433846827,9.13116242804922,624.4465044326977,555.3276654891773,41.10223388671875,26.761068725585915,BUY,MEDIUM
2020-06-05,612.7665405273438,619.8649164097524,610.1971868126395,615.7713761204924,7718679,-0.005934451025407017,0.018518708155298238,591.956918334961,566.0058825683594,595.2605758985735,-3.0048355931486412,9.667729597112839,59.14705045221277,11.91024565904786,9.68697907424895,626.7898496418316,557.1239870280904,35.1669921875,25.951035766601535,BUY,MEDIUM
2020-06-08,627.8343505859375,632.1456328286368,613.1586290936992,616.3376688179678,10719105,0.024589805516512797,0.018977845587588464,594.3827331542968,568.5057067871094,598.3629167716596,11.496681767969676,18.987003734937616,63.65660896086107,13.008050679457597,10.351193395290679,632.0030022247682,556.7624640838254,32.92059326171875,25.877026367187455,BUY,MEDIUM
2020-06-09,625.003662109375,635.455228720966,622.7827148362952,627.0939966954599,10078029,-0.004508654988247596,0.018957011893471713,596.2932281494141,571.9585534667968,600.9001873074045,-2.0903345860848503,12.67251388467082,62.266052694445776,13.494104527181435,10.97977562166883,636.0008400448165,556.5856162540116,40.229248046875,24.33467468261722,BUY,MEDIUM
2020-06-10,623.4794921875,626.6149941514957,617.6876140957919,622.7391941295748,7263049,-0.002438657585990711,0.018978857662069283,597.9234436035156,574.2922277832031,603.0506407705376,0.7402980579252016,8.927380055703793,61.48719920277985,13.599550772773682,11.5037306518898,639.2515403511134,556.5953468559178,17.30938720703125,23.63121582031249,BUY,MEDIUM
2020-06-11,613.1150512695312,621.3456707998107,609.8924741906567,620.1263000696146,8825715,-0.016623547442763065,0.019393398771981492,598.7561676025391,576.1367712402343,604.0091735887577,-7.011248800083308,11.45319660915402,56.32752497669491,12.700391709365022,11.743062863384845,640.6007234414838,556.9116117635945,5.26934814453125,22.61939636230477,BUY,MEDIUM
2020-06-12,602.7506713867188,605.4506918876174,588.3362267228773,588.5975053108539,9795316,-0.016904461668901694,0.015512329771315796,600.6173645019531,577.1416064453125,603.8893142526216,14.153166075864874,17.114465164740068,51.65913797098009,11.024400410238059,11.599330372755489,639.5976517040305,561.6370772998758,0.91461181640625,23.475758056640643,BUY,MEDIUM
2020-06-15,598.8311767578125,613.5069493377986,596.8279705603792,603.5779403113357,7857344,-0.006502679822635193,0.01542253444874044,602.5339202880859,577.9013537597656,603.4075796591654,-4.7467635535232375,16.67897877741939,49.97239923732081,9.27300138314331,11.134064574833054,636.9363697920537,568.1314707841182,-10.45172119140625,24.632566528320353,BUY,MEDIUM
2020-06-16,610.7200317382812,620.1264332968532,608.9345659821636,611.4167923797626,10131760,0.019853433558415068,0.015530545258390654,604.5465454101562,579.3456970214844,604.104013101266,-0.696760641481319,11.191867314689603,54.79400136431155,8.743546116674679,10.65596088320138,635.7727794168351,573.3203114034774,-6.009521484375,25.20084838867183,BUY,MEDIUM
2020-06-17,612.8536987304688,618.6455761010103,607.9327319999423,609.587584482618,7291916,0.0034936908588285576,0.015508076551524618,606.4639251708984,580.5783715820312,604.9373267082699,3.2661142478507372,10.712844101067958,55.620674238142506,8.399296239283444,10.204627954417793,634.6364017937648,578.291448548032,1.82904052734375,25.885553588867197,BUY,MEDIUM
2020-06-18,621.7811889648438,624.1327491166638,614.900552454068,616.8166837876505,6670195,0.014567082246331076,0.01569946260868148,608.7868621826171,582.6546667480469,606.5415218557176,4.964505177193246,9.232196662595811,58.999129162639306,8.74603078436246,9.912908520406727,633.7882560772184,583.7854682880159,5.35650634765625,26.132195434570235,BUY,MEDIUM
2020-06-19,614.5086059570312,620.0392589501816,610.545730605669,617.513442224564,22438862,-0.011696370261570777,0.016087450551602465,610.6323150634765,584.8793811035156,607.3002993831958,-3.00483626753271,9.493528344512697,55.305528317718256,8.3378699653897,9.597900809403322,631.2105772046197,590.0540529223334,1.7420654296875,25.752933959960956,BUY,MEDIUM
2020-06-22,612.8972778320312,617.2520971243443,609.6747009238366,615.858523055155,7804096,-0.0026221408608111396,0.014837134620577433,611.5314910888671,586.1558911132812,607.8333497886643,-2.9612452231237967,7.577396200507792,54.49154876561249,7.794528391090353,9.237226325740728,630.8147014657512,592.248280711983,-14.93707275390625,25.375599975585942,BUY,LOW
2020-06-23,627.6602172851562,631.0134073648719,602.794152976711,605.9296552195193,12157390,0.024087134968758805,0.014967828697297266,613.67578125,587.8548315429688,609.7216383925113,21.730562065636946,28.219254388160948,60.26217072146562,8.457677274824846,9.081316515557551,629.8711265319828,597.4804359680172,2.65655517578125,25.820949707031218,BUY,LOW
2020-06-24,621.9989624023438,633.0166251162294,617.8618833987615,624.3941134044177,10220838,-0.009019617186029949,0.013035033252978253,614.4672241210938,589.3606359863281,610.8909160347483,-2.3951510020739306,15.154741717467914,57.26347224043334,8.429244503340556,8.950902113114152,630.6651164276924,598.2693318144951,-1.48052978515625,25.106588134765616,BUY,LOW
2020-06-25,610.1102905273438,614.5521857256574,604.0135424421312,613.8989627165274,14945284,-0.019113652262509273,0.013807007865688163,614.580453491211,590.6089013671875,610.8165702484798,-3.7886721891836714,10.538643283526199,51.47109604042016,7.362524267809022,8.633226544053127,630.6225262258318,598.5383807565901,-3.0047607421875,23.971552124023447,BUY,LOW
2020-06-26,651.6552734375,654.6165191327829,618.3844381074404,618.5586415387919,26030458,0.06809421764423473,0.0202796090726549,617.0714141845704,592.6597119140625,614.7059942115037,33.0966318987081,36.232081025342495,64.8512005348723,9.757001075905805,8.857981450423663,638.86483283441,595.2779955347307,48.90460205078125,24.411702270507817,BUY,MEDIUM
2020-06-29,637.3278198242188,648.606812713326,635.890708157022,640.5068592531488,8954428,-0.02198624671247351,0.020991436249334375,618.4736602783203,594.6851916503906,616.8604656511304,-3.179039428930082,12.716104556304003,58.82735969080482,10.378894001122603,9.162163960563452,641.6473547803923,595.2999657762482,38.49664306640625,23.78846862792966,BUY,MEDIUM
2020-06-30,640.9859008789062,643.5987926116884,630.795612489172,638.2423432957175,10411290,0.00573971658054484,0.020882491182111947,619.6864776611328,596.6996228027343,619.1581375902613,2.7435575831887036,12.803180122516437,59.85272941554836,11.03966678733741,9.537664525918245,644.8238646841822,594.5490906380834,30.265869140625,22.986854858398488,BUY,MEDIUM
2020-07-01,637.4585571289062,646.5165506096668,635.5859633113594,642.1181931501195,5477468,-0.0055029974062821285,0.020791594744893158,621.0081726074219,598.2216064453125,620.9010425414162,-4.6596360212132595,10.930587298307387,58.343878901029164,11.150174548191217,9.86016653037284,646.9516622470125,595.0646829678313,24.6048583984375,22.786566162109352,BUY,MEDIUM
2020-07-02,658.9713745117188,666.67943819777,640.5069793040757,642.2053166625539,17263756,0.03374778978527737,0.02191814338868488,623.1355072021485,600.5192749023438,624.526803222624,16.766057849164895,26.172458893694284,64.26133178883457,12.825809370871525,10.453295098472577,653.7786419705601,592.4923724337368,37.190185546875,22.616232299804665,BUY,MEDIUM
2020-07-03,664.2841186523438,665.4163609907333,655.4002770229408,657.5776865811566,7796572,0.00806217742699622,0.02182207693355452,625.7113861083984,602.7745422363281,628.3132281801812,6.706432071187123,10.016083967792497,65.5623858169991,14.416274256031443,11.24589092998435,660.7770338387852,590.6457383780116,49.7755126953125,22.936843872070312,BUY,MEDIUM
2020-07-06,665.4164428710938,674.9970461061488,663.2390330449449,666.4616102195291,8810958,0.001704578187187611,0.021293890671744125,627.5904907226562,604.4088647460937,631.8468794654353,-1.0451673484353705,11.758013061203883,65.84775873470024,15.588404810219004,12.114393706031281,666.7040743607924,588.47690708452,52.5191650390625,23.181625976562486,BUY,MEDIUM
2020-07-07,691.6760864257812,694.114775009981,666.7664839658335,670.1197272836043,19362533,0.03946347259076455,0.022688977882008136,630.9241119384766,606.9344287109375,637.5449163780714,21.556359142176916,27.348291044147572,71.70387151471857,18.42388145606492,13.376291256038009,678.939470754643,582.9087531223101,64.015869140625,23.989683227539103,BUY,MEDIUM
2020-07-08,674.7357177734375,683.6195598405134,672.5583081079491,683.6195598405134,8476642,-0.024491765704786284,0.023603343543942515,633.4869232177734,609.0077624511719,641.0869071380693,-8.883842067075875,11.061251732564301,64.071275037161,19.08408154016115,14.517849312862637,684.984588836249,581.9892575992978,52.73675537109375,24.47916076660158,BUY,MEDIUM
2020-07-09,680.8323974609375,688.0613862030879,674.9969295030293,679.3517484030488,6854166,0.009035655778855789,0.023102955848302912,636.8727905273438,611.2700524902343,644.8722012853215,1.4806490578887406,13.0644567000586,65.49481373640673,19.87019472596114,15.58831839548234,691.3839758687687,582.3616051859188,70.72210693359375,25.602738037109475,BUY,MEDIUM
2020-07-10,680.9629516601562,687.9742520146779,673.6904259853566,673.6904259853566,5206452,0.00019175673734928012,0.02253975774211442,640.7834045410157,613.2625646972656,648.3094232921505,7.272525674799681,14.28382602932129,65.52631277946452,20.270068984562954,16.524668513298465,696.1568853624844,585.4099237195469,29.30767822265625,27.520839843750082,BUY,MEDIUM
2020-07-13,694.2017211914062,701.4307104643391,684.6211189079156,686.3195090355082,10804688,0.019441247866678335,0.02250734956149094,645.5519317626953,614.8504833984375,652.6801271720728,7.88221215589806,16.80959155642347,68.65146838860736,21.40844702459799,17.501424215558373,702.0671721708146,589.036691354576,56.8739013671875,30.70144836425777,BUY,MEDIUM
2020-07-14,682.1824340820312,702.3452684310176,680.5275815067354,690.6307940411988,8961822,-0.017313824991311177,0.022976436604826178,649.1250518798828,616.9163647460938,655.4898758300627,-8.448359959167533,21.81768692428227,63.06203645079087,21.09756421505017,18.220652215456735,705.4154608060165,592.834642953749,41.196533203125,32.208687133789,BUY,MEDIUM
2020-07-15,723.7274780273438,738.9693465867283,692.2421111394763,695.9001702256123,30060599,0.060900196002872775,0.026053620092532752,654.6687408447266,619.8131469726562,661.9887058490685,27.827307801731422,46.72723544725204,71.6531254733662,23.927701539787904,19.36206208032297,717.083982358921,592.2534993305321,86.2689208984375,34.85559387207036,BUY,MEDIUM
2020-07-16,793.447998046875,832.2058859865961,778.8593548336091,783.9544716473141,90432109,0.09633532252992216,0.03261745953689018,663.2520812988281,624.2383837890625,674.5086571979035,9.493526399560892,53.34653115298693,80.04219949516394,31.434116122951878,21.776472888848755,748.3202050118665,578.1839575857897,134.47662353515625,39.01369750976562,BUY,HIGH
2020-07-17,786.6111450195312,801.1997917813194,777.0305411759688,793.4481910441225,31682878,-0.00861663655863154,0.03250302910591586,671.8572082519531,628.5432092285156,685.1850990824644,-6.837046024591245,24.169250605350612,77.61646635570716,36.41159663894234,24.70349763886747,769.3697678290132,574.344648674893,122.3270263671875,43.31399902343753,BUY,HIGH
2020-07-20,813.7415161132812,823.0608399595206,789.7464726278258,791.2706593684916,18421053,0.034490194126446605,0.03262894930388069,681.8994201660156,633.2316784667969,697.42858238768,22.47085674478967,33.314367331694825,80.18299544013941,42.060631242835825,28.174924359661144,793.4175437119002,570.381296620131,148.3250732421875,48.66774169921871,BUY,HIGH
2020-07-21,815.87548828125,827.154482177871,809.2997210251989,823.0609409402522,12877784,0.0026224201736213537,0.032659093675095376,691.3101837158204,637.8133129882813,708.7092526098269,-7.1854526590021806,17.854761152672154,80.37361851798964,46.17742102005104,31.775423691739125,814.1254154117597,568.494952019881,124.19940185546875,53.49687072753909,BUY,HIGH
2020-07-22,799.457763671875,817.8350802061377,792.577127782306,817.7915426441868,14354201,-0.020122831051048173,0.03315601921769061,700.1831237792969,641.9849645996094,717.3519766263754,-18.333778972311848,25.25795242383174,74.44084636753139,47.566911662761754,34.933721285943655,827.2541102597843,573.1121372988096,124.7220458984375,58.198159179687536,BUY,HIGH
2020-07-23,790.7916870117188,797.6287323921299,784.4336611464684,797.4981197022231,13051307,-0.010839943088867265,0.03278199610206893,709.2171936035156,645.8715869140625,724.3462411117775,-6.706432690504357,13.195071245661552,71.44307484637213,47.422159906665,37.431409010087926,835.0740059855664,583.3603812214649,109.95928955078125,63.34560668945312,BUY,HIGH
2020-07-24,803.7689208984375,806.2947371801037,786.6980516963853,786.6980516963853,18209580,0.01641043286096977,0.03019048356152158,716.8228759765625,650.6364306640625,731.9103120700435,17.070869202052222,19.596685483718375,73.18454745037536,47.80354787325996,39.505836782722334,846.1823847178334,587.4633672352916,122.80596923828125,66.18644531250004,BUY,HIGH
2020-07-27,826.0657958984375,829.8544679404932,800.1110799754764,802.6368436170394,16827870,0.027740404512129002,0.029370571401231154,726.2597747802735,655.9477453613281,740.8775076740538,23.428952281398097,29.743387965016836,75.90352301953808,49.33625442403081,41.47192031098403,858.5495044864591,593.9700450740878,131.86407470703125,70.31202941894537,BUY,MEDIUM
2020-07-28,838.6076049804688,842.7011461138305,819.7512676512282,823.9318839144705,15818463,0.015182578850623685,0.029315952445406586,736.1408599853515,661.310546875,750.1851422509179,14.675721065998232,22.949878462602328,77.29792078770484,50.975342566659606,43.37260476211915,870.9744963025731,601.30722366813,156.4251708984375,74.83031311035154,BUY,MEDIUM
2020-07-29,831.0302734375,836.1253912768248,821.8415612454107,830.2463846194097,11152710,-0.009035610335474176,0.02944948730586448,745.8194458007813,666.4410302734375,757.8846832411394,0.7838888180903041,14.283830031414027,74.49319431809013,51.074153352281314,44.91291448015159,878.7049986898242,612.9338929117384,107.30279541015625,79.3784155273438,BUY,MEDIUM
2020-07-30,837.38818359375,847.1429891054214,835.0365706247753,837.8672030675712,12492320,0.007650636035136271,0.029092565721598265,754.7402862548828,671.6823449707031,765.4564493494951,-0.47901947382115395,12.106418480646084,75.30294378587557,51.07671129248604,46.145673842618486,887.0607073540841,622.4198651556815,43.940185546875,83.05794128417972,BUY,MEDIUM
2020-07-31,841.3511352539062,859.1623578070553,830.2898829887673,844.1817679553299,12704346,0.004732514427357559,0.02912844457074526,763.593637084961,676.9573767089844,772.6845182753348,-2.8306327014236103,28.87247481828797,75.81825698994575,50.812777488699,47.079094571834595,894.2037084331798,632.9835657367421,54.739990234375,86.63626037597658,BUY,MEDIUM
2020-08-03,833.4253540039062,840.8285469480918,825.1947347458402,836.125320755078,8479792,-0.009420301367523698,0.029445401888422033,771.9940826416016,681.7276086425782,778.4693623812506,-2.6999667511717007,15.633812202251647,72.55751474957727,49.39467269953582,47.54221019737484,897.7886065296254,646.1995587535778,19.683837890625,90.26647399902345,BUY,MEDIUM
2020-08-04,827.2850341796875,845.4446632812084,819.1850805902475,836.5172833598572,11133170,-0.007367570226559206,0.02898127658566809,778.7745300292969,686.5778210449218,783.1184758774283,-9.232249180169674,26.259582690960883,70.04419124637946,47.23089360296569,47.47994687849302,901.0920926860058,656.456967372588,11.4095458984375,92.19670898437505,BUY,MEDIUM
2020-08-05,822.7996215820312,836.9527852085158,817.2254312592177,829.1576475331221,9614176,-0.005421846657849727,0.02810893450378429,786.1777252197265,690.9104113769531,786.897634005873,-6.3580259510908945,19.727353949298163,68.18613791301588,44.63957058671758,46.91187162013794,900.0424861613404,672.3129642781126,23.34185791015625,95.26731384277343,BUY,MEDIUM
2020-08-06,845.5753173828125,848.6672818881982,820.8835110206543,830.4641143323012,10976491,0.027680731983067197,0.028371716933624374,794.4148712158203,695.6650036621094,792.4859866696071,15.111203050511335,27.78377086754392,72.21636124355302,43.91748332348914,46.31299396080818,900.1497692508598,688.6799731807808,54.78363037109375,98.74986755371094,BUY,MEDIUM
2020-08-07,828.1995849609375,844.3559545021349,826.5447323047797,844.3559545021349,8010948,-0.020549006179195972,0.029165600423819764,801.7767028808594,700.1922741699219,795.8872827724922,-16.156369541197364,17.811222197355164,65.40860843326666,41.46516298589859,45.34342776582626,894.6050184263743,708.9483873353445,24.4306640625,101.58442871093746,BUY,MEDIUM
2020-08-10,828.5914306640625,833.3381942396638,823.3221100464963,826.4576117765276,5716319,0.0004731295574647021,0.029158533372355976,808.4961883544922,704.5784448242188,799.0019643753924,2.133818887534858,10.016084193167558,65.48762164533602,39.102550264834576,44.09525226562793,887.6531262375136,729.3392504714709,2.525634765625,103.91774353027347,BUY,MEDIUM
2020-08-11,826.0657958984375,837.8673471732026,824.0189986536602,827.3287042989302,6802442,-0.003048106306869358,0.02864377849959114,815.6903564453125,708.7651696777343,801.5794727768957,-1.2629084004927336,13.848348519542355,64.46550788759689,36.60441216571928,42.5970842456462,869.8152297949061,761.565483095719,-12.54180908203125,106.92518676757823,BUY,MEDIUM
2020-08-12,831.72705078125,835.0802407898778,820.622260203833,825.6738405797148,6908726,0.006853273566006068,0.02601697280731752,821.0903350830079,713.1792175292969,804.4506713244821,6.053210201535194,14.457980586044869,65.75570220720743,34.681647239221206,41.01399684436121,855.3374334947063,786.8432366713095,0.69677734375,107.91111755371094,BUY,MEDIUM
2020-08-13,828.4608764648438,843.5285413784923,825.8915223150804,831.5963252567942,5097703,-0.003926978584306351,0.015482410820287498,822.8409790039062,717.41994140625,806.737357991229,-3.1354487919504663,17.637019063411913,64.30505612621636,32.51942551670493,39.31508257882995,854.7572749944795,790.9246830133329,-8.92730712890625,105.42103759765621,BUY,MEDIUM
2020-08-14,830.5510864257812,838.7381676856475,829.2011031221366,832.5107550418692,4663873,0.002523003825909864,0.015268886443683552,825.0379760742187,721.7756323242188,809.0053325432426,-1.9596686160879244,9.537064563510853,64.83964090387636,30.62152581057228,37.57637122517842,852.400573583124,797.6753785653134,-10.800048828125,103.2623437499999,BUY,MEDIUM
2020-08-17,833.9479370117188,846.9688579917226,830.986638478145,830.986638478145,9008210,0.004089875555464806,0.013343107547530209,826.0482971191407,725.8979040527344,811.3808190767421,2.9612985335737676,15.982219513577661,65.73768528372293,29.056577930166213,35.87241256617598,853.1588896473546,798.9377045909267,0.5225830078125,100.15039306640631,BUY,LOW
2020-08-18,842.7011108398438,844.1382225386565,834.9931015883664,839.5221245003936,6141761,0.010496067487726135,0.01349906902682811,827.3895782470703,730.2518530273437,814.3637044537828,3.178986339450148,9.145120950290107,68.00543196752902,28.197608951121083,34.337451843165006,855.0039607316947,799.7751957624458,15.41607666015625,97.13772521972658,BUY,LOW
2020-08-19,835.5156860351562,846.1849941600091,833.9044240310892,845.6188995020971,6622744,-0.008526658755114824,0.012739868981508772,829.1924743652344,734.4925769042969,816.3781791633679,-10.103213466940815,12.280570128919862,64.24621848243108,26.630091003619214,32.79597967525585,853.8241989256398,804.5607498048289,12.716064453125,94.69989746093745,BUY,LOW
2020-08-20,831.9011840820312,840.915639115358,828.5479411966406,835.1672986824275,5656501,-0.004326073122908336,0.012467017117456257,831.24794921875,738.8682995605469,817.8565607656363,-3.266114600396236,12.36769791871734,62.378259492396005,24.810165492892793,31.19881683878324,848.4632120723327,814.0326863651674,-13.67413330078125,92.3796496582031,BUY,LOW
2020-08-21,826.3704833984375,839.1301249589403,824.410814752181,838.7817181580623,6513773,-0.00664826639199545,0.012186719204057539,832.37802734375,743.3406958007813,818.6674106302277,-12.41123475962479,14.71931020675936,59.526289483583405,22.660365502687796,29.491126571564152,844.4194352316795,820.3366194558205,-1.8291015625,89.03733154296867,BUY,LOW
2020-08-24,825.1511840820312,829.1575965832683,818.009269782099,824.8027772734822,5798574,-0.001475487497317074,0.010505498699626675,832.3322967529297,747.8670959472656,819.2849129257713,0.3484068085490435,11.148326801169333,58.88707509361346,20.620545445204925,27.71701034629231,844.4757615928258,820.1888319130335,-3.44024658203125,84.46520080566404,BUY,LOW
2020-08-25,817.0512084960938,826.2399201143072,813.1318709692636,825.2382903714615,6233918,-0.009816353344931139,0.010082259273291668,831.2544769287109,751.9937194824219,819.0721791512267,-8.187081875367767,13.108049145043651,54.685896622674605,18.141251958039902,25.80185866864183,844.7319911289035,817.7769627285184,-9.01458740234375,79.26075744628906,BUY,LOW
2020-08-26,828.112548828125,831.1173852174107,817.3126272768877,819.7948533779281,5153601,0.01353812370266394,0.010422959383564474,831.1085906982422,756.298896484375,819.9331668103118,8.31769545019688,13.804757940523018,58.988806806173216,16.874433760018178,24.016373686917103,844.6556400760287,817.5615413204557,-3.614501953125,74.80969421386726,BUY,LOW
2020-08-27,824.846435546875,836.952856263561,823.2351734302201,836.1254298417289,6154280,-0.00394404514926372,0.010289337193307553,830.4815032958984,760.3602014160156,820.4010972009931,-11.278994294853874,13.71768283334086,57.25983792571661,15.4290664911548,22.298912247764644,843.9687510672106,816.9942555245862,-3.61444091796875,70.12130187988282,BUY,LOW
2020-08-28,814.5690307617188,829.5931588351106,812.6528994480108,828.6786573233969,7593610,-0.012459779593206766,0.010526647445497715,829.1423980712891,764.3614099121094,819.8456622646214,-14.10962656167817,16.940259387099786,52.08640470376052,13.300976465837266,20.49932509137917,843.3460813219164,814.9387148206619,-15.9820556640625,64.78098815917974,BUY,LOW
2020-08-31,808.7770385742188,827.851168830503,796.5835442411025,814.5689696462156,12808355,-0.007110498888085348,0.010448294697483256,827.9099822998047,768.2790051269532,818.7915075632307,-5.791931071996828,31.267624589400498,49.37872201906645,11.02005212374138,18.603470497851614,844.4916002707315,811.3283643288779,-25.1708984375,59.630977172851544,BUY,LOW
2020-09-01,796.1915893554688,814.351163557122,794.4060710147924,806.7302302083255,6907773,-0.0155610862060781,0.010845678954960716,826.3553100585938,771.6496325683594,816.6391342819697,-10.538640852856702,19.94509254232969,44.02343501777306,8.10345103913653,16.5034666061086,847.9519581685918,804.7586619485958,-46.509521484375,54.70567749023439,BUY,LOW
2020-09-02,804.7706909179688,806.8610256646409,795.6255694302646,796.9320153570794,5678118,0.01077517230425018,0.011165560596896778,825.4538635253906,775.3050671386719,815.5088062861813,7.838675560889328,11.23545623437633,48.15141501538313,6.410390473116877,14.484851379510257,848.9871454630821,801.9205815876991,-30.7449951171875,50.148796386718686,BUY,LOW
2020-09-03,814.8302612304688,826.8931430703163,804.7706388763972,806.948048613617,8827948,0.012499921314263363,0.009501811208947431,823.9166107177734,779.3994665527343,815.4441829446266,7.8822126168518025,22.1225041939191,52.56835809990283,5.813338482239715,12.75054880005615,845.9611197406032,801.8721016949437,-17.0709228515625,44.5171441650391,BUY,LOW
2020-09-04,800.5465087890625,809.5609641024442,796.4529677308403,796.9319872552302,8650342,-0.01752972750402826,0.009207807357154853,822.5339569091797,782.3772912597656,814.0253567766617,3.614521533832317,13.107996371603917,46.50970549121153,4.139869195118536,11.028412879068627,846.6975040618245,798.3704097565349,-25.823974609375,40.156665649414094,BUY,LOW
2020-09-07,805.68505859375,807.8624681100616,795.2334929154541,800.3286630792705,6700385,0.006418802340991014,0.009374643771863908,821.388638305664,785.7444360351562,813.2310426346703,5.356395514479459,12.628975194607506,48.7960317159922,3.1914813426752744,9.461026571789956,846.4499325542531,796.3273440570749,-19.46612548828125,35.644202270507776,BUY,LOW
2020-09-08,818.096435546875,829.1576884511645,806.1206811180898,809.9529437990697,12891964,0.015404750058028771,0.01008108608521363,820.9901702880859,789.2866467285156,813.6944134036956,8.143491747805342,23.037007333074712,53.91929211243408,3.402153621578236,8.249251981747612,845.9946883106693,795.9856522655025,1.04522705078125,31.70352355957027,BUY,LOW
2020-09-09,808.0366821289062,823.931771807001,806.5124954474451,814.3511698092452,5528947,-0.01229653740178449,0.010260115135267797,819.8056518554688,792.6982092285157,813.155581837427,-6.314487680338971,17.419276359555965,49.588422069079144,2.72595181676013,7.144591948750116,844.9077640459989,794.7035396649387,-20.07586669921875,27.107442626953116,BUY,LOW
2020-09-10,818.7495727539062,820.44796292688,805.4673737787099,814.6124943845828,5171884,0.013257926108967144,0.010744935014268755,819.3200866699219,795.8937731933594,813.688342891663,4.13707836932349,14.980589148170111,53.840454003505165,3.019688665500894,6.319611292100272,844.1074507942958,794.532722545548,-6.09686279296875,23.42631347656254,BUY,LOW
2020-09-11,823.6705932617188,831.0302490487492,810.867412951651,814.264193517794,6671903,0.006010409863495214,0.010825162354431492,818.9760620117188,799.0815026855469,814.6390334266225,9.406399743924794,20.162836097098193,55.68932977987551,3.607972007268586,5.777283435133935,843.317350366905,794.6347736565326,9.1015625,19.89455932617193,BUY,LOW
2020-09-14,852.1510009765625,863.1686611223781,825.9349587688191,833.5123544410749,21871587,0.03457742445564538,0.013339409218221045,819.8862152099609,802.8161938476562,818.2116018446989,18.638646535487624,37.23370235355901,64.54137795753257,6.299702625424402,5.881767273192029,847.5352425034181,792.2371879165038,43.37396240234375,17.070021362304715,BUY,LOW
2020-09-15,855.678466796875,865.738088887986,846.2720676098545,853.1091127422357,11608203,0.004139484453189679,0.013180139045995057,820.5350830078125,806.0962414550781,821.7798747695691,2.569354054639348,19.466021278131507,65.46169562206168,8.618210182290113,6.4290558550116454,850.7823598242417,790.2878061913834,59.48687744140625,14.438841552734402,BUY,LOW
2020-09-16,872.4881591796875,875.8849399351467,855.2866207281788,858.770476617092,10059251,0.019644870164534423,0.013623611748981367,822.3837066650391,810.0512902832031,826.6092352780913,13.717682562595542,20.598319206967858,69.52138467938599,11.677435607155303,7.478731805440377,859.7490495436616,785.0183637864166,67.71746826171875,12.33241638183597,BUY,LOW
2020-09-17,880.54443359375,889.2540719082283,866.6090122905848,866.6090122905848,15628241,0.009233677648573524,0.013616268397969306,824.815869140625,814.0455310058594,831.7459209171409,13.935421303165185,22.645059617643483,71.26466486289695,14.58385421969956,8.899756288292213,869.8816515847928,779.7500866964571,65.71417236328125,10.770338134765552,BUY,LOW
2020-09-18,872.8364868164062,887.3380037422411,870.1800044146664,880.5444960073027,12897633,-0.008753614790210418,0.013702106935280534,827.1391693115235,817.8830017089844,835.6593082043546,-7.708009190896405,17.157999327574657,67.29853689114708,16.079886105184755,10.335782251670722,876.8387309983561,777.4396076246908,72.28997802734375,9.256167602539108,BUY,LOW
2020-09-21,879.58642578125,897.963742011611,871.3993442120434,871.8348261431838,14140637,0.007733337305207755,0.013704619294040371,829.8609313964844,821.5906958007813,839.8428432684655,7.751599638066182,26.564397799567587,68.92929449636735,17.607200963028845,11.790065993942347,884.5396932849956,775.1821695079732,73.9013671875,8.27023559570307,BUY,LOW
2020-09-22,877.49609375,890.5605517214641,863.2993933862256,878.8025395471465,12625762,-0.0023764941908844817,0.013428383869284641,832.8831756591796,825.4969689941406,843.4288671678906,-1.3064457971464662,27.26115833523852,67.80167451865421,18.436413171518893,13.119335429457657,890.9713422549601,774.7950090633992,59.399658203125,7.386206665039026,BUY,LOW
2020-09-23,888.1654663085938,903.1895940789525,878.0187152752794,888.5138731438482,13486204,0.012158883252685326,0.013378433624720286,835.8858215332032,828.7857287597657,847.6894957048239,-0.34840683525442273,25.170878803673077,70.45814491030795,19.72709732049134,14.440887807664394,898.693831574097,773.0778114923094,80.1287841796875,7.1000927734374955,BUY,LOW
2020-09-24,849.5382690429688,878.8026368763717,844.8350423885832,873.5768531090196,14427432,-0.04349099208525631,0.0169867094074879,837.1204132080078,829.9075341796874,847.8655693578459,-24.038584066050817,33.96759448778846,53.309933325420275,17.43213500780746,15.03913724769301,899.9825919396854,774.2582344763301,30.7886962890625,7.212879028320344,BUY,MEDIUM
2020-09-25,880.9364013671875,883.941237297441,849.1897582351297,849.8865186869268,13311078,0.03695905584052106,0.018369781234233266,840.4387817382812,831.7940393066406,851.0151724350033,31.04988268026068,34.75147906231132,61.510209475202295,17.940125119086133,15.619334821971636,905.1679284166354,775.7096350599271,57.26580810546875,8.64474243164068,BUY,MEDIUM
2020-09-28,880.0220336914062,885.0300766164447,869.6575409827747,883.8542433383906,8554526,-0.0010379497025689854,0.018224612037542165,844.0010314941406,833.1196496582031,853.7777306726338,-3.8322096469843245,15.372535633670054,61.17325802679572,18.060736188041574,16.107615095185626,909.2082205718408,778.7938424164405,27.87103271484375,10.881381835937532,BUY,MEDIUM
2020-09-29,878.8026123046875,895.3509271052714,874.5348677502426,886.641287736543,8708463,-0.0013856714264343095,0.017675294905196343,848.1315826416015,834.3781921386719,856.1610527505752,-7.8386754318554495,20.816059355028756,60.695733250114266,17.85213590423109,16.456519256994717,911.1300996888162,785.1330655943868,23.1241455078125,13.75339050292962,BUY,MEDIUM
2020-09-30,878.1492919921875,891.8234349169315,875.3186595111812,878.8025148724197,8048817,-0.0007434209950589743,0.01766820377656367,851.8005126953125,835.9520227050781,858.2551707876934,-0.6532228802321924,16.504775405750365,60.42358981686446,17.433142769146116,16.651843959424998,912.7853316907778,790.8156936998472,5.6611328125,15.848489990234384,BUY,MEDIUM
2020-10-01,886.3364868164062,894.0444965260971,881.1977782369984,888.9057879466892,5563358,0.009323237972036713,0.017606873838493367,855.3758239746094,837.8629187011719,860.9295818543479,-2.569301130282952,12.846718289098703,62.681749355748764,17.559313059326087,16.833337779405216,915.6518851262641,795.0997628229546,5.79205322265625,17.512905273437468,BUY,MEDIUM
2020-10-05,913.3798828125,918.7799232769341,886.6848687353566,886.6848687353566,14212509,0.030511432619940715,0.017739562926474366,861.0174926757812,840.0551379394532,865.9248486398144,26.695014077143355,32.0950545415775,68.97820239883023,19.61536623725442,17.38974347097506,920.8299767624134,801.2050085891491,40.54339599609375,20.962354736328052,BUY,MEDIUM
2020-10-06,919.5201416015625,923.2217381933755,898.2686010812685,918.8669186735955,9090819,0.006722568456571709,0.017739381469506814,866.7092468261719,841.9242248535156,871.0291622806866,0.6532229279670219,24.953137112107015,70.2073226007981,21.492518388465328,18.210298454473115,926.0398908927745,807.3786027595694,39.9337158203125,24.785021972656295,BUY,MEDIUM
2020-10-07,928.9266967773438,933.6734080500593,901.8832220483548,910.0703049125633,9284008,0.01022985223509898,0.017644441032278073,872.2507598876953,843.7306066894531,876.5432132100219,18.85639186478045,31.790186001704456,72.03528164786638,23.46867312621748,19.26197338882199,933.068956086726,811.4325636886646,51.43060302734375,28.520153198242156,BUY,MEDIUM
2020-10-08,952.5731201171875,978.9633672969411,947.957075503971,949.3505964000585,21482613,0.025455639741950087,0.017544482902772076,879.4775817871093,846.1614636230469,883.7841567545645,3.222523717128979,31.006291792970046,76.018647036388,26.63581761024193,20.73674223310598,942.3710784614503,816.5840851127683,64.40765380859375,33.31611816406246,BUY,MEDIUM
2020-10-09,963.9828491210938,969.6441142483599,948.0005771298236,953.792508100716,10567867,0.011977798620333324,0.017528187381900658,886.7392456054688,848.6933569335938,891.4221274843637,10.190341020377787,21.6435371185363,77.67135676242242,29.72383434749304,22.534160655983392,953.3374040146334,820.1410871963042,114.444580078125,38.04588867187499,BUY,MEDIUM
2020-10-12,986.018310546875,992.8989473227934,968.5990307692821,978.0925595118395,14633537,0.02285876916365459,0.01781267019472846,894.8566314697266,851.5867004394531,900.4312878061528,7.925751035035546,24.299916553511366,80.47061503915512,33.56230211181196,24.73978894714911,967.9831140588125,821.7301488806407,105.0819091796875,43.26993103027348,BUY,MEDIUM
2020-10-13,1008.4020385742188,1015.5874906966795,989.0230919409153,989.0230919409153,17523825,0.022701128151392025,0.0171056105714513,902.6691833496094,855.0862341308593,910.7142164818363,19.378946633303485,26.564398755764273,82.8259291836738,37.97276881125947,27.38638491997118,988.2092108694187,817.1291558298001,128.3800048828125,47.58294921875006,BUY,MEDIUM
2020-10-14,990.2859497070312,1014.5858636680948,985.1472414570976,1012.0600471060425,16649573,-0.017965145025690243,0.0180940676548972,909.3995574951172,858.3462524414062,918.2924768097386,-21.774097399011225,29.43862221099721,74.94759037246484,39.55036647172051,29.81918123032105,1000.1168029586674,818.6823120315669,111.48333740234375,51.053305053710915,BUY,MEDIUM
2020-10-15,965.2457275390625,1032.9631697372688,951.5280463220626,1027.737386416507,44288251,-0.02528585018839935,0.01925711630383193,914.0374359130859,861.1951745605469,922.764214985509,-62.49165887744448,81.43512341520625,65.65204238651228,38.338149007437664,31.522974785744374,1006.2049336344086,821.8699381917633,87.096435546875,52.842261352539026,BUY,MEDIUM
2020-10-16,982.0118408203125,989.3714435743123,955.3603655615958,970.1231617940635,18365685,0.01736978761252428,0.019431045640896004,919.110806274414,863.9239050292969,928.406846030037,11.888679026248951,34.01107801271644,68.4717024008956,38.2889717230147,32.87617417319844,1014.4608927586063,823.7607197902217,95.67535400390625,55.186901245117156,BUY,MEDIUM
2020-10-19,980.6181640625,992.027768583142,971.385969042699,988.5439133817964,12902123,-0.0014192056550441645,0.019212924163233232,924.4998901367187,866.9722766113281,933.3793525193985,-7.925749319296415,20.641799540443003,67.97219552597585,37.70292445997438,33.84152423055363,1020.956297789073,828.0434824843644,67.23828125,57.52761352539062,BUY,MEDIUM
2020-10-20,990.7214965820312,996.9923945163763,966.7699878734546,974.5215883192715,10448776,0.010303024041157016,0.019233602418504435,930.0566436767579,870.2148779296875,938.8405091068078,16.199908262759777,30.22240664292167,69.69798992454105,37.620071512313075,34.597233686905525,1028.3111342282632,831.8021531252526,71.20135498046875,59.841765747070326,BUY,MEDIUM
2020-10-21,1000.1715087890625,1005.3972928969713,988.5441604127356,993.900610387112,19811433,0.00953851535434902,0.019140119706464724,936.1904144287109,873.6969921875,944.6815567052861,6.27089840195049,16.853132484235744,71.25801320098914,37.88028659818417,35.253844269161256,1035.8606151870545,836.5202136703674,71.24481201171875,62.493422241210965,BUY,MEDIUM
2020-10-22,983.3618774414062,1008.5762409373028,978.7893167635817,994.6408179191708,11271335,-0.016806748842514208,0.01979316794711141,940.9502349853516,876.7296887207032,948.3653967809233,-11.278940477764536,29.786924173721104,64.86131458067192,36.31153538589774,35.46538249250855,1040.0828512549049,841.8176187157983,30.78875732421875,64.22054626464842,BUY,MEDIUM
2020-10-23,988.1596069335938,999.1636114651482,986.0908755738578,997.4029707400995,9069862,0.004878905316800131,0.016136172770469595,947.8813018798828,879.9236633300782,952.155321562516,-9.243363806505727,13.072735891290336,65.80483041739674,35.051374989484316,35.38258099190371,1039.5853492917604,856.1772544680051,24.1767578125,67.95763854980464,BUY,MEDIUM
2020-10-26,979.312255859375,994.4097702053341,971.1253417038876,987.9394376173436,6309368,-0.008953362404352294,0.01498041297594519,952.8000946044922,882.89888671875,954.7416962606334,-8.627181757968629,23.28442850144654,62.47347088554501,32.95885237110883,34.89783526774473,1040.0589695510014,865.5412196579831,-6.7060546875,69.90120788574222,BUY,LOW
2020-10-27,960.2974243164062,976.8914412836614,948.2370786061306,973.3701599129556,10172479,-0.019416515446631144,0.015930554289993622,956.8138641357422,885.4258764648438,955.2708132189144,-13.072735596549364,28.6543626775308,55.92103423210568,29.42695945731748,33.80366010565928,1037.446256100998,876.1814721704864,-48.1046142578125,71.38798767089838,BUY,MEDIUM
2020-10-28,947.708984375,972.5339770575176,941.9869016858179,964.3910132306047,7608392,-0.013108896913232249,0.01636798168090486,960.2591827392578,887.5260339355468,954.5506390425791,-16.6820288556047,30.547075371699748,52.03033273068793,25.32025088899468,32.106978262326365,1032.7404247095883,887.7779407689271,-42.57696533203125,72.73314880371095,BUY,MEDIUM
2020-10-29,946.2122192382812,952.5065306511367,933.2274952760777,941.942687427649,6935616,-0.0015793510047874548,0.016381547689114713,963.6623291015625,889.7399645996094,953.7565038223994,4.269531810632202,19.27903537505904,51.57089797993643,21.6947942403541,30.024541457931914,1026.0983877690421,901.2262704340828,-19.03350830078125,73.9223645019531,BUY,MEDIUM
2020-10-30,933.667724609375,953.9150922883643,926.4050818549549,943.7033979076784,8800386,-0.01325759102858004,0.016759480286755644,966.0288909912109,891.7752954101562,951.8432867529168,-10.035673298303436,27.510010433409434,47.764155194766516,17.60640220346795,27.540913607039123,1019.5072702105329,912.550511771889,-48.3441162109375,74.2535955810547,BUY,MEDIUM
2020-11-02,943.9676513671875,950.7020167684666,925.3047935513079,937.5412691669052,7183119,0.011031683420482219,0.015585353762921422,967.5582794189453,894.1272387695312,951.0932262394314,6.426382200282319,25.39722321715874,50.9646959524135,15.024249868029756,25.037580859237252,1016.4820668273562,918.6344920105344,-36.6505126953125,73.43104064941406,BUY,MEDIUM
2020-11-03,935.3843994140625,950.2177753204271,930.9387388117058,943.7033834573509,7204782,-0.009092739502983505,0.015721137431743817,968.3514923095703,896.3319030761719,949.5971474931496,-8.318984043288424,19.279036508721333,48.30838063434771,12.145275661747519,22.459119819739307,1014.5739911769543,922.1289934421862,-55.33709716796875,72.01958923339839,BUY,MEDIUM
2020-11-04,963.0262451171875,982.4373486186341,939.1256375241331,940.1819787855746,15702690,0.029551322130709323,0.01687148776324131,970.0564697265625,899.2514038085938,950.8761091724094,22.844266331612857,43.31171109450099,56.22185816905705,11.95630891050223,20.35855763789189,1012.7144157689581,927.3985236841668,-37.145263671875,70.8050659179687,BUY,MEDIUM
2020-11-05,971.8736572265625,988.5997437186863,967.4720555181088,977.0675687347336,9568890,0.009187093450707007,0.01605019432736027,971.0214965820312,902.1266259765625,952.8758756548609,-5.193911508171141,21.127688200577495,58.41620493993924,12.377780268986612,18.76240216411084,1012.9202099823034,929.122783181759,-11.48822021484375,68.89487060546867,BUY,MEDIUM
2020-11-06,979.5762329101562,986.9268845653927,961.0454510331582,975.3947122574281,8807127,0.007925490753164954,0.01593112397682006,971.8011657714844,905.2212219238281,955.4187668233016,4.181520652728182,25.881433532234496,60.28272138236442,13.181386028667248,17.64619893702212,1013.7272774386913,929.8750541042775,-8.5833740234375,66.5799438476563,BUY,MEDIUM
2020-11-09,1000.5278930664062,1008.8468753631606,986.9709414864382,994.145572083524,10160320,0.021388493771440364,0.01582763063564304,972.526644897461,908.9403991699219,959.7148740864903,6.38232098288222,21.875933876722456,64.89808252399007,15.332133960782585,17.183385941774215,1015.8892219747597,929.1640678201622,21.21563720703125,63.58624572753911,BUY,MEDIUM
2020-11-10,960.4736328125,980.5448738196894,948.9854083998871,980.5448738196894,15622869,-0.04003312704371331,0.01740671434267709,970.130224609375,911.9743310546875,959.7871368223302,-20.07124100718943,31.559465419802336,52.36908905230854,13.647256064427097,16.47615996630479,1010.4909482868269,929.7695009319231,0.17620849609375,58.15589355468751,BUY,MEDIUM
2020-11-11,988.1596069335938,991.5488188371161,956.908234063979,964.8311173266982,12514800,0.028825334892351506,0.01830962618967289,970.0239074707031,915.81369140625,962.489276833926,23.328489606895573,34.64058477313711,58.35394814431583,14.380238485040081,16.056975670051852,1010.1823919663591,929.8654229750471,40.45062255859375,54.21021606445311,BUY,MEDIUM
2020-11-12,983.9781494140625,1005.3259195981743,980.456867734209,993.0894442684856,9180976,-0.004231560863438788,0.017356586363622008,970.9605285644532,919.3978405761719,964.535836127957,-9.111294854423136,24.869051863965296,57.185251910118026,14.457071536839294,15.73699484340934,1011.5015302003989,930.4195269285075,37.76593017578125,51.562687988281255,BUY,MEDIUM
2020-11-13,989.656005859375,997.4028672300158,983.3177428913748,985.95870370487,6363212,0.005770307449096901,0.01697407579781028,971.3427368164063,922.89435546875,966.9282332459591,3.697302154504996,14.08512433864098,58.40348324656327,14.805449837597507,15.550685842246974,1012.433689041878,930.2517845909346,55.98828125,48.44838134765632,BUY,MEDIUM
2020-11-14,997.799072265625,1003.2571229917621,995.7303409051702,1000.9242525380654,1136144,0.008228178637868178,0.01705281289474497,972.2017822265625,926.8394067382812,969.8683131533991,-3.1251802724403888,7.526782086591879,60.15455254507645,15.559262067606483,15.552401087318875,1014.725838308855,929.67772614427,53.8314208984375,45.36237548828126,BUY,MEDIUM
2020-11-17,989.2159423828125,1007.9668089752155,979.4884669125225,1007.7467288859197,12813968,-0.008602062400522636,0.017034383207399157,972.1265045166016,930.5100244140625,971.7109445090379,-18.53078650310715,28.478342062692946,57.41117731482824,15.287848045564488,15.499490478968,1014.5242997889783,929.7287092442249,53.83154296875,41.61648010253907,BUY,MEDIUM
2020-11-18,977.6398315429688,997.138841802693,969.6288301936205,993.4415392268268,9839468,-0.011702309216690687,0.01707456891358743,970.9999206542968,933.7008923339844,972.2756004171579,-15.801707683858012,27.510011609072535,53.844531450939655,13.977530804084722,15.195098543991346,1011.5125258681633,930.4873154404304,14.61358642578125,37.29902832031246,BUY,MEDIUM
2020-11-19,965.4912719726562,981.2929780941796,962.894370117912,968.3523128971251,10092343,-0.012426416332831813,0.01688821820529828,970.1063903808594,936.8499841308594,971.6294738985029,-2.8610409244688526,18.398607976267613,50.31203134307563,11.822525013224208,14.52058383783792,1010.2758195870938,929.9369611746249,-6.38238525390625,33.25640624999994,BUY,MEDIUM
2020-11-20,971.3012084960938,976.2750387973063,960.5172867420207,973.6340783677373,8063554,0.0060175961110107146,0.01691020805253102,969.2634704589843,939.9010168457031,971.5982105268391,-2.3328698716435383,15.75775205528555,51.93605112133539,10.462871252873015,13.70904132084494,1008.5806776240618,929.9462632939069,-8.2750244140625,29.362453613281218,BUY,MEDIUM
2020-11-23,1003.43310546875,1007.7907555736708,970.0689435091072,972.7539634968152,10546363,0.03308129001755011,0.018381728092451567,970.4695129394531,943.4962670898437,974.630105283715,30.67914197193477,37.721812064563665,59.767871872195485,11.841608706224292,13.335554797920812,1012.3424373553372,928.596588523569,2.90521240234375,26.973245849609384,BUY,MEDIUM
2020-11-24,1003.6091918945312,1016.6819267387391,997.710981461456,1007.9667343556094,8515426,0.00017548397080147105,0.017725568626857237,972.6351013183594,946.5254309082031,977.3900182946836,-4.3575424610781965,18.970945277283136,59.806523968459416,12.800915785337224,13.228626995404095,1016.6070934711951,928.6631091655237,43.13555908203125,26.10967041015624,BUY,MEDIUM
2020-11-25,982.1294555664062,1006.646356710311,978.2560243938199,1000.9242742279174,8958701,-0.02140249063241173,0.01819717580789682,974.3561248779297,949.0544506835937,977.8413932730042,-18.794818661511158,28.39033231649114,53.104319871861335,11.693147028719522,12.921531002067182,1016.9642778167904,931.747971939069,-6.0301513671875,25.301674194335988,BUY,MEDIUM
2020-11-26,979.9725952148438,985.9147577263824,966.855907639641,985.9147577263824,10962256,-0.0021961059607142897,0.018203979945254772,976.0441436767578,951.2041394042968,978.0443648865378,-5.9421625115386405,19.05885008674136,52.46848350479583,10.519924561401808,12.441209713934109,1016.6883330508733,935.3999543026423,-4.00555419921875,24.840004272460988,BUY,MEDIUM
2020-11-27,968.3522338867188,986.8389583518288,960.4293519731001,984.1979977139559,25306145,-0.011857843152825565,0.018145185315858153,977.778369140625,952.9602954101563,977.1213047912142,-15.845763827237192,26.409606378728654,49.06026308272353,8.553867598594138,11.663741290866115,1013.7311283489195,941.8256099323306,-21.30377197265625,24.818073730468768,BUY,MEDIUM
2020-12-01,1001.6725463867188,1003.7853368404745,972.7981017220103,972.7981017220103,8933802,0.034409289650998875,0.019463893073933227,980.6636138916016,955.5370166015625,979.4595182767358,28.87444466470845,30.98723511846424,57.570982200177795,9.57406023344754,11.245805079382402,1014.4993311084718,946.8278966747314,3.87347412109375,25.126597290039058,BUY,MEDIUM
2020-12-02,1004.3574829101562,1010.1235165773928,986.8390869046665,998.2832511595824,6741637,0.002680453340887512,0.019250983587683314,984.1122680664063,958.0324377441407,981.8307530039442,6.074231750573858,23.284429672726333,58.17734259137995,10.47843332833952,11.092330729173826,1012.3880762809123,955.8364598519003,15.14154052734375,26.079830322265593,BUY,MEDIUM
2020-12-03,991.63671875,1009.727343166002,988.3355177588295,1009.727343166002,16212632,-0.012665574137305624,0.018574407004344196,985.5427917480469,960.3152502441407,982.7646545036455,-18.090624416002015,21.39182540717252,54.22350102403862,10.052813588446725,10.884427301028406,1012.2586135962246,958.8269698998691,13.99688720703125,25.227541503906195,BUY,MEDIUM
2020-12-04,998.85546875,1000.924200001872,981.5571530361366,990.36035620238,10564055,0.007279631606521786,0.018538416214385938,986.8918823242187,962.5290502929688,984.2971130034125,8.49511254762001,19.367046965735426,56.04894363877439,10.180643551910066,10.74367055120474,1013.4348923564493,960.3488722919882,33.36419677734375,24.362832031249923,BUY,MEDIUM
2020-12-07,1006.6464233398438,1015.009467521504,1000.044020038533,1009.9916839969044,7792141,0.007799881798308261,0.01853615779551665,988.2453918457031,965.6712133789063,986.4256187498829,-3.345260657060635,14.965447482971058,57.99579045666289,10.786277153791616,10.752191871722115,1015.8958540904797,960.5949296009265,35.34521484375,22.574178466796866,BUY,MEDIUM
2020-12-08,1015.3175048828125,1027.3338997525784,1007.9668510854347,1007.9668510854347,12308330,0.00861383037968766,0.0180288897127214,988.9848724365235,968.3588354492188,989.1772269531871,7.350653797377845,19.367048667143763,60.11345036249251,11.829566085715896,10.96766671452087,1018.6289043786279,959.340840494419,11.8843994140625,20.6260369873047,BUY,MEDIUM
2020-12-09,1034.552490234375,1038.3379109356183,1018.5307019521072,1028.258285348404,10039346,0.018944798310930988,0.015649690803131566,992.6888153076172,971.4494445800781,993.4986805992531,6.294204885971112,19.807208983511146,64.40095865987925,14.046562615003836,11.583445894617466,1025.500326397321,959.8773042179135,30.94329833984375,21.239370727539153,BUY,MEDIUM
2020-12-10,1027.9940185546875,1031.4272891775722,1012.3683334085982,1018.8827250462048,9488782,-0.0063394286337290495,0.014637127337457166,994.6805358886719,974.4332727050781,996.7839508808872,9.111293508482731,19.058955768973988,61.95553512576735,15.100267994100363,12.286810314514046,1030.817998252016,958.5430735253279,45.86456298828125,20.24726318359376,BUY,LOW
2020-12-11,1023.9885864257812,1031.6913894754193,1016.9900826393592,1020.9074652059261,10574009,-0.0038963574268046086,0.014629711367632438,996.6810577392578,977.35005859375,999.3748685519466,3.081121219855163,14.701306836060098,60.44594061392878,15.434216164088411,12.916291484428921,1034.6124693313698,958.7496461471459,44.0159912109375,19.330999145507803,BUY,LOW
2020-12-14,1025.17724609375,1032.2637613990692,1010.7839204436714,1029.4467788800966,6728187,0.0011608133955063327,0.014605061648535218,998.4571197509765,980.1268737792968,1001.8322378417428,-4.269532786346645,21.479840955397776,60.75157014597116,15.614789818770646,13.455991151297265,1038.1901120829953,958.7241274189577,56.82501220703125,18.330245971679688,BUY,LOW
2020-12-15,1016.4180297851562,1024.4289248585412,1014.1292179729033,1017.6504999797537,6905926,-0.008544099414973472,0.014701677298486733,999.3880676269531,982.18763671875,1003.2213608840241,-1.2324701945974539,10.299706885637875,57.24156188760015,14.879577679516728,13.740708456941158,1039.8809840002857,958.8951512536204,14.7454833984375,17.20043090820309,BUY,LOW
2020-12-16,1026.189453125,1029.0065428975945,1015.5375977166881,1021.1716698008904,7788404,0.009613587179193583,0.014637882820227419,1001.2367431640625,984.3210229492188,1005.4087982403807,5.017783324109587,13.468945180906417,60.016831017843074,14.913475698043044,13.975261905161537,1043.0574832098603,959.4160031182648,21.83197021484375,16.91572021484376,BUY,LOW
2020-12-17,1020.4672241210938,1029.0063953013716,1017.8262632848994,1026.3654344651773,6658153,-0.005576191595499935,0.014399601214015168,1003.3781127929688,986.1518334960938,1006.8429340385873,-5.898210344083509,11.180132016472271,57.65675727146582,14.313605727083655,14.042930669545962,1044.5270116164463,962.2292139694911,28.83050537109375,17.226279296874964,BUY,LOW
2020-12-18,1047.4052734375,1051.9828966141033,1034.9046590597186,1041.2869820726494,15995676,0.02639776043724229,0.01492519851409938,1007.4738128662109,988.0484765625,1010.7060139814467,6.11829136485062,17.078237554384714,64.69513622980696,15.8294083365912,14.400226202955011,1049.02773532174,965.9198904106817,48.5498046875,19.42533630371088,BUY,LOW
2020-12-21,1036.401123046875,1064.9674735459034,1014.1730356676362,1045.8205071895295,10858352,-0.010506105582713254,0.015271717805381321,1010.72880859375,989.4968420410156,1013.153167225834,-9.419384142654508,50.79443787826722,60.28669491025629,15.958786893089155,14.71193834098184,1050.6037992040215,970.8538179834786,29.75469970703125,21.231966552734434,BUY,MEDIUM
2020-12-22,1074.430908203125,1077.3799596666704,1035.3446660438115,1040.5385772192492,10901851,0.03669407945491976,0.01565826665942435,1014.2786987304687,991.2650939941407,1018.9891425571354,33.89233098387581,42.035293622858944,68.32083199732224,18.912000396905455,15.551950752166563,1062.6579715479581,965.8994259129792,59.1134033203125,23.013604736328034,BUY,MEDIUM
2020-12-23,1103.0853271484375,1108.1911200982577,1083.2781216149863,1089.8364644627864,15878346,0.026669391886011695,0.016458937854304606,1019.2525054931641,993.158759765625,1026.998302994565,13.248862685651147,24.912998483271394,72.78785686382312,23.296072882462795,17.10077517822581,1080.8654489260791,957.6395620602491,68.5328369140625,26.093745727539158,BUY,MEDIUM
2020-12-24,1088.1199951171875,1100.3124102877798,1079.272732749329,1100.3124102877798,7313885,-0.013566794574211727,0.01588400777101452,1024.5520324707031,995.1154406738282,1032.8194165301597,-12.192415170592312,21.03967753845086,67.43929459939278,25.271589535236217,18.734938049627893,1090.5576149010933,958.546450040313,60.1259765625,29.43659179687495,BUY,MEDIUM
2020-12-28,1091.8614501953125,1098.6398743846044,1088.0760294385987,1090.232771464013,4607051,0.0034384581617048493,0.015794598213330197,1030.1464752197267,997.6477551269531,1038.4424673555059,1.6286787312994875,10.563844946005702,68.07098247396895,26.829827323154177,20.35391590433315,1098.9955278708853,961.2974225685679,67.87286376953125,32.49872009277351,BUY,MEDIUM
2020-12-29,1100.6644287109375,1104.3176717038261,1087.1954861811491,1087.1954861811491,6878105,0.008062358565777972,0.015258913498133148,1036.7620849609375,1000.0208068847656,1044.3683684370646,13.468942529788364,17.122185522677,69.56696917112905,28.447147781337435,21.972562279734007,1106.0150818816728,967.5090880402023,75.4871826171875,36.74127807617185,BUY,MEDIUM
2020-12-30,1097.583251953125,1103.3053331676717,1089.9684608446516,1103.0411941272316,5194690,-0.0027993788819187237,0.013888034043778275,1041.5576202392579,1002.3601086425781,1049.4364525815204,-5.45794217410662,13.336872323020089,68.35967304280335,29.14430329602783,23.406910482992775,1113.651841058051,969.4633994204646,81.16522216796875,39.19751159667976,BUY,LOW
2020-12-31,1105.5062255859375,1107.7950367699373,1090.7168022322983,1094.2380832725962,7430470,0.00721856280032851,0.013890837045489287,1046.615057373047,1004.6558032226562,1054.7764309629592,11.268142313341286,17.07823453763899,69.8105232996834,29.99041103128252,24.723610592650726,1121.6908908730243,971.5392238730697,79.3167724609375,41.959254150390734,BUY,LOW
2021-01-01,1109.599609375,1114.0452695948306,1105.5062062061872,1107.3548572277425,4253550,0.0037027234169513257,0.013269753917299103,1052.513201904297,1006.844365234375,1059.9976860498784,2.2447521472574863,8.539063388643399,70.56158394366616,30.638082624341678,25.90650499898892,1127.919538207671,977.1068656009228,89.13238525390625,45.668836669921916,BUY,LOW
2021-01-04,1134.072509765625,1135.6130701320833,1110.2158535829499,1117.1263457345842,7208454,0.02205561374017595,0.0137633998727769,1059.2740539550782,1009.8585778808593,1067.0524311657348,16.94616403104078,25.397216549133418,74.62598272126678,32.7486198566246,27.274927970516057,1138.3805185910333,980.1675893191232,86.667236328125,49.41547607421887,BUY,LOW
2021-01-05,1138.9583740234375,1143.5359963052456,1122.4523694578306,1128.5705521657621,8145280,0.004308246797043225,0.013767616086539222,1065.8896514892579,1012.8745532226562,1073.900616199864,10.387821857675362,21.083626847414962,75.3574716801482,34.41872657648264,28.703687691709376,1148.3442019784777,983.435101000038,102.5572509765625,53.015098266601626,BUY,LOW
2021-01-06,1128.6585693359375,1146.1769637767932,1116.2901343186134,1144.4163232794403,7161715,-0.009043179208661822,0.014170491844101131,1071.556704711914,1015.8614794921875,1079.1156593557237,-15.757753943502848,29.886829458179818,70.72849256013114,34.51334170584141,29.865618494535784,1154.9039898177743,988.209419606054,54.2276611328125,55.69522521972658,BUY,LOW
2021-01-07,1111.0960693359375,1142.3474338318001,1105.2419190015642,1140.894884130647,10954918,-0.015560507382080258,0.014530524505292802,1075.3838836669922,1018.8774523925781,1082.1614126871953,-29.798814794709415,37.10551483023596,63.559154708045654,32.79315878205307,30.45112655203924,1158.612428245491,992.1553390884935,8.0107421875,56.506431274414126,BUY,LOW
2021-01-08,1155.0682373046875,1159.205807166795,1125.2694168181652,1125.2694168181652,13186251,0.03957548692889401,0.016375176784245715,1081.7375946044922,1023.0246374511719,1089.10491979367,29.798820486522345,33.93639034862986,71.38108631073467,34.579477197879214,31.276796681207237,1168.836799203644,994.6383900053403,66.9482421875,58.7129571533203,BUY,MEDIUM
2021-01-11,1211.496826171875,1217.7911381846839,1179.6292723945633,1181.477923642687,20528626,0.04885303486386361,0.018774623212136684,1091.1130065917969,1028.3303295898438,1100.7612918297607,30.018902529187926,38.1618657901206,77.92842597972451,40.08637219458001,33.038711783881794,1190.7883801217954,991.4376330617982,119.6353759765625,62.78267700195306,BUY,MEDIUM
2021-01-12,1207.5794677734375,1213.081470086967,1197.2357034240022,1213.081470086967,8309868,-0.0032334863070303532,0.018891706725263455,1100.2331176757812,1033.808564453125,1110.9344514435004,-5.5020023135296015,15.845766662964934,76.61797376166027,43.6315704856288,35.1572835242312,1207.2184288037658,993.2478065477964,106.9150390625,66.42455322265619,BUY,MEDIUM
2021-01-13,1221.13623046875,1226.1100612683126,1197.2355146942416,1209.427928406839,14442997,0.011226393837507675,0.01847167506301846,1110.469027709961,1039.3519360351563,1121.429858969767,11.7083020619109,28.87454657407102,77.99694629289164,46.99337277498671,37.5245013743823,1222.474742408916,998.4633130110059,123.552978515625,71.11709167480467,BUY,MEDIUM
2021-01-14,1206.47900390625,1218.3633282789128,1160.6582880628148,1197.2356405052901,27521697,-0.012002941356406782,0.01907949232196863,1119.4835052490234,1044.773828125,1129.529777535183,9.243363400959879,57.70504021609804,72.9852033833275,47.92248899927017,39.60409889935987,1231.9255377431612,1007.0414727548857,100.9727783203125,74.70967712402353,BUY,MEDIUM
2021-01-15,1183.98681640625,1201.153063298787,1179.6292736409982,1197.235680710267,15018441,-0.01864283375605913,0.01978999117879941,1127.6594848632812,1049.1930395507814,1134.7161621895916,-13.248864304016934,21.52378965778871,65.9790182121078,46.310055254771214,40.945290170442135,1233.7118999473796,1021.6070697791829,74.38720703125,78.4664453124999,BUY,MEDIUM
2021-01-18,1155.0242919921875,1179.629201379863,1149.6983111955979,1177.8685607807886,8861765,-0.024461863943698536,0.02050777867589253,1133.0404357910156,1052.8560522460937,1136.650269789846,-22.844268788601084,29.93089018426508,58.227853424939404,42.20860173810456,41.197952483974625,1233.0050047999841,1033.0758667820471,20.9517822265625,80.18438354492196,BUY,MEDIUM
2021-01-19,1159.07373046875,1171.70630512877,1154.980219631064,1162.0227819458878,5585744,0.0035059336021219245,0.020183372839489035,1139.1740661621093,1056.4460021972657,1138.7858374735583,-2.9490514771378002,16.72608549770598,58.95391907964268,38.837234653511814,40.72580891788206,1229.2304068819924,1049.1177254422262,20.1153564453125,82.72806396484361,BUY,MEDIUM
2021-01-20,1179.144775390625,1187.0237051659822,1162.5068106167055,1162.5068106167055,8225838,0.017316452262064352,0.019055888426685964,1144.4097595214844,1060.01833984375,1142.6295458466238,16.63796477391952,24.516894549276685,62.43880350694775,37.354369613441804,40.05152105699401,1230.9065269916493,1057.9129920513194,50.4862060546875,84.39141967773435,BUY,MEDIUM
2021-01-21,1179.3651123046875,1198.1600374653954,1175.227649705845,1188.4324547587196,6142421,0.00018686162942915807,0.018366161186588206,1148.2237487792968,1064.3961694335937,1146.1281712235918,-9.067342454032087,22.932387759550465,62.47646715355765,35.784466676464035,39.198110180888015,1233.8177808259395,1062.629716732654,68.26904296875,83.82757934570304,BUY,MEDIUM
2021-01-22,1180.3775634765625,1193.7144387646922,1167.7890464824043,1168.185147670167,9646591,0.0008584713599815164,0.017938636227988535,1152.8366271972657,1068.2405285644531,1149.3900181048352,12.192415806395502,25.92539228228793,62.66173862380712,34.227450888537305,38.203978322417875,1234.8458038293231,1070.8274505652082,25.309326171875,84.59609863281253,BUY,MEDIUM
2021-01-25,1166.51220703125,1186.5835493970635,1155.8603547289097,1184.030599474778,6542611,-0.011746543541945043,0.01829169910690247,1156.5691650390625,1071.8912097167968,1151.0207027644974,-17.518392443528,30.723194668153837,58.40847474776995,31.511441983401483,36.8654710546146,1233.793432931879,1079.344897146246,-44.984619140625,84.67795532226569,BUY,MEDIUM
2021-01-27,1145.2967529296875,1168.669300749039,1131.2996381464989,1161.6706896269554,8133665,-0.018187082804350108,0.018877127106789574,1158.80078125,1075.0040246582032,1150.4755646849906,-16.373936697267936,37.369662602540075,52.53281623669607,27.33200912958432,34.95877866960855,1231.903535330124,1085.698027169876,-62.28271484375,83.7967565917968,BUY,MEDIUM
2021-01-28,1123.4647216796875,1141.291207719844,1120.251638559747,1137.1978043016243,4660690,-0.019062335760712923,0.01944361163803309,1160.0948547363282,1077.5173376464843,1147.9031034463856,-13.733082621936774,21.03956916009679,47.26373149086857,22.004462273977424,32.367915390482324,1229.6471688020413,1090.5425406706152,-97.6715087890625,82.57751708984392,BUY,MEDIUM
2021-01-29,1090.7608642578125,1136.6255284428273,1083.6742431601515,1132.311937664293,12183519,-0.029109821421877458,0.020532280889970306,1159.3575866699218,1079.5482360839844,1142.4609854284172,-41.551073406480555,52.951285282675826,40.68126745292478,14.970840501326848,28.88850041265123,1231.474206777355,1087.2409665624887,-115.7181396484375,79.80935058593741,BUY,MEDIUM
2021-02-01,1109.9959716796875,1125.0053694528378,1092.4775748930736,1100.8846773780538,8880279,0.017634577891610714,0.020914187344602677,1159.3774047851562,1082.1953588867189,1139.369079357105,9.111294301633734,32.52779455976429,45.48986128059642,10.823984827048662,25.275597295530716,1231.4395159857136,1087.3152935845987,-73.9908447265625,77.18204589843731,BUY,MEDIUM
2021-02-02,1119.1070556640625,1139.4864898120056,1112.3725846333607,1126.8098574237954,6892490,0.008208213558277944,0.020375667906634656,1158.629132080078,1085.2676745605468,1137.4393628149078,-7.702801759732893,27.113905178644927,47.65440561018663,8.178483692654936,21.856174574955563,1232.0251870407767,1085.2330771193795,-35.917236328125,73.36145751953131,BUY,MEDIUM
2021-02-03,1130.9034423828125,1147.937617904773,1120.6476898717608,1124.7412005689066,8182968,0.010540892097003374,0.020499859352411356,1158.226385498047,1088.4597192382812,1136.8168942023265,6.162241813905894,27.289928033012302,50.40058789442307,6.9536178276864575,18.875663225501743,1232.1363786917266,1084.3163923043674,-28.1702880859375,69.76666625976577,BUY,MEDIUM
2021-02-04,1126.2376708984375,1138.6062131817557,1119.8113976609816,1131.2115017172475,5032240,-0.004125702787272645,0.020416994832090734,1158.1053405761718,1090.915810546875,1135.8093491257646,-4.973830818810029,18.794815520774137,49.29893219760056,5.542523281420017,16.2090352366854,1232.2162905648552,1083.9943905874884,-52.9071044921875,67.18953002929675,BUY,MEDIUM
2021-02-05,1119.85546875,1134.5128237163976,1110.9642549215084,1132.444092435958,5477481,-0.005666834197923909,0.02013579546057837,1158.543310546875,1093.2407360839843,1134.289931947119,-12.588623685958055,23.548568794889206,47.7610745174688,3.8646806788410686,13.740164325116533,1231.6343623923665,1085.4522587013837,-59.5096435546875,65.30257446289079,BUY,MEDIUM
2021-02-08,1147.5416259765625,1153.2196492039,1122.8485973737208,1131.6518008027583,6921922,0.02472297363289777,0.01885520946747728,1158.1669799804688,1096.5489794921875,1135.5519980451622,15.889825173804184,30.371051830179113,54.40563973062534,4.714672029038184,11.935065865900864,1231.4030881988106,1084.930871762127,-32.8359375,61.61800048828127,BUY,MEDIUM
2021-02-09,1149.3023681640625,1172.5868003058606,1142.523836448464,1150.4907792397423,7965949,0.0015343601902035875,0.014944754268271368,1155.0572570800782,1099.935574951172,1136.8615571041062,-1.1884110756798236,30.062963857396653,54.79940216781458,5.467349278149413,10.641522548350574,1224.1350958597557,1085.9794183004008,-17.2098388671875,55.121682128906286,BUY,LOW
2021-02-10,1141.335205078125,1148.2456975542023,1129.9790523514478,1140.7190238869975,5951207,-0.006932173209269976,0.014976830412630582,1151.7450439453125,1103.395234375,1137.2876188159178,0.6161811911274526,18.26664520275449,52.5863639148357,5.359190531672766,9.585056145015013,1216.6588884322628,1086.8311994583623,-3.9615478515625,48.34980957031257,BUY,LOW
2021-02-11,1137.946044921875,1140.8950964026346,1129.494991625902,1134.7328543695958,4673317,-0.0029694695661455217,0.014613561467853746,1147.5855346679687,1106.1207043457032,1137.3503260641041,3.2131905522792295,11.400104776732633,51.63115577307405,4.943017022320191,8.65664832047605,1204.327549592946,1090.8435197429912,14.4813232421875,41.46483032226547,BUY,LOW
2021-02-12,1153.0435791015625,1165.324004378613,1145.780936581356,1148.8179986508705,5797875,0.013267355027121619,0.014921612853570626,1144.9137634277345,1109.0944262695311,1138.844921591482,4.22558045069195,19.54306779725698,55.50822222781181,5.764986178645131,8.078315892109867,1194.9474792354727,1094.8800476199963,62.28271484375,35.819337158203325,BUY,LOW
2021-02-15,1152.9114990234375,1169.4175046002792,1150.6666392805976,1162.0227926096593,4363513,-0.00011454907734531616,0.01441059354315333,1143.3599975585937,1112.319921875,1140.1845956326213,-9.111293586221791,18.75086531968168,55.46633486838568,6.332744956671377,7.729201705022169,1190.2766046944944,1096.443390422693,42.91552734375,31.040075683593614,BUY,LOW
2021-02-16,1135.9652099609375,1161.8025863930768,1132.0917795806,1156.7407452324326,6896421,-0.01469869029570281,0.013731560526491578,1142.4070434570312,1115.0621166992187,1139.782749378175,-20.775535271495073,29.710806812476903,50.22908921777552,5.353561453482143,7.254073654714165,1189.1110150532659,1095.7030718607966,16.858154296875,27.344926757812573,BUY,LOW
2021-02-17,1127.9544677734375,1139.574653000407,1122.4084067790798,1135.9653611845283,4575741,-0.007051925637560186,0.013762571644575339,1140.8510803222657,1117.4882775878907,1138.6562463681994,-8.01089341109082,17.16624622132713,47.925409311074574,3.8863520790064285,6.580529339572617,1187.3031693532614,1094.39899129127,-2.948974609375,23.36280273437501,BUY,LOW
2021-02-18,1137.77001953125,1149.6984035323842,1122.4084720549693,1123.2887924252084,6437551,0.008702081545178153,0.013276491596541755,1138.7823425292968,1119.9373278808594,1138.5718438122994,14.481227106041615,27.28993147741494,50.897080743751935,3.4755471300659337,5.959532897671282,1181.785773111533,1095.7789119470606,11.5323486328125,18.845014648437427,BUY,LOW
2021-02-19,1136.7578125,1143.9763970305332,1123.9931662845765,1140.9832860809256,5389696,-0.0008896411523191539,0.013270618197015804,1136.6519775390625,1121.981434326172,1138.3990789254137,-4.225473580925609,19.98323074595669,50.57655458370714,3.033338166094836,5.374293951355993,1175.4149589222607,1097.8889961558643,16.90234375,14.670543212890607,BUY,LOW
2021-02-22,1113.78125,1151.9432226672286,1109.2036272212563,1140.0148390885133,7371303,-0.020212363836294323,0.013874914336935693,1133.3221618652344,1123.697178955078,1136.0545237896592,-26.233589088513327,42.73959544597233,43.829186461318244,0.8194220186405801,4.4633195648129105,1167.679791273346,1098.964532457123,-33.7603759765625,9.624982910156405,BUY,LOW
2021-02-23,1114.7935791015625,1136.4934957685794,1107.0468250167494,1119.0191594830774,6612942,0.000908911962346659,0.01373366465647547,1130.73623046875,1125.5132788085937,1134.0296719146017,-4.225580381514874,29.44667075182997,44.18251343299749,-0.8437102143529955,3.4019136089797297,1162.3913152106588,1099.081145726841,-34.5087890625,5.222951660156241,BUY,LOW
2021-02-24,1121.792236328125,1123.8169086048074,1102.1610500403006,1109.2476716611327,4537258,0.006277984873399589,0.013315601312359964,1129.5610046386719,1127.4455786132812,1132.8642018587466,12.5445646669923,21.655858564506843,46.67961956869497,-1.5788216698290398,2.4057665532179757,1160.7077060752786,1098.4143032020652,-19.54296875,2.1154260253906614,BUY,LOW
2021-02-25,1122.01220703125,1144.1962341374683,1119.7673474305518,1134.2485724219769,8788221,0.00019608863031983503,0.012614906858447947,1129.48837890625,1129.5574621582032,1131.830678541842,-12.23636539072686,24.4288867069165,46.76023860982622,-2.1192239031311146,1.5007684619481578,1160.6983107913638,1098.2784470211363,-15.933837890625,-0.06908325195308862,SELL,LOW
2021-02-26,1103.3055419921875,1121.7922694151218,1095.7787599856006,1117.1265285573224,15132388,-0.016672425595581353,0.011346594233715621,1130.1156127929687,1131.0997839355468,1129.1139988704458,-13.820986565134945,26.013509429521264,41.072820845885104,-4.010734842274587,0.3984678011036088,1158.5696155075875,1101.66161007835,-49.738037109375,-0.9841711425781341,SELL,LOW
2021-03-01,1115.3658447265625,1130.7714503167083,1108.3232821710671,1112.1087025290365,5756286,0.010931063314155276,0.01090849063324895,1130.3841064453125,1132.9977563476561,1127.8046508567425,3.2571421975260364,22.448168145641148,45.66154762217874,-4.48490604550193,-0.578206968217499,1158.1670698404446,1102.6011430501803,-37.545654296875,-2.6136499023436954,SELL,LOW
2021-03-02,1148.3775634765625,1153.2193239971614,1126.1054220974286,1128.790441370504,10461434,0.029597211449569727,0.012636443281642804,1131.8476318359376,1135.0172021484375,1129.7639758681541,19.587122106058587,27.11390189973281,55.806111355961555,-2.171884198509133,-0.8969424142758258,1160.1786034582055,1103.5166602136696,12.412353515625,-3.1695703124999,SELL,LOW
2021-03-03,1182.75439453125,1185.7914566139111,1151.458964551593,1161.3185090312531,9056399,0.029935129480078038,0.01404330744905971,1134.4401794433593,1137.944267578125,1134.8106824074973,21.435885499996857,34.332492062318124,63.457011851868714,2.407374531543155,-0.23607902511202966,1170.4107248875623,1098.4696339991563,54.7999267578125,-3.5040881347656523,SELL,LOW
2021-03-04,1171.13427734375,1200.6250121210674,1167.2168943651895,1175.227788887128,12041941,-0.009824623980454805,0.01423781017466916,1136.685009765625,1139.8783349609375,1138.2700724014267,-4.093511543378099,33.40811775587781,59.69502049191828,5.040717469971014,0.8192802739045791,1175.794576647773,1097.5754428834769,33.3642578125,-3.193325195312582,SELL,LOW
2021-03-05,1159.1175537109375,1179.6290571669563,1148.861909443889,1169.5053749599265,6486176,-0.010260756486495826,0.014404966450944155,1138.6481140136718,1140.9989794921876,1140.2555468118567,-10.387821248988985,30.767147723067183,55.99784760804624,6.087834781848414,1.8729911754933464,1178.1213989538282,1099.1748290735154,22.3597412109375,-2.3508654785157432,SELL,LOW
2021-03-08,1175.8876953125,1184.9989877985854,1159.557712782507,1166.2482322039239,5119392,0.014468024876228114,0.013712794585956327,1140.0654174804688,1142.7543334960938,1143.6490847642995,9.639463108576138,25.441275016078407,59.744885300722245,8.17663787724041,3.133720515842759,1182.628824293768,1097.5020106671695,62.1064453125,-2.6889160156249545,SELL,LOW
2021-03-09,1184.5147705078125,1188.8282530908443,1160.9221485054632,1170.385589716029,6518173,0.0073366489246404765,0.013779018531394377,1141.8260375976563,1144.6073999023438,1147.5410548351108,14.129180791783483,27.906104585381172,61.5584241395305,10.408183191179432,4.588613050910094,1188.487897955875,1095.1641772394375,69.72119140625,-2.781362304687491,SELL,LOW
2021-03-10,1204.4100341796875,1209.5598855627088,1192.8338027201385,1194.5064324965867,7925984,0.0167961296618917,0.014025077089604382,1144.9797790527343,1146.6823120117188,1152.9571481060234,9.90360168310076,16.72608284257035,65.4266999092352,13.625019690840645,6.395894378896205,1199.0246494268179,1090.9349086786508,82.6177978515625,-1.7025329589844205,SELL,LOW
2021-03-12,1210.308349609375,1225.1417252536396,1206.0828766227546,1208.6797785376261,9462061,0.00489726526872114,0.013965349934543052,1148.5978942871093,1148.9368139648439,1158.4191672968193,1.6285710717488655,19.058848630884995,66.50288417408827,16.460583197036385,8.408832142524242,1209.5253488981853,1087.6704396760333,88.296142578125,-0.338919677734566,SELL,LOW
2021-03-15,1209.2080078125,1214.7540689860443,1195.9151920576803,1206.038876053752,6658635,-0.0009091417052771167,0.01378498604223722,1151.4061157226563,1151.010849609375,1163.2561997268845,3.169131758748108,18.838876928364016,66.08958633455602,18.406816989353047,10.408429111890003,1217.8242957976834,1084.9879356476292,105.9024658203125,0.39526611328119543,BUY,LOW
2021-03-16,1218.36328125,1237.7303276282514,1215.2821602352783,1220.1679808287263,9352771,0.007571297393293097,0.013816220721244433,1154.6787048339843,1153.186123046875,1168.5044932052767,-1.8046995787262858,22.44816739297312,67.87833411487475,20.452214941431976,12.417186277798397,1227.2371947150946,1082.120214952874,102.9974365234375,1.4925817871092022,BUY,LOW
2021-03-17,1221.004150390625,1232.4483132998378,1216.602549271697,1225.6258315654993,7626744,0.002167554768981228,0.013188893038888283,1158.9306518554688,1154.924755859375,1173.5044605562628,-4.621681174874311,15.84576402814082,68.39619796785394,22.032328653664308,14.34021475297158,1236.4044681259857,1081.456835584952,72.6265869140625,4.005895996093841,BUY,LOW
2021-03-18,1177.076416015625,1226.9465894671514,1156.3008755265314,1226.9465894671514,10961755,-0.03597672813884101,0.015764208444700088,1161.3867492675781,1155.6871166992187,1173.8446467904878,-49.8701734515264,70.64571394062,53.0697590196289,19.515022083149233,15.37517621900711,1237.8851904599394,1084.8883080752169,-5.677978515625,5.699632568359448,BUY,MEDIUM
2021-03-19,1183.546630859375,1193.0100744562515,1160.2622009937772,1170.826045008895,12767112,0.0054968519933917825,0.015711388486024425,1163.6755798339843,1156.7848779296876,1174.768645273239,12.720585850479893,32.74787346247422,54.6806192024608,17.836522426171314,15.867445460439953,1239.9495505524349,1087.4016091155338,12.412353515625,6.890701904296748,BUY,MEDIUM
2021-03-22,1206.7430419921875,1211.320664308968,1176.1958648328152,1188.5203483359587,4862758,0.01959906819722823,0.016168090786058575,1167.1748413085938,1158.6978173828124,1177.8138259131388,18.222693656228785,35.1247994761527,59.983705692884755,18.16861933883547,16.327680236119058,1244.6008531223806,1089.748829494807,47.62548828125,8.477023925781396,BUY,MEDIUM
2021-03-23,1207.4033203125,1217.703024581029,1196.883428513493,1208.1955225939473,7165335,0.0005471573461259815,0.015230799675768443,1171.8559448242188,1159.7445190429687,1180.6318729987925,-0.7922022814473166,20.81959606753594,60.12673251610294,18.274431209479417,16.71703043079113,1247.093085724976,1096.6188039234617,31.515625,12.111425781250091,BUY,MEDIUM
2021-03-24,1191.733642578125,1206.4349490534235,1185.1312401261687,1195.3429344263322,6134303,-0.012977997882529735,0.01569596683828413,1175.702947998047,1159.3492553710937,1181.6891843873002,-3.609291848207249,21.303708927254775,55.09401284441691,16.89907383918512,16.75343911246993,1246.6200227718173,1104.7858732242767,7.2188720703125,16.35369262695326,BUY,MEDIUM
2021-03-25,1174.1712646484375,1190.6332113514952,1168.713214286175,1185.5713696026812,8749994,-0.014736831538710415,0.016192912383019484,1178.3218994140625,1158.6810913085938,1180.973192031218,-11.400104954243716,21.91999706532033,50.038688840346914,14.227945194686754,16.248340328913297,1244.8124409415304,1111.8313578865946,-30.23876953125,19.64080810546875,BUY,MEDIUM
2021-03-26,1176.2838134765625,1194.3303776566624,1172.5865116045368,1183.7665352097747,4922071,0.0017991828719787772,0.016185347603732917,1181.0354797363282,1157.78404296875,1180.5265845498222,-7.482721733212202,21.743866052125668,50.625576192888396,12.141561175232937,15.426984498177227,1242.3397414769506,1119.7312179957057,-34.0245361328125,23.25143676757807,BUY,MEDIUM
2021-03-30,1219.507568359375,1232.4482318089863,1176.2398107290323,1185.7032525089942,10546381,0.036746025395914206,0.017230678394760616,1186.8455810546875,1158.0446142578126,1184.2390591983512,33.80431585038082,56.20842107995395,60.77765347085019,13.816613274002066,15.104910253342196,1238.9110693795528,1134.7800927298222,10.299560546875,28.800966796874945,BUY,MEDIUM
2021-03-31,1204.322265625,1221.8846131538799,1200.1407440742212,1216.6026911950014,8220987,-0.012451995484377365,0.01760767482318235,1191.2934020996095,1158.4513232421875,1186.1517455246988,-12.280425570001398,21.74386907965868,56.390859530546145,13.760158566033397,14.835959915880437,1232.1700333933265,1150.4167708058924,-14.041015625,32.84207885742194,BUY,MEDIUM
2021-04-01,1219.419677734375,1225.0537493367353,1206.9191720368383,1214.8420550042574,5675155,0.012536023405280039,0.01669124935264825,1194.8455078125,1159.7392309570312,1189.3201200208584,4.577622730117582,18.134577299897046,59.519214168201394,14.763468708788423,14.821461674462036,1232.3993731423564,1157.2916424826437,-1.58447265625,35.10627685546888,BUY,MEDIUM
2021-04-05,1241.1636962890625,1254.4565122246502,1221.0043385653262,1224.52562000315,9479572,0.01783144798441083,0.015867614365773226,1197.7659729003906,1161.3810302734375,1194.2576034749732,16.638076285912575,33.45217365932399,63.57235363716866,17.11585883401267,15.280341106372164,1239.9087332343877,1155.6232125663935,64.0872802734375,36.384942626953034,BUY,MEDIUM
2021-04-06,1242.1759033203125,1255.3366477722484,1238.1263442942102,1252.6956870826855,5793571,0.0008155306461801182,0.01560773501926514,1201.3180541992188,1162.6416528320312,1198.8212510792912,-10.519783762372981,17.210303478038213,63.75428747390337,18.844592868131258,15.993191458723985,1245.794363226508,1156.8417451719295,58.6292724609375,38.67640136718751,BUY,MEDIUM
2021-04-07,1259.0340576171875,1263.2155790672348,1238.2585199049374,1241.4717105113793,5879234,0.013571471038693828,0.01544574604110377,1206.3138793945313,1164.2350317382814,1204.5558040829005,17.562347105808158,24.957059162297355,66.73421373393982,21.329070954235476,17.060367357826284,1253.0937890671546,1159.533969721908,52.291015625,42.07884765624999,BUY,MEDIUM
2021-04-08,1267.5291748046875,1277.9609489690665,1250.935158480307,1258.858041257452,5654434,0.006747329141816527,0.01527260455706312,1210.8959533691407,1165.9780639648438,1210.553267961166,8.671133547235513,27.025790488759412,68.15501694813838,23.71020619956812,18.39033512617465,1262.5553211954648,1159.2365855428166,60.1258544921875,44.91788940429683,BUY,MEDIUM
2021-04-09,1268.5855712890625,1280.8659961023566,1258.9020482944743,1280.8659961023566,6052712,0.0008334297193102191,0.015264146416281118,1215.0994934082032,1168.01953125,1216.0801539923943,-12.280424813294076,21.963947807882278,68.33612694796382,25.389837166037296,19.790235534147183,1270.9961510014102,1159.2028358149962,76.8519287109375,47.079962158203216,BUY,MEDIUM
2021-04-12,1255.11669921875,1300.717334887364,1245.6532557562905,1297.5921547595563,20384532,-0.010617235742817255,0.015242425936986709,1217.6348266601562,1170.2159301757813,1219.7979202044282,-42.47545554080625,55.06407913107341,63.38634484365065,25.342004542521863,20.90058933582212,1275.9112980337347,1159.3583552865778,80.9454345703125,47.418896484374955,BUY,MEDIUM
2021-04-13,1229.939453125,1263.4796330036042,1210.4403381849543,1261.4989124502106,14855206,-0.020059685373815528,0.01601003264843344,1218.6163818359375,1172.3454248046876,1220.7637804825779,-31.559459325210582,53.03929481864998,55.319954814629824,23.00728978394136,21.32192942544597,1277.0273279573269,1160.2054357145482,53.6556396484375,46.270957031249964,BUY,MEDIUM
2021-04-15,1197.895751953125,1202.8695827405857,1162.022702611152,1172.850684415324,25342491,-0.026053072035748692,0.01711113142240659,1218.0507690429688,1174.4881225585937,1218.5858730035823,25.04506753780106,40.84688012943366,47.103961565335524,18.359713286625265,20.72948619768183,1277.0314807686227,1159.0700573173149,-21.61181640625,43.562646484375136,BUY,MEDIUM
2021-04-16,1191.733642578125,1206.78709867639,1185.4393307483979,1201.6372462560596,10879878,-0.005144111551404151,0.01703814980956115,1216.719287109375,1176.1228759765625,1216.0285177249673,-9.903603677934598,21.34776792799221,45.69839751398481,14.01765786665851,19.38712053147717,1276.8036584167635,1156.6349158019866,-12.588623046875,40.59641113281259,BUY,MEDIUM
2021-04-19,1199.4803466796875,1214.5777523320496,1172.8946118265376,1179.6290829339875,12508028,0.006500365370909256,0.017107499228121426,1215.6430969238281,1177.730341796875,1214.4525014349406,19.851263745699953,41.68314050551203,47.80692067580182,11.07398790337129,17.724494005855995,1276.151469376755,1155.1347244709013,-19.9393310546875,37.912755126953016,BUY,MEDIUM
2021-04-20,1189.620849609375,1213.9617280860366,1181.7420256855933,1213.9617280860366,8560766,-0.008219807100303789,0.015108380554728339,1216.2703186035155,1178.9046899414063,1212.087582213458,-24.3408784766616,32.21970240044334,45.391130519274355,7.8549818934388895,15.750591583372575,1275.4111945233403,1157.1294426836907,-51.5428466796875,37.3656286621092,BUY,MEDIUM
2021-04-22,1189.400634765625,1201.4610863273435,1184.1627724101147,1193.3181242443113,6622446,-0.00018511347024752212,0.015065570230500256,1216.5630187988281,1180.16794921875,1209.9269205517598,-3.9174894786863206,17.298313917228825,45.33602585074707,5.225886178538303,13.64565050240572,1275.1081171841004,1158.0179204135559,-52.7752685546875,36.39506958007814,BUY,MEDIUM
2021-04-23,1174.1712646484375,1187.0239195967097,1171.7063248124512,1182.2701684621502,7316262,-0.01280423910332662,0.014622852407043828,1214.9344299316406,1181.2542651367187,1206.5216199895385,-8.098903813712695,15.317594784258517,41.57687881052603,1.8916205671619082,11.294844515356958,1276.2291696181808,1153.6396902451004,-84.86279296875,33.68016479492189,BUY,LOW
2021-04-26,1182.75439453125,1189.576876928249,1162.9031285723656,1172.8067320518805,7088606,0.007309947144194862,0.014744673327975452,1213.7019836425782,1181.9585205078124,1204.2580747077968,9.947662479369455,26.67374835588339,44.37621359963841,-0.0575586028617181,9.024363891713223,1276.5250433505707,1150.8789239345856,-84.7747802734375,31.74346313476576,BUY,LOW
2021-04-27,1187.1121826171875,1191.0736248283683,1179.761528006418,1184.9113813887536,3636115,0.0036844404096798566,0.014496626919920918,1213.4709106445312,1182.714716796875,1202.6251326039292,2.2008012284338747,11.312096821950263,45.796266088150574,-1.2364075229154423,6.972209608787491,1276.6484790849313,1150.293342204131,-81.473388671875,30.75619384765605,BUY,LOW
2021-04-28,1193.7144775390625,1196.7955989781383,1183.6788033595897,1195.4751183613914,4879234,0.005561643641226244,0.014123325862152487,1214.4480712890625,1183.7623022460937,1201.7764987882276,-1.7606408223289236,13.116795618548622,47.963785713513865,-1.6192381927460247,5.253920048480788,1275.740458068067,1153.1556845100579,-61.4022216796875,30.685769042968786,BUY,LOW
2021-04-29,1194.0223388671875,1205.1584114218251,1189.6647966532266,1204.2780911797347,5412357,0.0002579019806809857,0.014122481539307645,1215.3349975585938,1184.883828125,1201.038007367176,-10.255752312547202,15.49361476859849,48.0680686399261,-1.8761651564068416,3.827903007503262,1274.8811991028986,1155.7887960142891,-35.9171142578125,30.451169433593805,BUY,LOW
2021-04-30,1192.26171875,1209.4720227612527,1184.8230555616503,1185.1752051566957,8354677,-0.0014745286246971023,0.011315451736426745,1213.972705078125,1185.6681909179688,1200.2021703560165,7.086513593304289,24.64896719960234,47.482022338892136,-2.196528739490759,2.623016658104458,1274.3160553722867,1153.6293547839634,-5.634033203125,28.30451416015626,BUY,LOW
2021-05-03,1190.237060546875,1198.1158839558777,1177.8685178052642,1180.3334575384226,4560337,-0.001698165907102811,0.010997055354180862,1213.2684448242187,1186.4147021484375,1199.2531122789553,9.903603008452365,20.247366150613516,46.77575871581545,-2.5840053778883885,1.5816122509058885,1274.3698847633727,1152.1670048850647,-1.49658203125,26.853742675781177,BUY,LOW
2021-05-04,1170.2979736328125,1192.7900956141655,1165.632232479059,1191.9538342097132,4887060,-0.016752198007429886,0.01111494778254376,1210.8123596191406,1187.101357421875,1196.4954800269418,-21.65586057690075,27.15786313510648,40.4022141274496,-4.448719017892699,0.375545997146171,1274.6166015636925,1147.0081176745887,-29.182373046875,23.711002197265543,BUY,LOW
2021-05-05,1180.94970703125,1183.0624972874223,1168.8893616546059,1180.5975574117253,3939788,0.009101727627001344,0.010446713948158763,1207.80166015625,1188.1612622070313,1195.0149302178284,0.35214961952465273,14.173135632816411,44.73447122933712,-5.009268418956253,-0.7014168860743137,1271.274795587567,1144.3285247249328,-8.671142578125,19.640397949218595,BUY,LOW
2021-05-06,1198.6439208984375,1201.372891930784,1177.3402157880403,1184.0306275818127,4810090,0.01498303760256503,0.01113605296507313,1205.6250610351562,1189.378740234375,1195.3605483778863,14.613293316624777,24.03267614274364,51.094219926027144,-3.9798553800258105,-1.3571045848646133,1267.190828354251,1144.0592937160616,9.2432861328125,16.246320800781177,BUY,LOW
2021-05-07,1190.6773681640625,1208.7239358814727,1187.11202765501,1201.901452963915,4991435,-0.006646304707743189,0.010578300383560592,1202.2072265625,1190.4571313476563,1194.914531214665,-11.224084799852562,21.611908226462674,48.39398908095648,-3.763489195799366,-1.838381507051564,1258.9328808726336,1145.4815722523663,16.506103515625,11.750095214843668,BUY,LOW
2021-05-10,1179.2330322265625,1190.9852860554715,1175.2715911070898,1188.3002663123307,7195348,-0.009611617927320126,0.010438144571316803,1197.7924194335938,1191.7661669921874,1193.42105512056,-9.067234085768177,15.713694948381772,44.736399320095,-4.464021243675688,-2.363509454376389,1246.7005895651482,1148.8842493020393,-3.5213623046875,6.026252441406314,BUY,LOW
2021-05-11,1171.398193359375,1180.5094866973957,1166.5123728573353,1176.900195068442,6420988,-0.006644012381839537,0.010406678309875258,1192.9330505371095,1192.8982592773436,1191.3236397147327,-5.502001709066917,13.997113840060365,42.37516478920051,-5.587000492885181,-3.0082076620781475,1230.8085334437822,1155.0575676304368,-15.7139892578125,0.03479125976582509,BUY,LOW
2021-05-12,1168.1849365234375,1170.8258971937994,1157.1809337302627,1170.8258971937994,5241898,-0.0027430952635519867,0.010288469719825968,1188.5864624023438,1193.82611328125,1189.1199536965141,-2.640960670361892,13.64496346353667,41.40982208543637,-6.659486199344656,-3.7384633695314493,1215.1968642883521,1161.9760605163356,-25.529541015625,-5.2396508789061045,SELL,LOW
2021-05-14,1158.853759765625,1168.0530646731775,1154.364147358403,1168.0530646731775,4824609,-0.00798775644683658,0.009598790015478817,1185.032177734375,1194.5629443359376,1186.2374590364293,-9.19930490755246,13.688917314774471,38.65584129064546,-8.168228574551904,-4.624416410535541,1207.2216906494011,1162.8426648193488,-35.1685791015625,-9.530766601562618,SELL,LOW
2021-05-17,1170.2979736328125,1175.1836874279068,1162.2870794002622,1162.2870794002622,5017129,0.009875459928181174,0.008320023723869,1183.6522888183595,1195.90279296875,1184.7194128075134,8.0108942325503,12.896608027644561,43.6092026352998,-8.34427772156755,-5.368388672741943,1205.9027529818095,1161.4018246549094,-21.9637451171875,-12.250504150390498,SELL,LOW
2021-05-18,1179.6292724609375,1183.6787245906223,1170.3859087588182,1177.868631755772,5620150,0.007973438421976509,0.008502126289036772,1183.0470703125,1197.1880615234375,1184.234637536411,1.7606407051655424,13.292815831804091,47.342783081137156,-7.642739366455089,-5.823258811484573,1205.0423714955696,1161.0517691294303,-10.6077880859375,-14.1409912109375,SELL,LOW
2021-05-19,1176.9881591796875,1194.990665077294,1173.6869582844565,1181.389760373329,4435878,-0.002238935013659127,0.008347887713791182,1181.9224609375,1197.7602734375,1183.5444967405324,-4.401601193641454,21.303706792837374,46.40624948119008,-7.216691408487577,-6.101945330885174,1202.7086548060172,1161.136267068983,6.690185546875,-15.837812499999927,SELL,LOW
2021-05-20,1179.0128173828125,1187.6398903579711,1175.227397761446,1187.0237092386583,4490092,0.0017202026947629179,0.008184258578731236,1181.3920593261719,1197.6854418945313,1183.1129082302734,-8.010891855845784,12.412492596525226,47.267437201612395,-6.639140457596795,-6.209384356227499,1201.9049996214292,1160.8791190309146,-1.9368896484375,-16.293382568359448,SELL,LOW
2021-05-21,1192.3939208984375,1195.0348819635503,1185.2192885126847,1186.2316784131742,4969733,0.011349413100808059,0.008597358649014755,1181.5417236328126,1198.110634765625,1183.9968141986699,6.162242485263278,9.815593450865663,52.679444895192084,-5.043545096449179,-5.976216504271836,1202.328061872994,1160.755385392631,-6.25,-16.568911132812445,SELL,LOW
2021-05-24,1186.715576171875,1199.8763189307183,1184.1185673513232,1194.2863076824758,4225371,-0.004762138272462857,0.008134675496406233,1182.1689392089843,1198.6625952148438,1184.2557439104037,-7.570731510600808,15.757751579395062,50.319352121596935,-4.188931841869135,-5.618759571791296,1202.7841587520886,1161.55371966588,-3.9617919921875,-16.49365600585952,SELL,LOW
2021-05-25,1198.6439208984375,1204.2779914735463,1192.3496101964242,1195.4747897814882,4099340,0.010051561609262016,0.00827622488490951,1182.9634155273438,1199.1177197265624,1185.6260464806926,3.169131116949302,11.928381277122071,54.89120476138004,-2.5200770705848754,-4.999023071550012,1204.7963942310241,1161.1304368236636,19.410888671875,-16.154304199218586,SELL,LOW
2021-05-26,1230.0277099609375,1232.4485911220702,1199.0404740828353,1204.1903270606833,6850024,0.026182745780728878,0.010043528059543541,1185.1091918945312,1200.027978515625,1189.854776335954,25.83738290025417,33.40811703923487,64.22050478647364,1.3196991805132257,-3.735278621137365,1215.0729807510277,1155.1454030380348,58.6295166015625,-14.918786621093659,SELL,LOW
2021-05-27,1234.42919921875,1246.753684003248,1225.1417766288973,1236.1457809007707,15365391,0.0035783659361237063,0.010014440776703132,1187.1449279785156,1200.6283618164061,1194.099959467649,-1.71658168202066,21.61190737435072,65.30428841007318,4.6641475325038755,-2.0553933904091175,1223.9271817608708,1150.3626741961605,66.2442626953125,-13.483433837890516,SELL,LOW
2021-05-28,1236.894287109375,1244.7731121260588,1229.015354631699,1241.0317502261044,4261312,0.001996945545508,0.01000857315442249,1189.288525390625,1201.1600805664064,1198.175609719242,-4.13746311672935,15.757757494359794,65.92678775556557,7.427934334797101,-0.15872784536787377,1231.9510867826548,1146.6259639985951,78.04052734375,-11.871555175781396,SELL,LOW
2021-05-31,1240.1864013671875,1247.0825051236686,1230.6208380920684,1247.0825051236686,4429904,0.002661597108275293,0.009979765086270114,1191.6847595214845,1201.7796484375,1202.1766374952367,-6.896103756481125,16.4616670316002,66.78390233717118,9.771264341948608,1.8272705920954229,1239.7833787586706,1143.5861402842984,69.888427734375,-10.094888916015634,SELL,LOW
2021-06-01,1234.3580322265625,1246.6375894033954,1226.750137806195,1245.7477695679897,4791325,-0.004699591234188505,0.010060849899615457,1193.8908081054688,1202.0995434570314,1205.2415322315535,-11.389737341427235,19.887451597200425,63.72750673305229,11.030912087422848,3.667998891160908,1245.4445959906707,1142.3370202202668,54.728759765625,-8.20873535156261,SELL,LOW
2021-06-02,1226.7501220703125,1238.584660557052,1214.6040597487086,1228.6187219765782,9272276,-0.006163454976289673,0.009277446308702643,1196.7134155273438,1202.214462890625,1207.2899693590543,-1.868599906265672,23.980600808343524,59.87547584813917,11.285208375971933,5.1914407881231135,1248.9680529276507,1144.458778127037,49.761962890625,-5.501047363281259,SELL,LOW
2021-06-03,1236.538330078125,1244.8581249863294,1225.326620297722,1235.159065690836,5115645,0.007978974553753071,0.00923806612589257,1199.4928466796875,1203.403701171875,1210.0755275227755,1.379264387288913,19.531504688607356,62.97622101732043,12.136662706643847,6.580485171827261,1253.964417635559,1145.0212757238162,57.5255126953125,-3.9108544921873545,SELL,LOW
2021-06-04,1232.9788818359375,1242.9893550263232,1225.8603231227744,1240.364321328493,4194328,-0.0028785587600528295,0.008804988178406288,1201.2095947265625,1204.3923461914062,1212.2567993621242,-7.385439492555406,17.12903190354882,61.126319520831316,12.381502419825893,7.7406886214269885,1257.5964896763242,1144.8226997768008,40.5849609375,-3.1827514648437045,SELL,LOW
2021-06-07,1236.538330078125,1238.6293852615945,1225.5490752878911,1237.739565300918,5154576,0.002886868781472929,0.008599281905353348,1203.5026428222657,1204.988251953125,1214.5693260969815,-1.2012352227930023,13.080309973703379,62.31834798274887,12.716173252381395,8.73578554761787,1261.6910264811543,1145.314259163377,49.82275390625,-1.4856091308593022,SELL,LOW
2021-06-08,1257.2708740234375,1265.1013319051262,1241.7880960173904,1242.1884714890496,7360630,0.01676660030749111,0.008757927806508558,1207.4045349121093,1205.9856030273438,1218.6361401852155,15.082402534387938,23.3132358877358,68.39707734856597,14.487344239310005,9.886097285956296,1268.9300636210774,1145.8790062031412,58.626953125,1.4189318847654704,BUY,LOW
2021-06-09,1259.362060546875,1267.9932695298262,1249.8409231050714,1257.6713811300513,5394317,0.0016632744515470144,0.00845601493008676,1211.8027282714843,1207.3381713867188,1222.5147992672782,1.6906794168237411,18.152346424754796,68.94131772700133,15.876734174080411,11.08422466358112,1274.9584075982661,1148.6470489447024,29.3343505859375,4.464556884765443,BUY,LOW
2021-06-10,1267.3704833984375,1271.5525933362621,1262.6543946425165,1267.1034939893893,3496575,0.006359110777153898,0.008337334534025086,1216.7620056152343,1209.2021557617188,1226.7867691845315,0.2669894090481648,8.898198693745599,71.0009345123795,17.423204644762336,12.352020659817363,1281.0061869448539,1152.5178242856148,32.9412841796875,7.559849853515516,BUY,LOW
2021-06-11,1287.4803466796875,1291.6624564744493,1271.952925317914,1272.531329937339,6140828,0.015867391220383942,0.008220214762452894,1223.1933349609376,1211.4260864257812,1232.5671098983557,14.949016742348476,19.709531156535377,75.41053532410257,20.040477387592773,13.889712005372445,1288.7021939893727,1157.6844759325024,50.5860595703125,11.767248535156341,BUY,LOW
2021-06-14,1300.7386474609375,1314.2638651845425,1293.3085651180995,1308.9249463009223,7132294,0.010297866538655942,0.008233098952697285,1229.7153686523438,1213.0507080078125,1239.0596372852683,-8.186298839984829,20.955300066442987,77.80661996735725,22.92030791922525,15.695831188143007,1298.739525043118,1160.6912122615697,60.55224609375,16.664660644531295,BUY,LOW
2021-06-15,1311.50537109375,1313.3739708729092,1301.8063139478768,1302.6961337113407,5403104,0.008277391967886238,0.008238514924936572,1236.3091735839844,1215.1943701171874,1245.9592309813142,8.809237382409265,11.567656925032452,79.54938869214098,25.774269247546727,17.711518800023754,1309.974759885093,1162.6435872828758,77.1473388671875,21.114803466796957,BUY,LOW
2021-06-16,1317.4671630859375,1325.3420465256531,1305.8105455279979,1310.4375650008872,7661710,0.004545762544011289,0.008047273166300859,1243.3331237792968,1217.1553198242189,1252.7695102293737,7.029598085050338,19.531500997655257,80.46418776832051,28.19213951557913,19.80764294313483,1319.771349829553,1166.8948977290406,90.717041015625,26.177803955077934,BUY,LOW
2021-06-17,1330.5477294921875,1337.0878839818208,1312.5733024806775,1312.5733024806775,7677951,0.009928571104277806,0.008043791530131055,1250.9098693847657,1218.9430004882813,1260.1769596829752,17.974427011509988,24.51458150114331,82.33164223551776,30.80866836179439,22.007848026866743,1330.326688968363,1171.4930498011684,94.0093994140625,31.966868896484357,BUY,LOW
2021-06-18,1337.666259765625,1348.7890081884066,1323.518102047729,1342.7381895981773,13533974,0.005350075097384499,0.007948812338547226,1258.173486328125,1220.8528076171874,1267.55689302418,-5.071929832552314,25.270906140677653,83.26896635271919,33.07541937865585,24.221362297224566,1341.3389943065324,1175.0079783497174,104.6873779296875,37.3206787109375,BUY,LOW
2021-06-21,1334.9967041015625,1339.8907130555006,1320.6705182672051,1328.500976041739,5454052,-0.0019956813925546824,0.00777766898388918,1265.5875427246094,1222.372060546875,1273.979732174407,6.4957280598234775,19.22019478829543,81.52232596903532,34.26148004397919,26.229385846575493,1348.3869603634967,1182.7881250857222,98.4583740234375,43.21548217773443,BUY,LOW
2021-06-22,1345.274169921875,1353.8164190842874,1336.598426052742,1343.3610354471275,6427862,0.007698495276232897,0.007729734642146355,1272.9190551757813,1223.9269604492188,1280.7696786265467,1.913134474747494,17.217993031545348,83.00069617997494,35.62014045924025,28.107536769108446,1356.671316471977,1189.1667938795856,88.0032958984375,48.99209472656253,BUY,LOW
2021-06-23,1337.5328369140625,1356.9753804774398,1333.5286472667522,1356.9753804774398,5529809,-0.005754464911983059,0.006502000172738701,1278.2943115234375,1225.3059057617188,1286.1756937015482,-19.442543563377285,23.446733210687626,77.94218329386842,35.66114823172211,29.61825906163118,1364.1192636542187,1192.4693593926563,78.1707763671875,52.988405761718695,BUY,LOW
2021-06-24,1387.4071044921875,1395.9049277395711,1344.6957505278851,1349.8567492468076,10785137,0.03728825655839163,0.009839876829655165,1285.9432067871094,1227.9517138671874,1295.8167804435138,37.55035524537993,51.20917721168598,84.49744326163741,39.26545602856868,31.54769845501868,1381.4847721689898,1190.401641405229,120.03662109375,57.99149291992194,BUY,LOW
2021-06-25,1400.7542724609375,1404.135631117183,1372.9919384117954,1398.7967123676879,9780240,0.00962022460857681,0.009828217591506356,1294.1362060546876,1231.3680102539063,1305.8108273023163,1.95756009324964,31.143692705387593,85.72047683682314,42.706605667154236,33.77947989744579,1399.087845506139,1189.1845666032361,113.27392578125,62.768195800781314,BUY,LOW
2021-06-28,1398.618896484375,1406.0488705757884,1388.6528489007708,1399.5976766042195,5019178,-0.0015244472342824666,0.009953219760889552,1302.0578308105469,1235.3824731445313,1314.6496910339408,-0.9787801198444868,17.396021675017664,84.57093157798624,44.74563472868908,35.972710863694445,1413.2560695698826,1190.8595920512112,97.8802490234375,66.67535766601554,BUY,LOW
2021-06-29,1390.8330078125,1400.2650768226906,1387.407114375736,1389.0088336090437,5913567,-0.0055668407537220466,0.010004391721804803,1309.8815795898438,1239.3644604492188,1321.9052450128513,1.824174203456323,12.857962446954616,80.34040864896089,45.212146324685364,37.82059795589263,1422.9291712847369,1196.8339878949507,79.32763671875,70.51711914062503,BUY,LOW
2021-06-30,1406.627197265625,1415.7033158675802,1398.8412739382577,1398.8412739382577,6058722,0.011355920778703732,0.009640725886378439,1318.8754333496095,1243.5073974609375,1329.9740023702584,7.7859233273673,16.86204192932246,82.27718502496106,46.32234406909515,39.520947178533135,1432.6558157898019,1205.095050909417,89.1600341796875,75.36803588867201,BUY,LOW
2021-07-01,1388.474853515625,1403.1123459447122,1387.27361849601,1403.1123459447122,4814317,-0.012904871870305645,0.010601723981984414,1326.4722595214844,1247.4844775390625,1335.5455120031504,-14.63749242908716,15.83872744870223,73.33513424828988,45.21621694213263,40.66000113125303,1437.504077029598,1215.4404420133708,57.9271240234375,78.9877819824219,BUY,LOW
2021-07-02,1395.0595703125,1396.527686132786,1372.6360454660967,1387.1845779352639,5166064,0.004742409832056094,0.010406110120303255,1334.5762939453125,1251.59765625,1341.2135175564217,7.87499237723614,23.891640666689227,74.4211300303138,44.35958515475204,41.399917935952836,1440.6800380332706,1228.4725498573544,57.393310546875,82.9786376953125,BUY,LOW
2021-07-05,1404.981201171875,1410.3646554500672,1389.0535105714757,1396.2610306196868,4058338,0.007111976485099092,0.010377193227965664,1342.9984375,1256.2138549804688,1347.286630281703,8.720170552188165,21.31114487859145,76.00678204349383,43.97438168442113,41.9148106856465,1443.2149841464059,1242.781890853594,69.9844970703125,86.78458251953111,BUY,LOW
2021-07-06,1390.0767822265625,1411.9219070154254,1385.5387218799237,1400.3097123861196,4089574,-0.010608269301312312,0.010744564112174691,1349.6387329101562,1260.360302734375,1351.3618828478802,-10.2329301595571,26.383185135501662,69.0790721489991,41.98249504183582,41.92834755688437,1443.6622044994765,1255.615261320836,44.8026123046875,89.2784301757813,BUY,LOW
2021-07-07,1392.2120361328125,1397.50652911051,1374.46017458664,1393.5023400140276,4797120,0.0015360690384524922,0.01074673527128582,1356.281231689453,1264.4622998046875,1355.2523736369212,-1.2903038812150953,23.046354523869923,69.50786188794663,40.11380074695467,41.56543819489843,1442.2838116765447,1270.2786517023615,54.67919921875,91.81893188476556,BUY,LOW
2021-07-08,1388.7864990234375,1402.3562533787842,1378.3311145201376,1395.2376937169631,3326813,-0.0024604995650592265,0.010871763996538258,1362.352032470703,1268.363740234375,1358.4460998642085,-6.451194693525622,24.025138858646642,67.88153677805477,37.91932447019508,40.83621544995776,1439.0287533479727,1285.6753115934334,1.37939453125,93.9882922363281,BUY,LOW
2021-07-09,1390.6995849609375,1396.9283244469302,1380.1107061106309,1384.5598057434827,3436594,0.0013775234269957082,0.010562618180456684,1367.5129943847655,1272.29728515625,1361.5178603496113,6.139779217454816,16.817618336299347,68.32724410918865,35.920487240167176,39.853069807999645,1436.8840279130095,1298.1419608565216,-10.0546875,95.2157092285156,BUY,LOW
2021-07-12,1377.3074951171875,1404.1355826311178,1364.7610582132302,1397.5064688609696,4588982,-0.009629750370656942,0.01086448526103156,1371.3414367675782,1275.9982006835937,1363.0216350893804,-20.198973743782062,39.37452441788764,61.85616688636392,32.87678153406068,38.457812153211854,1433.6402022125003,1309.0426713226561,-21.3114013671875,95.3432360839845,BUY,LOW
2021-07-13,1374.7269287109375,1384.9154296457466,1367.0300750532167,1384.9154296457466,4456160,-0.0018736312808858013,0.01083808226411505,1374.5025146484375,1279.687998046875,1364.1364249581002,-10.188500934809099,17.885354592529893,60.66392452316187,29.91159049505677,36.748567821580835,1430.4255678783995,1318.5794614184754,-16.1060791015625,94.81451660156245,BUY,LOW
2021-07-14,1403.1568603515625,1408.4068188807405,1368.631808761568,1382.7799652654269,5657716,0.02068042099625078,0.011580354364285146,1378.7869995117187,1284.34517578125,1367.8526569003348,20.37689508613562,39.77501011917252,67.98507719703487,29.51547707121381,35.30194967150743,1429.458181463097,1328.1158175603405,-3.4703369140625,94.44182373046874,BUY,LOW
2021-07-15,1406.627197265625,1420.9087400251894,1384.5596225581112,1386.2503019190274,10021355,0.0024732351828382626,0.0114724840352355,1382.5909729003906,1288.8587255859375,1371.5454702684576,20.37689534659762,36.34911746707826,68.74965856336982,29.145609076205574,34.07068155244706,1429.4876435068918,1335.6943022938895,18.15234375,93.73224731445316,BUY,LOW
2021-07-16,1384.0703125,1401.1549196596945,1378.8648878373513,1400.3540600299193,6265593,-0.016036150025731,0.012200363115115943,1384.9111755371093,1292.5672534179687,1372.7383123857473,-16.28374752991931,22.29003182234328,58.90276785017001,26.72427315492473,32.6013998729426,1427.036655616925,1342.7856954572937,-10.9892578125,92.34392211914064,BUY,LOW
2021-07-19,1371.8350830078125,1381.801129510059,1368.1424178936406,1374.5045422926073,5669162,-0.008840034629517768,0.01240599916039487,1386.7530944824218,1296.1904077148438,1372.6522905402298,-2.6694592847948115,13.658711616418259,54.355121103527026,23.546635272436788,30.79044695284144,1422.7654723236512,1350.7407166411924,-33.1461181640625,90.56268676757804,BUY,LOW
2021-07-20,1379.2652587890625,1386.072293532128,1368.5428864837877,1368.8098758786696,5069939,0.0054162310566945315,0.012355741445182148,1388.4526489257812,1300.1910522460937,1373.2820970401187,10.455382910392927,17.529407048340317,56.54904711041023,21.38141579409239,28.908640721091633,1419.3144492084925,1357.5908486430699,-10.8115234375,88.2615966796875,BUY,LOW
2021-07-22,1414.991455078125,1417.3494993598415,1389.3647090584504,1389.3647090584504,7854575,0.025902338989114204,0.013386457786118086,1392.3255798339844,1305.0629174804687,1377.2544168532622,25.626746019674556,27.984790301391058,65.20826038900144,22.291308889171205,27.58517435470755,1415.0136501959103,1369.6375094720586,22.7794189453125,87.26266235351568,BUY,LOW
2021-07-23,1415.2139892578125,1422.3770827631295,1410.409048786803,1413.5234183768378,4179719,0.00015726892122835956,0.010664762101949027,1393.7159240722656,1310.0034985351563,1380.8696142251242,1.6905708809747466,11.968033976326524,65.25470867763474,22.76790809891827,26.621721103549696,1418.3523581810605,1369.0794899634707,26.427490234375,83.71242553710931,BUY,LOW
2021-07-26,1427.18212890625,1434.0782329842234,1418.461850623931,1418.461850623931,4586710,0.008456770311261463,0.010618606887450109,1395.0373168945312,1315.3700659179688,1385.280329909041,8.720278282318986,15.616382360292391,67.7484892769153,23.836572088778894,26.064691300595534,1423.5690408737098,1366.5055929153525,36.4825439453125,79.6672509765624,BUY,LOW
2021-07-27,1425.980712890625,1431.9869963256106,1421.8430292446305,1428.1607278743518,5892859,-0.0008418098792658535,0.010611199542094114,1396.4054077148437,1320.483720703125,1389.1565568596682,-2.180014983726778,10.143967080980019,67.22686642962282,24.306363144103898,25.71302566929721,1427.9570446285775,1364.85377080111,48.6732177734375,75.92168701171863,BUY,LOW
2021-07-28,1428.6947021484375,1430.4743418144471,1410.8093452291575,1428.249792231935,4686788,0.001903244015349248,0.010497922133449428,1398.2984924316406,1325.465029296875,1392.9220945062177,0.44490991650241085,19.6649965852896,67.82944670433808,24.61393803543342,25.493208142524452,1432.7002379080807,1363.8967469552006,53.9677734375,72.83346313476568,BUY,LOW
2021-07-29,1438.8387451171875,1441.5082047556239,1423.800767429878,1423.800767429878,4660873,0.007100217389688357,0.010327155955750967,1399.9090698242187,1330.702041015625,1397.2951088501197,15.037977687309422,17.707437325745786,70.04629098989034,25.383626200957224,25.47129175421101,1438.4828070867022,1361.3353325617352,35.681884765625,69.2070288085938,BUY,LOW
2021-07-30,1433.0550537109375,1444.533752984186,1429.1843585870959,1432.6101437284133,6234257,-0.004019693955196413,0.00987021845544034,1402.1380798339844,1335.7828857421875,1400.7008178844833,0.44490998252422287,15.349394397090236,67.20285724876973,25.23600905377839,25.424235214124487,1442.9013261834345,1361.3748334845343,26.4278564453125,66.35519409179688,BUY,LOW
2021-08-02,1451.785400390625,1454.6327800322288,1440.7960400068473,1448.137052660321,5553389,0.013070221294837703,0.010179366117711502,1404.9743713378907,1340.9707153320312,1405.5660162184017,3.6483477303040672,13.83674002538146,71.27024254747901,26.326923456462282,25.604772862592046,1450.9353796302146,1359.0133630455668,67.715087890625,64.00365600585951,BUY,LOW
2021-08-03,1472.82958984375,1475.899533118352,1455.3891446680805,1465.533111425743,5513668,0.014495385783231285,0.01050163013228629,1408.3667907714844,1346.6929956054687,1411.9720708493871,7.296478418006927,20.51038845027165,75.01879624613734,28.560345312871505,26.19588735264794,1463.0224983523,1353.7110831906687,100.9945068359375,61.67379516601568,BUY,LOW
2021-08-04,1467.535400390625,1494.8084007547138,1458.4592812898322,1485.198302842802,6740391,-0.0035945702677568914,0.010155317406584152,1412.2397216796876,1352.0708251953124,1417.2638165199812,-17.662902452176922,36.349119464881596,72.45745859653016,29.562374727611086,26.86918482764057,1471.9098816109179,1352.5695617484573,88.2701416015625,60.16889648437518,BUY,LOW
2021-08-05,1471.361572265625,1482.439785316305,1465.5777435714137,1467.7577586309994,5420536,0.002607209252997622,0.010151326424710012,1416.197198486328,1356.8975024414062,1422.415983733852,3.603813634625567,16.862041744891258,73.17041084714445,30.31576903713517,27.558501669539492,1480.3590134636688,1352.0353835089873,56.3701171875,59.2996960449218,BUY,LOW
2021-08-06,1468.3804931640625,1477.679174629946,1462.863654218039,1474.43131085115,3754855,-0.0020260683422445025,0.010139897325436787,1420.1768981933594,1361.5765283203125,1426.7935560605388,-6.050817687087601,14.815520411906846,71.61496840038006,30.322749504732656,28.111351236578127,1486.8682501201995,1353.4855462665193,53.16650390625,58.60036987304693,BUY,LOW
2021-08-09,1480.037353515625,1483.7300188807942,1464.9993767983387,1477.990724476605,5018477,0.007938582953008533,0.010196107029195413,1424.6437866210938,1366.4393896484376,1431.864393913404,2.04662903901999,18.73064208245546,73.94717022942686,30.91255212699525,28.671591414661556,1494.7208618748718,1354.5667113673157,52.855224609375,58.20439697265624,BUY,LOW
2021-08-10,1492.450439453125,1494.897444198092,1478.035400403738,1484.2196053109628,6846517,0.008387008549489927,0.009793966755204046,1430.4009338378905,1371.4846704101562,1437.6344934886156,8.230834142162166,16.862043794353895,76.19057910503754,32.01258608387366,29.33979034850398,1502.8552024133746,1357.9466652624064,66.4697265625,58.91626342773429,BUY,LOW
2021-08-11,1492.7174072265625,1498.456702096927,1484.2195837872175,1490.270402517081,4899639,0.00017887881994615995,0.00973903252906995,1436.3004577636718,1376.6518579101562,1442.8804852731819,2.4470047094814618,14.237118309709558,76.23797064495724,32.53091682878039,29.978015644559264,1508.8756126470753,1363.7253028802684,64.022705078125,59.648599853515634,BUY,LOW
2021-08-12,1503.4395751953125,1509.5793537960537,1489.5584074592362,1494.1410013448915,5659579,0.007182985819580878,0.008972217663242743,1441.3145935058594,1382.1856469726563,1448.648017646718,9.298573850421008,20.020946336817588,78.12152231738287,33.42162335487524,30.66673718662246,1517.7895533646422,1364.8396336470767,64.600830078125,59.128946533203134,BUY,LOW
2021-08-13,1523.549560546875,1532.7147487919517,1504.9524118847114,1510.0243417706486,5612790,0.013375985096674148,0.00923422468333887,1447.160711669922,1387.9258715820313,1455.7814979229233,13.525218776226438,27.762336907240297,81.14096810840098,35.34281250330923,31.601952249959815,1529.7657113025816,1364.5557120372623,90.4945068359375,59.23484008789069,BUY,LOW
2021-08-16,1516.6087646484375,1530.4453962330017,1503.8842991022166,1519.5451045756308,4564109,-0.004555674510480667,0.008221841531097453,1453.7876342773438,1393.5984692382813,1461.5745709444009,-2.9363399271933304,26.56109713078513,77.18177138543868,35.89156885843681,32.45987557165522,1536.3494188410878,1371.2258497136,64.8233642578125,60.18916503906257,BUY,LOW
2021-08-17,1549.7547607421875,1556.205954643305,1500.7257088178133,1516.164061463956,9510390,0.021855337293552823,0.008440107318466167,1462.6836181640624,1399.8627978515624,1469.972684258476,33.59069927823157,55.48024582549169,81.7591636203561,38.55661049049195,33.67922255542257,1546.3411814417836,1379.0260548863412,76.9251708984375,62.82082031250002,BUY,LOW
2021-08-18,1542.458251953125,1562.0788240659326,1536.7189570845148,1538.4985968726844,6686090,-0.004708169946558649,0.008783054272281269,1470.8432678222657,1405.5665454101563,1476.8760716579663,3.959655080440598,25.35986698141778,78.0475382937564,39.623156817441895,34.868009407826435,1552.1657263836005,1389.520809260931,74.9228515625,65.2767224121094,BUY,LOW
2021-08-20,1542.01318359375,1552.7355556641908,1527.0197416428282,1527.0197416428282,6206972,-0.0002885448334251084,0.007455684374769185,1477.194354248047,1411.2195678710937,1483.079606128041,14.993441950921806,25.715814021362576,77.8154837880175,39.971720061256974,35.888751538512544,1559.9055593905898,1394.483149105504,70.651611328125,65.97478637695326,BUY,LOW
2021-08-23,1547.174072265625,1559.987498240279,1541.1677890231847,1544.5046130467626,6189051,0.0033468511986696203,0.007395517144493046,1483.7923583984375,1416.8156396484376,1489.1838409982872,2.6694592188623574,18.819709217094214,78.60968479561866,40.2009875672868,36.7511987442674,1566.7268378322472,1400.8578789646278,78.7935791015625,66.97671874999992,BUY,LOW
2021-08-24,1531.2464599609375,1563.4134691115678,1523.9944064933602,1557.1847301908044,7602939,-0.010294647893991482,0.008028140796091265,1488.9955749511719,1421.6909619140624,1493.1898047090158,-25.93827022986693,39.41906261820759,70.25089848055923,38.651903434403266,37.13133968229457,1570.1082667038663,1407.8828831984774,51.2091064453125,67.30461303710945,BUY,LOW
2021-08-25,1544.326904296875,1554.4263380022362,1528.7105222770665,1528.7105222770665,6153253,0.008542350743636185,0.00803183308363314,1494.9128845214843,1426.5627270507812,1498.0600046697643,15.616382019808498,25.715815725169705,72.80809070625742,38.04121024672713,37.31331379518109,1574.016280064878,1415.8094889780907,51.87646484375,68.35015747070315,BUY,LOW
2021-08-26,1537.341552734375,1553.6252977570348,1530.4899840447308,1542.9474606590484,5302248,-0.004523233742198096,0.00824684942136393,1500.3452270507812,1431.0794506835937,1501.8011044854416,-5.6059079246733745,23.13531371230397,69.37833001660643,36.571992835479705,37.16504960324081,1575.3277226546093,1425.3627314469531,44.6241455078125,69.26577636718753,BUY,LOW
2021-08-27,1520.5240478515625,1537.3415544026807,1517.3206098222295,1534.939084501257,6698514,-0.010939341913252965,0.008822234376142433,1504.4294921875,1435.1405883789062,1503.5842419488818,-14.415036649694457,20.020944580451214,61.827048396960315,33.662554384899295,36.46455055957251,1574.289904854207,1434.5690795207931,17.08447265625,69.28890380859389,BUY,LOW
2021-08-30,1510.95849609375,1529.2887615369723,1504.1513531642884,1515.4075949207736,6559667,-0.006290957233677563,0.008928637903626701,1508.3246643066407,1438.7488037109374,1504.2865518674407,-4.44909882702359,25.13740837268392,57.962680766634435,30.23639700407898,35.2189198484738,1570.0454167278833,1446.603911885398,-12.591064453125,69.57586059570326,BUY,LOW
2021-08-31,1518.4329833984375,1526.0409862826573,1500.1027168908208,1512.8271837232185,12255438,0.004946851501223426,0.008610590239360444,1511.6570434570312,1442.3641381835937,1505.633831060869,5.605799675219032,25.938269391836457,60.063211894417876,27.803766738521745,33.735889226483394,1567.7474189806082,1455.5666679334543,1.82421875,69.29290527343755,BUY,LOW
2021-09-01,1492.895263671875,1521.1470441049441,1488.802114057658,1521.1470441049441,7801974,-0.0168184700976437,0.009105592458587667,1512.6603271484375,1445.522109375,1504.420634166679,-28.251780433069143,32.3449300472862,50.73520389031517,23.543810777478484,31.697473536682416,1566.6139234978668,1458.7067307990083,-56.8594970703125,67.13821777343765,BUY,LOW
2021-09-02,1502.994384765625,1507.6215122277913,1479.4586979127123,1492.5390036299584,6830050,0.006764788756118412,0.009142045816432437,1514.4332763671875,1448.676513671875,1504.2848008903882,10.455381135666585,28.162814315079004,53.79145344180126,20.743560800920477,29.506690989530032,1564.5316939944748,1464.3348587399003,-39.4638671875,65.75676269531255,BUY,LOW
2021-09-03,1513.2720947265625,1517.988074588119,1498.8125226886418,1509.1789452891753,5339139,0.006838155927335832,0.009224076386960567,1516.5288024902343,1452.191298828125,1505.1407336366904,4.093149437387183,19.175551899477114,56.733194332769195,19.133113200206026,27.431975431665233,1562.5887835969022,1470.4688213835664,-28.7410888671875,64.33750366210938,BUY,LOW
2021-09-06,1539.7442626953125,1541.1679527057966,1512.1153133974738,1517.2763118836374,4876026,0.017493329891564047,0.009848894201088391,1520.096990966797,1455.2380419921874,1508.4363078327497,22.46795081167511,29.052639308322796,63.22686933803704,19.765065223361717,25.89859339000453,1561.506332471372,1478.687649462222,-7.4298095703125,64.85894897460958,BUY,LOW
2021-09-07,1518.6109619140625,1543.7483709085054,1516.2529177532997,1539.3882322260613,3520341,-0.013725201835957046,0.010386808173327213,1522.0256713867188,1457.59517578125,1509.4053225071605,-20.77727031199879,27.495453155205723,56.00094249514784,18.34909406552515,24.388693525108657,1559.1651527659603,1484.8861900074774,-12.635498046875,64.43049560546888,BUY,LOW
2021-09-08,1506.687255859375,1513.4498640744491,1497.5220692040875,1513.4498640744491,4584896,-0.007851718678270836,0.0104413674733715,1522.7375122070312,1459.75654296875,1509.1464590168953,-6.762608215074124,15.927794870361595,52.36465087837461,16.079429637609337,22.726840747608794,1558.0847714656766,1487.3902529483858,-37.6396484375,62.980969238281205,BUY,LOW
2021-09-09,1505.21923828125,1508.1556872378899,1496.8104841372344,1500.1473085786038,3331674,-0.0009743346354168514,0.010446570974118264,1523.3626037597655,1462.044267578125,1508.772437994453,5.07192970264623,11.345203100655453,51.9176758209305,14.000854342980347,20.981643466683106,1556.9632350478942,1489.761972471637,-32.122314453125,61.31833618164046,BUY,LOW
2021-09-13,1505.4862060546875,1514.0284547777442,1490.6261495836065,1497.5667877701696,4662374,0.00017736138806090374,0.010326351071578671,1523.4649353027344,1464.0214477539062,1508.4594635239991,7.91941828451786,23.402305194137625,51.997920712275146,12.234083614380097,19.232131496222504,1556.8339065414173,1490.0959640640515,-15.037841796875,59.443487548828216,BUY,LOW
2021-09-14,1500.36962890625,1509.089797491508,1493.6514461855788,1509.089797491508,4945167,-0.0033986210752777746,0.009863750923763919,1522.3059387207031,1466.2593432617186,1507.6890030842135,-8.72016858525808,15.438351305929245,50.26644854730651,10.302281776833752,17.446161552344755,1557.1598101332522,1487.452067308154,-10.5888671875,56.046595458984484,BUY,LOW
2021-09-15,1522.8819580078125,1526.1298217987796,1503.973288440521,1506.6872821089974,4062344,0.015004521997671771,0.010417606050108389,1522.6195983886719,1468.815791015625,1509.1359511721753,16.19467589881515,22.156533358258685,57.044082664197184,10.467212211053493,16.050371684086503,1557.3755133392979,1487.8636834380459,4.448974609375,53.803807373046766,BUY,LOW
2021-09-16,1514.69580078125,1529.8227378429513,1505.0857031997,1526.2189240947241,3246568,-0.005375437789854276,0.00914850758962652,1520.866650390625,1471.0100830078125,1509.6654606587538,-11.523123313474116,24.737034643251263,54.15404258725195,9.824119955276956,14.805121338324595,1553.439280370933,1488.294020410317,21.800537109375,49.8565673828125,BUY,LOW
2021-09-17,1504.952392578125,1528.7105397062314,1498.8570395600073,1510.0243223989958,7454864,-0.006432584151946252,0.009192287021347672,1518.991357421875,1473.3075952148438,1509.2165970320273,-5.071929820870764,29.853500146224178,50.85175629860887,8.431065026937631,13.530310076047204,1550.6824065950605,1487.3003082486894,1.9580078125,45.68376220703112,BUY,LOW
2021-09-20,1501.88232421875,1519.5452254836232,1493.0730864950874,1499.3463595187543,5660743,-0.0020399770614110135,0.009191590357053398,1516.984814453125,1475.5010009765624,1508.5180948593343,2.535964699995702,26.47213898853579,49.82085555777265,6.998653974334957,12.223978855704756,1547.6566361519906,1486.3129927542593,-11.3897705078125,41.483813476562545,BUY,LOW
2021-09-21,1529.11083984375,1536.4963878637336,1499.0349948323485,1512.693707466829,4672222,0.01812959323505181,0.010129545031828602,1516.0816528320313,1478.3074877929687,1510.479308667374,16.417132376921018,37.461393031385114,57.960870672642415,7.968713182702231,11.37292572110425,1544.0928592246992,1488.0704464393634,-10.6334228515625,37.77416503906261,BUY,LOW
2021-09-22,1527.7318115234375,1547.307849368149,1524.3060266247317,1527.820771789522,4553892,-0.000901849809954558,0.009867762656629593,1515.9059204101563,1481.0481323242188,1512.1224041774753,-0.08896026608454122,23.00182274341728,57.4525414162869,8.527911577578152,10.803922892399031,1543.576394213325,1488.2354466069876,9.120849609375,34.8577880859375,BUY,LOW
2021-09-23,1550.5555419921875,1552.7355570624668,1531.4688420353173,1541.1678996173023,3826090,0.01493961852243575,0.010257566477678493,1516.217352294922,1484.5130932617187,1515.7827030169717,9.387642374885218,21.26671502714953,63.204354443124004,10.689542248249381,10.781046763569101,1545.2662068567497,1487.1684977330942,43.8682861328125,31.704259033203243,BUY,LOW
2021-09-24,1569.5087890625,1590.9979611001354,1559.3648206065352,1564.3033644373813,8280446,0.012223520252593545,0.010527299849863359,1517.8257141113281,1488.40873046875,1520.8994731165458,5.205424625118667,31.633140493600195,67.17301381847193,13.773249323492564,11.379487275553794,1554.0505359622862,1481.60089226037,64.28955078125,29.41698364257809,BUY,LOW
2021-09-27,1531.5133056640625,1574.0911595675952,1528.7993119407154,1573.868704627012,5045337,-0.02420851903679555,0.01168021818359886,1518.375177001953,1490.975859375,1521.9103143115474,-42.355398962949494,45.29184762687987,54.485859116242516,13.001320301388887,11.703853880720814,1555.07727383264,1481.673080171266,26.027099609375,27.399317626953007,BUY,LOW
2021-09-28,1501.2149658203125,1521.5918610046667,1490.4481679431676,1521.5918610046667,6557197,-0.019783269091882105,0.012452627007159668,1517.8880004882812,1492.8676147460938,1519.9393287409537,-20.376895184354225,31.143693061499107,46.88180396929432,9.831407828713509,11.329364670319354,1555.2241449915384,1480.551855985024,0.8453369140625,25.0203857421875,BUY,LOW
2021-09-29,1505.797607421875,1513.9394805910563,1472.6518187520774,1476.4335530298395,7792548,0.0030526218469040245,0.012418179750567773,1517.2562316894532,1495.3021606445313,1518.5924981391365,29.36405439203554,41.28766183897892,48.062463149019905,7.6013861863862076,10.583768973532726,1554.9599089468902,1479.5525544320162,-17.0843505859375,21.954071044921875,BUY,LOW
2021-09-30,1490.6259765625,1515.3630086427124,1486.0879176383012,1515.3630086427124,6914031,-0.010075478128399262,0.012032930793741781,1517.1427673339845,1497.677978515625,1515.9290198937426,-24.73703208021243,29.27509100441125,44.533334403871706,4.557320202203755,9.378479219266932,1555.1514311774788,1479.1341034904901,-24.06982421875,19.464788818359466,BUY,LOW
2021-10-01,1481.68359375,1493.963042912064,1478.2132744965895,1481.6390593077983,5733906,-0.005999078879010189,0.01199327591343123,1516.0772277832032,1499.7263452148438,1512.6675507371958,0.044534442201666025,15.749768415474591,42.550127536689295,1.407080472263715,7.784199469866289,1556.7165225780484,1475.437932988358,-23.268798828125,16.35088256835934,BUY,LOW
2021-10-04,1493.7850341796875,1502.0158675772525,1481.9059612165079,1488.223660262414,2947154,0.008167358051835993,0.012040517878887574,1515.1028747558594,1501.302216796875,1510.8692158269569,5.561373917273613,20.109906360744617,46.051442150700815,-0.11173410207038614,6.205012755478955,1556.8828873333225,1473.3228621783962,-8.0972900390625,13.800657958984402,BUY,LOW
2021-10-05,1506.286865234375,1515.3184484945398,1479.7701941341927,1486.8887518931065,4373310,0.00836923035686521,0.011479520200797467,1513.4300048828125,1503.1236743164063,1510.4328014848063,19.398113341268527,35.54825436034707,49.477156114676184,-0.303118153359037,4.903386573711357,1553.7844381136786,1473.0755716519463,-22.823974609375,10.306330566406132,BUY,LOW
2021-10-06,1489.1580810546875,1520.7021518744143,1485.9991770803229,1514.5623730713419,4271698,-0.011371528607880599,0.011353956966621849,1511.9573608398437,1504.363193359375,1508.406637634319,-25.40429201665438,34.70297479409146,45.238599353173136,-1.816007322938276,3.5595077943814304,1553.5778167910582,1470.336904888629,-38.57373046875,7.594167480468741,BUY,LOW
2021-10-07,1504.6851806640625,1516.4307577863626,1491.9162891164272,1501.125901703296,5476108,0.010426763825085672,0.01150111118811292,1511.8572570800782,1505.9372827148438,1508.0522131609612,3.5592789607665054,24.514468669935468,49.464850615228116,-1.7419950815706216,2.49920721919102,1553.5375208764708,1470.1769932836855,-45.870361328125,5.919974365234339,BUY,LOW
2021-10-08,1533.9158935546875,1540.7230369842214,1511.2700223097372,1517.3652664264184,4738376,0.019426464263923027,0.01228822105113206,1513.29208984375,1508.0417065429688,1510.5154208175065,16.55062712826907,29.453014674484166,56.3020137322636,0.6676382735288371,2.1328934300585836,1555.9243949633087,1470.6597847241915,-35.5928955078125,5.250383300781323,BUY,LOW
2021-10-11,1504.6407470703125,1539.3882537018142,1480.3931575250094,1496.6769033100875,8840633,-0.01908523577295551,0.013086416759145772,1513.2498168945312,1509.3577465820313,1509.9559280796786,7.963843760225018,58.995096176804736,49.13241497109918,0.21257992024015948,1.7488307280948987,1555.9146627727157,1470.5849710163468,-26.87255859375,3.892070312499982,BUY,LOW
2021-10-12,1499.4798583984375,1502.9056429059303,1478.8805082946456,1492.227805300915,7439300,-0.0034299806660983423,0.01308685401226976,1513.2053283691407,1510.6862426757812,1508.9582071576556,7.252053097522548,24.025134611284784,47.972637634152974,-0.5580646656512727,1.2874516493456647,1555.9256240114676,1470.4850327268139,-1.735107421875,2.519085693359557,BUY,LOW
2021-10-13,1520.880126953125,1524.8398906735067,1494.941963810283,1509.0900132988902,7104171,0.014271794605860588,0.01304374577499388,1513.1052368164062,1512.0681372070312,1510.0936280905573,11.790113654234801,29.8979268632238,52.933920065039324,0.5516576052141318,1.1402928405193582,1555.7436779337856,1470.4667956990268,15.08251953125,1.037099609374991,BUY,LOW
2021-10-14,1526.7083740234375,1587.0826277925394,1511.0919925515338,1560.7439825365639,19655776,0.0038321541369525924,0.013005905388973112,1513.7058654785155,1513.145712890625,1511.6759848460697,-34.03560851312636,75.99063524100552,54.214462207376634,1.8797428246896288,1.2881828373534123,1556.7534755328572,1470.6582554241738,36.0823974609375,0.5601525878905704,BUY,LOW
2021-10-18,1594.690673828125,1600.7859181068043,1548.286546695853,1548.286546695853,13438109,0.044528674212698016,0.016184816989409694,1518.1927795410156,1515.688818359375,1519.5821457015036,46.404127132271924,52.4993714109512,65.87665119107547,8.321933304998083,2.694932930882347,1573.5908870835542,1462.794671998477,113.007080078125,2.503961181640534,BUY,MEDIUM
2021-10-19,1621.38525390625,1632.3745072788313,1585.9259547717893,1614.1332004381575,10324260,0.016739660246487542,0.01641865567644892,1524.1679260253907,1518.6892919921875,1529.2776798162413,7.252053468092527,46.448552507041995,69.19474381005766,15.403878863551427,5.236722117416163,1594.8974953710026,1453.4383566797787,127.6002197265625,5.478634033203207,BUY,MEDIUM
2021-10-20,1603.7667236328125,1644.3870199570588,1596.3812843324115,1627.8363931036856,5876115,-0.010866344214609636,0.01638200230212362,1527.9007202148437,1521.3970166015624,1536.3718744654386,-24.069669470873123,48.005735624647286,64.72155655049838,19.37140212706072,8.063658119345074,1606.6994778616418,1449.1019625680456,97.4798583984375,6.503703613281232,BUY,MEDIUM
2021-10-21,1560.4326171875,1614.1332239446729,1554.3817986991194,1614.1332239446729,8779629,-0.02702020549918449,0.017659739595622663,1529.5357604980468,1523.004921875,1538.6633737723016,-53.700606757172864,59.75142524555349,55.25930956236022,18.802252008793175,10.211376897234695,1609.5995471800838,1449.4719738160097,71.2745361328125,6.530838623046748,BUY,MEDIUM
2021-10-22,1530.312255859375,1568.9303513205284,1518.9225180752499,1557.095812221997,7369809,-0.019302570964207066,0.017916306697758785,1528.5235961914063,1523.762158203125,1537.8680292091656,-26.783556362621994,50.00783324527856,49.808468375694304,15.739302129174348,11.316961943622626,1608.0086034426429,1449.0385889401698,25.6270751953125,4.761437988281386,BUY,MEDIUM
2021-10-25,1519.411865234375,1539.1658216360158,1501.303945142191,1532.3142525237072,5905209,-0.007122984595636428,0.017714025544930966,1526.01875,1524.2960473632813,1536.1102993068046,-12.902387289332182,37.861876493824866,47.964536409669165,12.29064297557943,11.511698150013988,1603.3066331462553,1448.7308668537446,-14.5040283203125,1.7227026367186227,BUY,MEDIUM
2021-10-26,1529.4212646484375,1549.9787485385702,1522.419225446703,1535.1217839102844,5871709,0.006587680169602095,0.016955931157644172,1525.9141479492187,1524.8156811523438,1535.47324838696,-5.700519261846921,27.559523091867277,49.80224498600199,10.247108344390426,11.258780188889277,1603.1776613800132,1448.650634518424,24.780517578125,1.0984667968748454,BUY,MEDIUM
2021-10-27,1552.0885009765625,1556.756637192978,1527.132343848043,1534.2690615933016,5090259,0.014820793232095841,0.016585215023962954,1528.4578247070312,1525.3864599609376,1537.0556533954937,17.819439383260942,29.624293344934813,53.782905069482446,10.337484869271066,11.074521124965635,1605.650951172995,1451.2646982410674,52.608642578125,3.07136474609365,BUY,MEDIUM
2021-10-28,1529.60107421875,1548.318219941341,1518.9632814339595,1543.470586262013,5329972,-0.014488495175155047,0.016974580355356275,1529.647998046875,1525.6463061523436,1536.345693473899,-13.869512043263057,29.354938507381576,49.58219755884742,8.496617791339986,10.558940458240505,1606.1377165565016,1453.1582795372485,8.720947265625,4.001691894531405,BUY,MEDIUM
2021-10-29,1497.1488037109375,1537.4108857345927,1491.1342188619528,1525.202109131994,5875091,-0.02121616613298183,0.017528179434609683,1529.974139404297,1524.5941870117188,1532.612656353617,-28.053305421056393,46.27666687263991,44.21510752312489,4.368730350271335,9.32089843664667,1605.84869020556,1454.099588603034,-29.5595703125,5.379952392578161,BUY,MEDIUM
2021-11-01,1526.144775390625,1532.5632841362876,1504.5549072616056,1505.9014659494887,3636806,0.019367461409190545,0.01795609352654733,1532.197198486328,1524.2679174804687,1531.996667690475,20.24330944113626,28.00837687468197,49.477411874325526,3.397913368323316,8.136301422982,1604.8175602204624,1459.5768367521937,-68.5458984375,7.929281005859366,BUY,MEDIUM
2021-11-02,1524.214599609375,1531.8899179452385,1513.8460544672046,1521.6112310437475,3471772,-0.0012647396317665427,0.01789917876118134,1533.7186767578125,1523.9119458007813,1531.255518349418,2.603368565627534,18.043863478033927,49.14507141858429,2.4446049769160254,6.997962133768805,1604.3026895191747,1463.1346639964504,-97.170654296875,9.806730957031277,BUY,MEDIUM
2021-11-03,1528.343994140625,1541.7646508726255,1525.2020241086177,1534.179081342924,3530713,0.002709194973141038,0.017823783610286147,1534.821533203125,1523.5353442382811,1530.9782303295328,-5.835087202299064,16.562626764007746,49.920093271225305,1.9992625818456418,5.998222223384173,1604.3378210362357,1465.3052453700143,-75.4227294921875,11.28618896484386,BUY,MEDIUM
2021-11-04,1533.9097900390625,1541.3607916889025,1530.5883225565397,1539.565380166842,483407,0.0036417167337823297,0.017595456534404287,1537.0591186523438,1523.5886108398438,1531.257426492345,-5.655590127779533,10.772469132362858,51.00393943231328,2.071559095192015,5.2128895977457415,1603.3586148964528,1470.759622408235,-26.5228271484375,13.470507812500045,BUY,MEDIUM
2021-11-08,1559.7637939453125,1562.9057641777204,1528.792944511578,1553.0310005901529,5245903,0.0168549702688785,0.01782189784780637,1539.8130493164062,1523.8973486328125,1533.9723186307228,6.732793355159629,34.112819666142286,55.7903149696661,4.167021813609381,5.003716040918469,1605.0723226012874,1474.553776031525,29.4515380859375,15.915700683593741,BUY,MEDIUM
2021-11-09,1564.2523193359375,1570.9851126759775,1549.4401739878497,1557.2950995512297,4016134,0.002877695589581286,0.017345551232459736,1541.3298706054688,1524.4355639648438,1536.8561282216956,6.957219784707831,21.544938688127786,56.58329639328155,6.119337686110157,5.226840369956808,1607.375839876734,1475.2839013342036,44.8404541015625,16.894306640625018,BUY,MEDIUM
2021-11-10,1562.1427001953125,1571.83785665347,1545.8043896132256,1549.4401417745487,4780368,-0.001348643767087765,0.016699426259907123,1544.2049682617187,1525.2679370117187,1539.2643731715639,12.702558420763808,26.03346704024443,56.07420730328711,7.410905145528204,5.663653325071087,1608.5976831353798,1479.8122533880576,32.721435546875,18.937031250000018,BUY,MEDIUM
2021-11-11,1555.993408203125,1561.7835664122908,1534.179114814545,1555.679123526493,4731349,-0.003936447029723178,0.016708489006830966,1547.0306457519532,1526.1686352539064,1540.8576146031412,0.31428467663204174,27.604451597745765,54.534001854012324,7.847820401871786,6.1004867404312275,1608.204253529158,1485.8570379747484,3.9049072265625,20.862010498046857,BUY,MEDIUM
2021-11-12,1598.0955810546875,1600.4745229836617,1560.257374940205,1564.7009741488232,5069009,0.027058066332159125,0.017432368392055607,1550.8914184570312,1527.7618872070314,1546.3088495032885,33.39460690586429,40.217148043456746,62.19123810148518,11.45927696520721,7.172244785386424,1614.6671475533192,1487.1156893607433,68.4945068359375,23.1295312499999,BUY,MEDIUM
2021-11-15,1604.3348388671875,1615.8703357362158,1593.8765450553617,1599.801381036417,4354074,0.0039041831330153265,0.017432638876685586,1554.7727416992188,1529.9906787109376,1551.8351342046121,4.5334578307704305,21.99379068085409,63.1808661356588,14.655894246707021,8.668974677650544,1621.5661609164865,1487.9793224819512,107.18603515625,24.782062988281268,BUY,MEDIUM
2021-11-16,1608.9578857421875,1623.9045971984135,1595.2229454176877,1606.893118906956,6034233,0.0028815972594999906,0.01438486579023995,1555.486102294922,1532.1099487304687,1557.2753962558097,2.0647668352314668,28.681651780725815,63.93414505528926,17.36213780205094,10.407607302530623,1624.2454145608071,1486.7267900290367,82.8131103515625,23.37615356445326,BUY,LOW
2021-11-17,1604.6041259765625,1617.665788691909,1598.544612062206,1609.1825130450993,4732492,-0.002705950108580213,0.013880907243331976,1554.6470458984375,1533.9365893554686,1561.7828943244529,-4.578387068536813,19.121176629703086,62.63452359962541,18.937246500267065,12.113535142077913,1620.5181577320104,1488.7759340648645,80.3895263671875,20.710456542968814,BUY,LOW
2021-11-18,1597.3778076171875,1606.3996856383449,1579.0645864039852,1599.352716649209,4326924,-0.004503489828045271,0.013700834146450595,1554.3276000976562,1535.0892602539063,1565.172886066618,-1.9749090320215146,27.33509923435963,60.43850977176614,19.37903850011253,13.566635813684837,1619.2985954954463,1489.356604699866,69.0338134765625,19.238339843749827,BUY,LOW
2021-11-22,1579.4237060546875,1602.7640583268196,1572.0176327375686,1601.507248210904,6621839,-0.011239733942017271,0.012468518077890282,1555.2771545410155,1536.3055151367187,1566.5301070178625,-22.08354215621648,30.746425589250975,55.25499755791681,18.07209206765424,14.467727064478717,1621.1264695604136,1489.4278395216174,45.513916015625,18.971639404296866,BUY,LOW
2021-11-23,1559.22509765625,1568.5163300051972,1535.0767917063313,1557.6091835159034,8436160,-0.012788593916253532,0.01199519651558594,1556.7227966308594,1537.3562719726563,1565.8343918405662,1.6159141403466037,33.439538298865955,50.05394604629515,15.230896419925102,14.620360935567996,1621.5783344209935,1491.8672588407253,-0.5386962890625,19.36652465820316,BUY,LOW
2021-11-24,1522.509033203125,1562.4569412087494,1515.3273868200913,1562.0080883098099,7333061,-0.023547635622537588,0.013092926682434414,1556.8776550292969,1537.7020678710937,1561.708167208429,-39.499055106684864,47.12955438865811,42.265891532537445,9.902400142168062,13.67676877688801,1621.3899798889422,1492.3653301696515,-41.7432861328125,19.175587158203143,BUY,LOW
2021-11-25,1546.208251953125,1549.619467713962,1523.3615771376922,1526.0996232361942,4476260,0.015565896972145055,0.013472486418129485,1557.7170043945312,1538.5165087890625,1560.2319848031618,20.108628716930752,26.2578905762698,47.900770024578044,7.505340449997448,12.442483111509897,1621.207307490515,1494.2267012985474,-15.9344482421875,19.20049560546863,BUY,LOW
2021-11-26,1518.6038818359375,1542.5725803901694,1511.736411257702,1528.3888959632156,4494181,-0.017852944506225765,0.013641361388706868,1556.0427734375,1538.8811938476563,1556.2674035681882,-9.785014127278146,30.836169132467376,42.67603092675455,3.339713269290314,10.621929143065982,1621.7652022661841,1490.320344608816,-37.3895263671875,17.161579589843768,BUY,LOW
2021-11-29,1522.8231201171875,1536.8722369569487,1498.4055676623748,1518.0204162933412,3942776,0.0027783665850695805,0.013284602778716023,1555.703875732422,1538.8800170898437,1553.082233715712,4.8027038238462865,38.466669294573876,43.68707730126513,0.3745632524910434,8.572455964950995,1622.0352757353828,1489.372475729461,-75.2724609375,16.823858642578216,BUY,LOW
2021-11-30,1537.455810546875,1552.9412350958905,1526.1447397494564,1530.1844157187647,14808963,0.009608923213985321,0.012473873498475663,1557.7192260742188,1539.3352172851562,1551.5940029377275,7.27139482811026,26.796495346434085,47.16734066602566,-0.785548358900769,6.700855100180643,1619.0744798269907,1496.363972321447,-66.8790283203125,18.38400878906259,BUY,LOW
2021-12-01,1539.4755859375,1563.7136407678477,1537.769923125387,1539.5653345943017,5193264,0.0013137128083744454,0.011736900640961834,1558.3857666015624,1540.0256811523439,1550.4398679853248,-0.08974865680170296,25.94371764246057,47.64828907922293,-1.5243939109225266,5.05580529796001,1618.634143773584,1498.137389429541,-69.4822998046875,18.36008544921856,BUY,LOW
2021-12-02,1569.4141845703125,1571.4340226456925,1536.2888182174336,1539.5654663452515,5559574,0.019447270815003304,0.01246418989364107,1560.6457458496093,1541.376318359375,1552.2469457553236,29.84871822506102,35.14520442825892,54.29053883475279,0.3023747801216814,4.105119194392344,1618.957223252543,1502.3342684466757,-35.18994140625,19.269427490234193,BUY,LOW
2021-12-03,1558.0133056640625,1603.8860489685592,1555.3201883320971,1589.926680297916,6754012,-0.007264416887739156,0.012613401455961534,1562.1292114257812,1541.9543676757812,1552.7961228894892,-31.913374633853437,48.56586063646205,51.605374887044206,0.8206861235451015,3.448232580222896,1618.5573164092239,1505.7011064423386,-39.364501953125,20.174843750000036,BUY,LOW
2021-12-06,1521.8804931640625,1556.5767302580853,1518.4691677243022,1553.0308366320087,3991449,-0.023191594300665752,0.013701922889063332,1561.5277465820313,1541.8373413085938,1549.8517772013533,-31.150343467946186,38.10756253378304,44.15211469534309,-1.6649716401377646,2.425591736150764,1619.3845414107407,1503.670951753322,-57.543212890625,19.69040527343759,BUY,LOW
2021-12-07,1536.5582275390625,1548.4528299545664,1520.7136974991224,1527.0873870655005,4202122,0.00964447237541255,0.01331609054930311,1560.3674682617188,1541.5573950195312,1548.5857248525638,9.47084047356202,27.73913245544395,47.47100125218437,-2.4225768707710813,1.455958014766395,1619.2410344454954,1501.4939020779423,-22.6668701171875,18.810073242187627,BUY,LOW
2021-12-08,1573.992431640625,1579.782699760564,1555.3650364192983,1555.724140653463,3029169,0.024362372626461903,0.01443640249781852,1560.854473876953,1541.6470678710937,1551.0054112133314,18.26829098716189,24.417663341265552,54.84182929092193,-0.0023301929854824266,1.1643003732160195,1620.0089970274273,1501.6999507264788,51.4833984375,19.20740600585941,BUY,LOW
2021-12-09,1583.0592041015625,1588.4006192094105,1563.8034590731309,1579.0644572385977,2082171,0.005760365983136895,0.014478298973666327,1561.9002990722656,1542.6779858398438,1554.058153393163,3.994746862964803,24.597160136279626,56.43627933678044,2.6171763200320584,1.4548755625792273,1621.8432779043478,1501.9573202401834,36.8509521484375,19.22231323242181,BUY,LOW
2021-12-10,1579.288818359375,1583.3284941772615,1567.394217340042,1579.962097662356,1823469,-0.002381708613562128,0.014455885452014714,1563.0650695800782,1544.239462890625,1556.4610738661356,-0.6732793029809727,15.934276837219613,55.55778841715401,4.338899354272598,2.0316803209179017,1623.4076565197483,1502.722482640408,60.6849365234375,18.825606689453252,BUY,LOW
2021-12-13,1566.182373046875,1590.1510729588513,1560.930816277759,1586.2910039483113,4040584,-0.008298954035599104,0.013187476536247546,1561.4694091796875,1545.447158203125,1557.3869118833488,-20.1086309014363,29.220256681092224,52.49857193139515,4.5928531099680185,2.543914878727925,1619.672153440284,1503.266664919091,43.3592529296875,16.022250976562646,BUY,LOW
2021-12-14,1572.9150390625,1582.6551238353716,1535.3908975682284,1553.8387932420226,4768144,0.004298775245776154,0.013195375094040167,1559.898419189453,1547.092939453125,1558.865781138506,19.076245820477425,47.26422626714316,53.90276546341162,5.2765582917741085,3.090443561337162,1615.0019479103146,1504.7948904685916,35.459228515625,12.805479736328152,BUY,LOW
2021-12-15,1556.8011474609375,1569.1446005691694,1545.1309736131548,1566.4964126446885,3053149,-0.010244603936883201,0.013322908965771058,1557.2905822753905,1548.5952905273436,1558.66914935969,-9.695265183750962,24.013626956014605,50.086496247689,4.46665438005266,3.3656857250802616,1607.5871824661956,1506.9939820845855,17.3255615234375,8.695291748046884,BUY,LOW
2021-12-16,1590.37548828125,1595.7617227930966,1578.166711971042,1582.3410656343676,4481031,0.021566235915916776,0.014284048147696848,1556.579150390625,1550.527099609375,1561.688800685553,8.034422646882376,17.59501082205452,56.92885871785687,6.459507228272514,3.9844500257187123,1604.5263230603227,1508.6319777209274,20.9613037109375,6.0520507812500455,BUY,LOW
2021-12-17,1634.58740234375,1653.5738998202182,1621.9297738871765,1633.8243744151991,18887243,0.02779967019630103,0.015558918003184964,1558.439630126953,1553.0931103515625,1568.6315246530005,0.763027928550855,31.644125933041778,63.93920975774671,11.474122892367404,5.482384599048451,1614.7356088099727,1502.1436514439333,76.5740966796875,5.346519775390561,BUY,MEDIUM
2021-12-20,1614.8828125,1642.4872628921498,1604.46944825245,1617.3963227207378,5773891,-0.01205477897082563,0.015594426314101682,1560.2125854492188,1555.6076049804688,1573.0364092098575,-2.5135102207377713,38.017814639699736,59.30616997491649,13.700317480491776,7.125971175337117,1621.0875722036421,1499.3375986947954,93.0023193359375,4.60498046875,BUY,MEDIUM
2021-12-21,1626.2838134765625,1649.98326863144,1616.7681538657364,1616.7681538657364,5353584,0.007059955613071711,0.015284086680519756,1563.5655212402344,1558.0395776367188,1578.1075905685911,9.515659610826106,33.215114765703674,61.0641296895594,16.197839614839495,8.940344863237593,1630.8981411718587,1496.23290130861,89.7255859375,5.525943603515543,BUY,MEDIUM
2021-12-22,1638.043701171875,1642.0385576629037,1626.9570566497555,1638.3130567405199,4156428,0.007231141082424619,0.014053152637798529,1569.3422546386719,1560.1221337890624,1583.8157915784277,-0.269355568644869,15.081501013148227,62.84699749828141,18.9081076602954,10.933897422649155,1641.2621540200516,1497.422355257292,64.05126953125,9.22012084960943,BUY,LOW
2021-12-23,1667.578125,1671.1689478831108,1640.1083518608461,1643.9236011741514,4112933,0.01803030273673145,0.014172438653178517,1575.4107482910156,1563.3808813476562,1591.7931566661964,23.654523825848628,31.06059602226469,66.94117512393822,23.172082443904173,13.38153442690016,1658.164517360903,1492.6569792211283,84.5189208984375,12.029866943359366,BUY,LOW
2021-12-24,1672.8746337890625,1683.871529020571,1664.346429323811,1681.357909134367,3780347,0.0031761683063948887,0.013223462465946998,1583.124285888672,1566.8487768554687,1599.5152021064694,-8.483275345304492,19.52509969675998,67.63008156712246,26.67124763424772,16.039477068369674,1671.8070318214448,1494.441539955899,93.5858154296875,16.275509033203207,BUY,LOW
2021-12-27,1675.2535400390625,1682.7493608340567,1656.3119713909696,1669.7326279815125,2647733,0.001422046937618937,0.013238558343090621,1590.7458068847657,1569.9362451171876,1606.7283771476689,5.520912057550049,26.437389443087113,67.95310284786913,29.29858328042269,18.691298310780276,1683.4959706171421,1497.9956431523892,109.0711669921875,20.80956176757809,BUY,LOW
2021-12-28,1694.868408203125,1701.960305344771,1686.2504551628035,1688.3151125796455,3340933,0.01170859675581104,0.013286403349289688,1598.616436767578,1573.2994458007813,1615.1226658196172,6.553295623479471,15.709850181967568,70.56163373562124,32.587868973215336,21.47061244326729,1698.3919051578378,1498.8409683773184,121.953369140625,25.316990966796766,BUY,LOW
2021-12-29,1692.669189453125,1700.0752621912457,1684.4551595905639,1690.828848757635,3236635,-0.001297574926381162,0.013336950994100248,1606.2761169433593,1575.2590161132812,1622.5080490228086,1.840340695490113,15.620102600681776,69.87488350603532,34.618136678699784,24.10011729035379,1710.1516063577508,1502.4006275289678,135.8680419921875,31.017100830078107,BUY,LOW
2021-12-30,1699.22216796875,1714.4383449364482,1682.614612952304,1691.7263474860777,4584738,0.0038713876027614003,0.01288615233753931,1612.7665161132813,1576.8157543945313,1629.8141555890886,7.495820482672343,31.82373198414416,70.78722616115597,36.33703830471404,26.54750149322584,1722.664875719454,1502.8681565071088,108.8466796875,35.95076171875007,BUY,LOW
2021-12-31,1694.64404296875,1704.1597020773836,1680.191002196057,1696.6638809222288,4619420,-0.002694247454099963,0.012714143835241479,1619.5980529785156,1578.63330078125,1635.988430577628,-2.0198379534788273,23.96869988132653,69.21022117016349,36.904452247549216,28.618891644090517,1731.9909928380002,1507.205113119031,60.056640625,40.964752197265625,BUY,LOW
2022-01-03,1704.249267578125,1718.253563550426,1694.6438608427336,1694.6438608427336,3329616,0.005667989480875324,0.010945917127004219,1628.7164916992188,1581.5096337890625,1642.4894626729133,9.605406735391398,23.60970270769235,70.68579471405275,37.69467251635797,30.43404781854401,1737.4501597090148,1519.9828236894227,89.366455078125,47.20685791015626,BUY,LOW
2022-01-04,1704.8779296875,1711.6107229414722,1685.8914307946536,1704.2494699005285,3921999,0.00036887920173112043,0.010967874708235998,1637.1324768066406,1585.000947265625,1648.4312214362071,0.6284597869714617,25.71929214681859,70.78448225367606,37.93437172695485,31.93411260022618,1742.0189827749352,1532.245970838346,78.5941162109375,52.13152954101565,BUY,LOW
2022-01-05,1655.9530029296875,1708.2443650547573,1651.7786491009124,1705.640996354203,6995719,-0.028697026283154625,0.012426228304723659,1641.2305053710938,1587.7317700195313,1649.1475815784434,-49.687993424515525,56.46571595384489,55.20759693094558,33.78702656110727,32.304695392402394,1742.2627436011421,1540.1982671410456,17.9093017578125,53.49873535156257,BUY,LOW
2022-01-06,1631.8494873046875,1641.0060417349105,1615.8702817958638,1641.0060417349105,6449205,-0.01455567614682085,0.012973857459044516,1643.67001953125,1589.7803344726562,1647.5001440285619,-9.156554430222968,25.135759939046693,49.435705067975206,28.229857146997574,31.48972774332143,1741.2637123916863,1546.0763266708138,-35.7286376953125,53.88968505859384,BUY,LOW
2022-01-07,1628.70751953125,1648.1876896772642,1621.9747266812612,1629.739793435008,4834389,-0.0019254029234198056,0.012966888378636547,1646.1409545898437,1591.31271484375,1645.710370266913,-1.032273903758096,26.212962996002943,48.72065171147409,23.303600408751436,29.852502276407435,1739.4999084950014,1552.782000684686,-44.1671142578125,54.828239746093686,BUY,LOW
2022-01-10,1661.428955078125,1678.6200425032102,1627.5405622351159,1629.3359737764672,7857560,0.020090430697030426,0.01337130398745108,1650.9032836914062,1593.9492724609374,1647.2073783441715,32.0929813016578,51.07948026809436,55.87822776261942,21.78868642202724,28.2397391055314,1736.887263592852,1564.9193037899604,-13.8245849609375,56.95401123046872,BUY,LOW
2022-01-11,1665.78271484375,1678.7096991495666,1660.8902624950238,1665.2441133275113,5142287,0.0026204910852900554,0.013368261734596007,1655.5466674804688,1597.3219506835937,1648.976458010798,0.5386015162387139,17.81943665454287,56.743380618251315,20.70079235194271,26.731949754813662,1733.8719314881057,1577.221403472832,-29.085693359375,58.2247167968751,BUY,LOW
2022-01-12,1685.397705078125,1695.7662508688193,1669.7327827506638,1677.7223862621913,5362535,0.011775239387217917,0.013128363356186877,1661.976495361328,1600.5070092773437,1652.4451482076863,7.675318815933679,26.033468118155497,60.5011700933877,21.177275793200124,25.621014962490957,1726.765055924918,1597.187934797738,-7.271484375,61.46948608398429,BUY,LOW
2022-01-13,1702.768310546875,1716.8622469895265,1675.4331047076187,1710.1294538640775,14277630,0.010306532052590356,0.012567492853318265,1667.5961364746095,1604.0780834960938,1657.2378303352284,-7.3611433172025045,41.42914228190784,63.52326032999133,22.69494187951932,25.035800345896632,1725.7226339536746,1609.4696389955443,3.546142578125,63.5180529785157,BUY,LOW
2022-01-14,1731.9886474609375,1735.2652955175927,1688.5845943448485,1689.482300136632,7688506,0.01716048903017109,0.011678295279551276,1672.4661987304687,1608.1509765625,1664.3569557757721,42.50634732430558,46.68070117274419,67.9636508026597,25.956331736537777,25.219906624024865,1734.8776037148186,1610.0547937461188,37.3446044921875,64.31522216796861,BUY,LOW
2022-01-17,1741.100341796875,1754.0273268080673,1733.0209898627827,1740.2475651482325,5262464,0.005260827979037375,0.011135564855879701,1678.7770751953126,1612.2947875976563,1671.665849682544,0.8527766486424753,21.006336945284602,69.22184126918782,28.942611865142226,25.96444767224834,1742.1397982274002,1615.414352163225,36.85107421875,66.4822875976563,BUY,LOW
2022-01-18,1724.268310546875,1746.0376748737065,1715.9196032810285,1725.48019138657,3690315,-0.009667467661644835,0.01150226851674758,1683.6763000488281,1615.5848779296875,1676.6756078600993,-1.2118808396949134,30.118071592678007,64.20538644631662,29.609733554332024,26.69350484866508,1745.1710725662338,1622.1815275314225,19.390380859375,68.09142211914059,BUY,LOW
2022-01-19,1676.0616455078125,1720.0043002642583,1672.2912154253556,1720.0043002642583,5747770,-0.027957751554207433,0.013360963422057372,1685.577197265625,1617.821064453125,1676.6171352551196,-43.94265475644579,47.71308483890266,52.476122974896604,25.949428452383472,26.54468956940876,1743.5623952281655,1627.5919993030845,20.108642578125,67.75613281250003,BUY,LOW
2022-01-20,1637.1458740234375,1658.9601668033267,1629.7847309693936,1655.369343931458,5533463,-0.02321858004965227,0.013807827423361726,1684.0555847167968,1619.3211279296875,1672.8579675187686,-18.223469908020434,29.17543583393308,45.284140123455046,19.68155603526725,25.17206286258046,1745.3527890370037,1622.75838039659,5.29638671875,64.73445678710937,BUY,LOW
2022-01-21,1603.0330810546875,1623.0519627022786,1594.325379291619,1611.3817881916982,8252758,-0.020836746138518936,0.014469372793894687,1680.5635070800781,1620.2619213867188,1666.2079783317133,-8.348707137010706,28.726583410659714,40.096501652411675,11.825290103720135,22.502708310808398,1751.2493990232044,1609.8776151369518,-25.6744384765625,60.30158569335936,BUY,LOW
2022-01-24,1559.13525390625,1587.7271576234307,1551.235400164719,1584.450510006209,7116712,-0.02738423034885573,0.015504378906399998,1674.7575927734374,1619.48271484375,1656.0105760054787,-25.315256099959015,36.49175745871162,34.60301638601332,2.033513887917934,18.408869426230304,1763.1034231211408,1586.411762425734,-102.293701171875,55.274877929687364,BUY,MEDIUM
2022-01-25,1545.9840087890625,1562.0080348157867,1526.548657013934,1549.978755619526,9137653,-0.00843496103640684,0.01511585904243507,1667.3133728027344,1618.3156982421874,1645.531855318201,-3.994746830463555,35.459377801852725,33.13821376635241,-6.71038177640844,13.385019185702557,1771.3275944405616,1563.2991511649072,-119.7987060546875,48.99767456054701,BUY,MEDIUM
2022-01-27,1506.888916015625,1534.807544146456,1494.6801391976826,1527.8952534020755,11231734,-0.025288161165431422,0.015787228720548812,1658.0243591308595,1616.2743188476563,1632.3277658608129,-21.00633738645047,40.127404948773346,29.18327923062884,-16.603237554871157,7.387367837587815,1782.4929615269016,1533.5557567348174,-178.5087890625,41.750040283203134,BUY,MEDIUM
2022-01-28,1513.7113037109375,1550.8315219794274,1507.6967193693058,1509.0432779159291,10998502,0.00452746557679351,0.015808780006449925,1648.7488159179688,1614.4564624023437,1621.030959941777,4.6680257950083615,43.134802610121596,30.73678083909502,-23.62060374686257,1.1857735206977384,1786.4952854813125,1511.0023463546252,-189.0570068359375,34.29235351562511,BUY,MEDIUM
2022-01-31,1558.5966796875,1570.536209998629,1539.8795367121913,1542.2584788669017,8788872,0.029652534050927493,0.017671368024022596,1641.9464477539063,1613.68083984375,1615.0848380127982,16.33820082059833,30.65667328643758,40.05405474326758,-25.26875975958751,-4.105133135359312,1783.3437892663342,1500.5491062414785,-173.3919677734375,28.265607910156405,BUY,MEDIUM
2022-02-01,1590.779541015625,1597.9162579975496,1557.2501431039855,1585.4381259763172,5119935,0.020648614069021187,0.018406138218941215,1636.2729614257812,1613.9079565429688,1612.7700478225913,5.341415039307776,40.6661148935641,45.69474812243215,-23.70479322760343,-8.025065153808136,1776.3148715660795,1496.2310512854829,-150.32080078125,22.3650048828124,BUY,MEDIUM
2022-02-02,1604.2899169921875,1609.4069054950608,1590.7345821422696,1605.9955798264787,4253717,0.008492927918809512,0.0185796763586602,1631.2435607910156,1614.8092529296875,1611.962416314934,-1.7056628342911608,18.67232335279118,47.91064293805018,-21.131572439712045,-10.646366610988919,1768.2611209976305,1494.2260005844007,-119.9783935546875,16.43430786132808,BUY,MEDIUM
2022-02-03,1560.706298828125,1597.0184507985493,1556.6216940329873,1597.0184507985493,3832922,-0.027166921453807724,0.01847056805628273,1626.4812255859374,1615.5731982421876,1607.0808813161902,-36.31215197042434,40.39675676556203,41.962166555429214,-22.351456491463523,-12.987384587083842,1766.324288400775,1486.6381627710998,-115.3553466796875,10.908027343749836,BUY,MEDIUM
2022-02-04,1562.995361328125,1574.5308575751117,1535.2114139423968,1554.8262614323921,4700077,0.0014666837070618222,0.018280114305360695,1623.0385192871095,1615.9089404296874,1602.8822603649458,8.16909989573287,39.319443632714865,42.36689600475653,-22.86988537541174,-14.963884744749423,1765.5481703853095,1480.5288681889094,-74.1505126953125,7.129578857422075,BUY,MEDIUM
2022-02-07,1539.5653076171875,1554.8263048355502,1521.9702974467775,1546.0287449587365,4310209,-0.01499048192377761,0.018509543276782132,1618.5814086914063,1616.3281689453124,1596.8520743889687,-6.4634373415490245,32.856007388772696,39.34264725277965,-24.884500490768914,-16.948007893953324,1765.60747854715,1471.5553388356625,-63.4677734375,2.2532397460938682,BUY,MEDIUM
2022-02-08,1541.6302490234375,1548.542540006406,1522.5090712178926,1535.0769527020025,6053401,0.0013412496345777125,0.01775682774066717,1612.5914733886718,1616.7043115234376,1591.5928529255848,6.5532963214350275,26.033468788513346,39.750835992953874,-26.014593924914607,-18.761325100145584,1761.8907087051289,1463.2922380722148,-17.5050048828125,-4.112838134765752,SELL,MEDIUM
2022-02-09,1559.584228515625,1564.701107408803,1548.5424040620683,1557.5194614769207,3867244,0.01164609964260932,0.018035333588537573,1607.2815490722655,1617.1468798828125,1588.5444125055888,2.0647670387043036,16.158703346734683,43.322154437921604,-25.171305870524748,-20.043321254221418,1756.1894818676496,1458.3736162768814,13.6002197265625,-9.865330810546993,SELL,MEDIUM
2022-02-10,1588.580078125,1592.4402566950537,1569.8629350970984,1576.0571267076214,4334630,0.018592038236352693,0.01839278272061602,1602.4406677246093,1618.1289697265624,1588.5478092312471,12.522951417378636,22.577321597955233,48.61924978124891,-21.9106983847646,-20.416796680330055,1747.1104923522703,1457.7708430969483,81.691162109375,-15.688302001953161,SELL,MEDIUM
2022-02-11,1545.265869140625,1567.3494100787207,1537.770047567958,1562.0081043597472,7551371,-0.0272659902895791,0.018896362272747477,1594.5655456542968,1617.6460034179688,1584.425719698807,-16.74223521912222,29.57936251076262,42.26474206037467,-22.56166134613045,-20.845769613490134,1733.5689711627288,1455.5621201458648,31.5545654296875,-23.08045776367203,SELL,MEDIUM
2022-02-14,1510.1204833984375,1542.7521732317396,1506.5745897197955,1517.1226316856573,7459637,-0.02274390863349174,0.018573844480235472,1583.4721374511719,1616.6881469726563,1577.349030527343,-7.002148287219825,36.17758351194402,37.93254457922272,-25.618182627533088,-21.800252216298727,1711.842186164573,1455.1020887377708,-48.4761962890625,-33.216009521484466,SELL,MEDIUM
2022-02-15,1560.436767578125,1568.0672652190938,1517.5263958344542,1525.2018225889456,4669915,0.033319383938461344,0.020483629943643916,1574.4389587402343,1617.4592724609374,1575.738338817894,35.23494498917944,50.540869384639564,46.40280923598095,-23.70711329660503,-22.18162443235999,1680.689942868257,1468.1879746122115,-30.3427734375,-43.02031372070314,SELL,MEDIUM
2022-02-16,1555.993408203125,1575.8775027443555,1550.2031404107388,1560.4370077977667,5350642,-0.002847510048033741,0.020463212277629077,1566.025213623047,1617.8479760742186,1573.857869235535,-4.443599594641682,25.674362333616727,45.80829166161857,-22.29412624050383,-22.204124793988758,1647.1694551621054,1484.8809720839886,-48.2965087890625,-51.822762451171684,SELL,MEDIUM
2022-02-17,1548.3629150390625,1570.0873502660593,1544.323239180745,1565.5988215345953,3937950,-0.004903936690113797,0.019733644320461197,1559.6402770996094,1617.3353857421876,1571.4297783596803,-17.235906495532845,25.764111085314198,44.74801297875597,-21.541721292366674,-22.07164409366434,1623.3749330348498,1495.905621164369,-12.3433837890625,-57.695108642578134,SELL,MEDIUM
2022-02-18,1532.3387451171875,1546.2981129893628,1529.2417041958663,1535.076791414694,5602215,-0.010349104700347778,0.019270466442171272,1554.399920654297,1616.3209765625,1567.7068228127762,-2.738046297506571,17.05640879349653,42.5221483422837,-21.985021896085755,-22.054319654148625,1608.250753918986,1500.5490873896078,-30.6566162109375,-61.921055908203016,SELL,MEDIUM
2022-02-21,1553.659423828125,1559.5843699257287,1518.4693994044533,1526.9976047218297,5120890,0.013913815583451061,0.01915585466582863,1551.9312377929687,1615.808388671875,1566.3689752904281,26.661819106295297,41.11497052127538,46.34629779046953,-20.38100074090653,-21.71965587150021,1600.9476378242432,1502.9148377616941,14.0941162109375,-63.87715087890638,SELL,MEDIUM
2022-02-22,1556.9359130859375,1571.8827354279815,1518.0653206725158,1526.009994477481,8878515,0.002108885131169469,0.01815860396907984,1551.821270751953,1615.6234594726564,1565.47058841381,30.925918608456413,53.817414755465734,46.93064442768972,-18.630654530488755,-21.101855603297917,1600.7823663927884,1502.8601751111178,15.3056640625,-63.80218872070327,SELL,MEDIUM
2022-02-23,1564.5662841796875,1578.3909732299805,1556.083009544595,1570.9849015512389,5478811,0.004900889644600781,0.01807389642634159,1552.7503845214844,1615.456484375,1565.3844642010363,-6.418617371551363,22.30796368538563,48.34166344407747,-16.438294939001707,-20.169143470438677,1601.9378648876716,1503.5629041552972,4.9820556640625,-62.706099853515525,SELL,MEDIUM
2022-02-24,1506.4849853515625,1539.5204924970208,1499.6175141781305,1517.2125256514232,13592379,-0.03712293906331843,0.01913399299623006,1552.7301879882812,1614.4501611328126,1559.774990024896,-10.72754029986072,39.90297831889029,39.69088517710815,-19.166569297328124,-19.968628635816568,1601.9932488609259,1503.4671271156365,-82.0950927734375,-61.71997314453142,SELL,MEDIUM
2022-02-25,1521.252197265625,1551.3702701049137,1505.4525974086314,1539.5654171471692,9737281,0.009802428870949731,0.01923344680943756,1553.1072326660155,1613.0676953125,1556.1061526192511,-18.313219881544228,45.91767269628235,42.507896915031075,-19.907672538800625,-19.95643741641338,1601.2731815274597,1504.9412838045714,-24.013671875,-59.96046264648453,SELL,MEDIUM
2022-02-28,1540.1038818359375,1551.2803835859368,1494.6799951900482,1510.1204894452117,15076542,0.012392215179177768,0.018213130834100512,1552.1825927734376,1611.1780249023439,1554.5821268303641,29.98339239072584,56.60038839588856,45.977026537794444,-18.757602833048395,-19.71667049974038,1600.6008684019762,1503.764317144899,29.9833984375,-58.99543212890626,SELL,MEDIUM
2022-03-02,1528.61328125,1539.0266452589117,1518.0203103545127,1535.0767183360242,6771489,-0.007460925669663054,0.017573601328283867,1549.0742797851562,1609.4526342773438,1552.108903441758,-6.463437086024214,21.006334904398955,44.225323054739604,-18.559418320205623,-19.48522006383343,1595.105145329097,1503.0434142412155,-31.823486328125,-60.378354492187555,SELL,MEDIUM
2022-03-03,1544.81689453125,1556.5319982242845,1531.0820625145825,1544.2333638859598,7344147,0.010600204433654836,0.017645009569397168,1546.1006286621093,1607.8232958984374,1551.414426402662,0.5835306452902387,25.449935709702004,47.275904835680855,-16.9000462797851,-18.968185307023766,1584.5368345898835,1507.6644227343352,-11.176513671875,-61.72266723632811,SELL,MEDIUM
2022-03-04,1547.016357421875,1558.4171765738909,1509.043360495801,1521.8356673887606,9074499,0.0014237693142864494,0.016603897166251512,1545.4161315917968,1606.0027490234374,1550.995562690206,25.180690033114388,49.37381607808993,47.69410643285939,-15.231919621174484,-18.22093216985391,1583.2707267263083,1507.5615364572852,-1.3465576171875,-60.58661743164066,SELL,MEDIUM
2022-03-07,1561.873291015625,1571.8827318127442,1522.508916707261,1523.4066224364515,9742588,0.009603604721096337,0.016748750926416044,1545.3600280761718,1603.88865234375,1552.0315368164363,38.46666857917353,49.37381510548312,50.54750218844801,-12.566231158987648,-17.08999196768066,1583.1134323996982,1507.6066237526454,29.5345458984375,-58.52862426757815,SELL,MEDIUM
2022-03-08,1596.30029296875,1615.8703218106334,1542.6623753419804,1542.6623753419804,10984500,0.02204212220745405,0.017037427539639143,1548.19677734375,1602.3571655273438,1556.2476088309425,53.63791762676965,73.20794646865306,56.47299980615298,-7.588210342962384,-15.189635642737006,1591.8476342976855,1504.5459203898145,42.640869140625,-54.160388183593795,SELL,MEDIUM
2022-03-09,1627.854736328125,1644.2378666327916,1607.7910342826165,1607.7910342826165,10193515,0.01976723521154722,0.017494850779388452,1552.5080017089845,1601.409189453125,1563.0673352592455,20.063702045508535,36.4468323501751,61.07655988142895,-1.0844126795968805,-12.368591050108982,1608.1093049111435,1496.9066985068255,70.9188232421875,-48.90118774414054,SELL,MEDIUM
2022-03-10,1639.1209716796875,1656.042703365668,1625.0269254755779,1656.042703365668,6547182,0.006920909525978569,0.017401767193272882,1556.4848388671876,1600.2942407226562,1570.310538727859,-16.921731685980603,31.01577789009025,62.59758942727346,4.922244294727079,-8.91042398114177,1623.7053022612492,1489.264375473126,74.5546875,-43.80940185546865,SELL,MEDIUM
2022-03-11,1635.6199951171875,1644.0584516957992,1625.7452311510574,1628.4383485963656,4758657,-0.002135886626422945,0.017014307217694077,1558.8368347167968,1599.1532568359376,1576.530486955414,7.181646520821914,18.313220544741853,61.78954268891413,9.29294044005519,-5.269751096902379,1633.287602848128,1484.3860665854656,129.135009765625,-40.316422119140725,SELL,MEDIUM
2022-03-14,1697.292236328125,1701.1524149287986,1644.1930282991682,1644.1930282991682,10289724,0.03770572712185438,0.017411103509240307,1566.4381530761718,1599.114658203125,1588.0316059432914,53.09920802895681,56.959386629630444,69.30606085392276,17.53109551729517,-0.7095817740628685,1661.8789312471401,1470.9973749052035,176.0400390625,-32.67650512695309,SELL,MEDIUM
2022-03-15,1651.1502685546875,1695.1826708755325,1642.8015610504856,1695.1826708755325,7140443,-0.027185635323036528,0.017805421529252668,1573.4896423339844,1598.2447827148437,1594.0429071443768,-44.032402320844994,52.381109825046906,59.82403299694087,20.10486522246765,3.4533076252432355,1672.033747449668,1474.9455372183008,111.04638671875,-24.755140380859302,SELL,MEDIUM
2022-03-16,1696.1253662109375,1700.2098618649063,1659.8580298508234,1674.221322699722,5233979,0.027238645998960642,0.017335368988295182,1580.274072265625,1598.0823046875,1603.765046103097,21.904043511215605,40.3518320140829,64.86923241669092,25.47999326351487,7.858644752897563,1692.0804018778076,1468.4677426534422,167.5120849609375,-17.80823242187512,SELL,MEDIUM
2022-03-17,1664.8851318359375,1726.557585196572,1645.539637862284,1726.557585196572,17731459,-0.0184185880344383,0.01801075001275825,1585.7186584472656,1597.2824487304688,1609.5860066490818,-61.67245336063456,81.01794733428801,59.29884871042732,26.908807154494525,11.668677233216956,1702.748472671889,1468.6888442226423,120.0682373046875,-11.563790283203161,SELL,MEDIUM
2022-03-21,1663.49365234375,1693.880969488696,1652.766003084631,1670.6303690877041,8362085,-0.0008357810791745912,0.01793314695188578,1591.4751953125,1597.43326171875,1614.7200681438121,-7.136716743954139,41.11496640406517,59.05559771163208,27.610593951133296,14.857060576800224,1711.8667488896945,1471.0836417353057,116.477294921875,-5.958066406249827,SELL,MEDIUM
2022-03-22,1694.3299560546875,1696.663969227985,1650.8809732329441,1660.755737075012,5709382,0.01853707326594911,0.01790143338356122,1599.574755859375,1598.68287109375,1622.3019622305621,33.57421897967561,45.78299599504089,62.70658799778705,30.30565234765004,17.94677893097019,1724.667165947464,1474.4823457712862,132.4566650390625,0.8918847656250364,BUY,MEDIUM
2022-03-23,1680.8643798828125,1705.6410383121752,1667.0396884977417,1702.9479208832613,6192824,-0.007947434396562314,0.018007822370522446,1605.9350036621095,1599.7260083007814,1627.8793353403003,-22.083541000448804,38.60134981443343,60.18289497800514,30.997624760296958,20.556948096835544,1733.9438201743494,1477.9261871498695,84.5640869140625,6.208995361328107,BUY,MEDIUM
2022-03-24,1693.7015380859375,1700.7934360280046,1666.2766908514945,1666.2766908514945,3784303,0.0076372361487129226,0.01801812848169135,1612.7732849121094,1600.3714599609375,1634.1481165541707,27.42484723444295,34.516745176510085,61.76282478633808,32.21056591164779,22.887671659797995,1744.1491559103388,1481.39741391388,65.8468017578125,12.401824951171875,BUY,MEDIUM
2022-03-25,1684.5897216796875,1700.2546427439086,1667.9372366516275,1698.4592312943375,3438588,-0.0053798241315570206,0.018148459976927735,1618.7744567871093,1600.7476000976562,1638.952078947077,-13.869509614650042,32.31740609228109,59.944635125184206,32.0669354090835,24.7235244096551,1751.7492677819948,1485.7996457922238,45.46875,18.026856689453098,BUY,MEDIUM
2022-03-28,1682.2109375,1688.494878163367,1663.1346890576358,1675.11903969184,4008555,-0.0014120851795983436,0.015462096778660455,1627.5607543945312,1600.6838647460938,1643.0719702378317,7.091897808159956,25.36018910573125,59.45257579310219,31.399208665856122,26.058661260895306,1752.686917104547,1502.4345916845152,46.5909423828125,26.876889648437327,BUY,MEDIUM
2022-03-29,1693.0731201171875,1696.1253417201522,1670.226551592587,1682.2109019736959,3917785,0.006457087143500795,0.01543281932732048,1636.1518005371095,1600.4899609375,1647.8339845120558,10.862218143491646,25.898790127565235,61.02580168104119,31.38473409101357,27.123875826918958,1754.301724142619,1518.0018769316,-4.2191162109375,35.66183959960949,BUY,MEDIUM
2022-03-30,1709.1868896484375,1722.6974055786316,1701.1524666865591,1714.6180534941045,7795839,0.00951746817062138,0.015378318792483735,1644.6059509277343,1600.03392578125,1653.6771183345684,-5.431163845667015,21.544938892072423,63.30064246741144,32.30116173326246,28.159333008187662,1758.1634171006513,1531.0484847548173,58.03662109375,44.57202514648429,BUY,MEDIUM
2022-03-31,1711.7901611328125,1717.3110733270107,1700.4341616533945,1705.640898756571,5399145,0.0015231052263164901,0.015113853536373692,1653.764794921875,1599.4477221679688,1659.2116938391628,6.149262376241495,16.876911673616178,63.669578647714474,32.85872457157575,29.099211320865283,1757.5513266432874,1549.9782632004624,15.664794921875,54.31707275390613,BUY,MEDIUM
2022-04-01,1708.8277587890625,1714.8872723694526,1686.1606894698257,1693.8360075883895,6171518,-0.0017305873178927733,0.015158439771955412,1661.9653381347657,1599.1389111328126,1663.937033358201,14.99175120067298,28.72658289962692,62.894731008031755,32.68478615740128,29.816326288172483,1755.4271245978796,1568.5035516716518,43.942626953125,62.82642700195311,BUY,MEDIUM
2022-04-04,1690.3350830078125,1699.3570700816317,1681.4029541800826,1696.43952624763,7364074,-0.010821848888008856,0.015559574625860606,1669.1312744140625,1599.4243798828124,1666.4511333248308,-6.104443239817556,17.95411590154913,58.138240655598985,30.70083421893264,29.993227874324514,1746.9002772962322,1591.362271531893,26.8414306640625,69.7068945312501,BUY,MEDIUM
2022-04-05,1670.72021484375,1696.3048297207965,1667.17432082566,1691.0982019168066,5472024,-0.011604130069382101,0.01591591481194275,1674.5736206054687,1600.0958666992187,1666.8577125171091,-20.3779870730566,29.130508895136472,53.515277234972814,27.231870035033808,29.440956306466376,1734.8163896887077,1614.3308515222298,-23.6097412109375,74.47775390624997,BUY,MEDIUM
2022-04-06,1641.7691650390625,1667.4884571015807,1635.7545802518507,1665.244192690946,5407453,-0.01732848477409188,0.015935777199975652,1676.8470642089844,1600.8705883789062,1664.4683270430096,-23.475027651883465,31.733876849729995,47.510317362625344,21.8942004474452,27.931605134662142,1727.8215749048181,1625.8725535131507,-39.09521484375,75.97647583007824,BUY,MEDIUM
2022-04-07,1625.7451171875,1641.1407927539321,1622.6480761757875,1634.7671038301394,5797544,-0.009760231945385112,0.015519134302552208,1676.7415832519532,1602.2027856445313,1660.7804022948658,-9.021986642639376,18.49271657814461,44.5318318590837,16.184487404082574,25.58218158854623,1728.1282390624908,1625.3549274414156,-67.9564208984375,74.53879760742188,BUY,MEDIUM
2022-04-08,1628.9769287109375,1649.9832664242795,1623.0520923259508,1636.5176793751152,5131446,0.0019878955743251048,0.015443180906974264,1676.2343811035157,1603.8626440429687,1657.7515000487776,-7.540750664177722,26.93117409832871,45.27696894511059,11.784435227772292,22.822632316391445,1729.2701213263447,1623.1986408806868,-55.61279296875,72.37173706054705,BUY,MEDIUM
2022-04-11,1585.842041015625,1628.4381324552166,1582.2512182318208,1628.4381324552166,8248407,-0.026479741324173633,0.016525414735506526,1673.7454833984375,1605.4417065429689,1650.9029801408585,-42.596091439591646,46.18691422339589,37.94933373052274,4.761845641262198,19.210474981365596,1737.7162630821467,1609.7747037147283,-96.368896484375,68.30377685546864,BUY,MEDIUM
2022-04-12,1564.207275390625,1577.7177902011679,1551.0110452461267,1577.7177902011679,6456184,-0.013642446766731209,0.013909375936906788,1667.0912353515625,1606.4516259765626,1642.646246355122,-13.510514810542873,26.70674495504113,34.89861031447985,-2.5202995335394007,14.864320078384598,1745.8565733694395,1588.3258973336856,-128.8658447265625,60.639609374999964,BUY,LOW
2022-04-13,1569.683349609375,1577.7177718117732,1554.8262764028398,1575.4285784375936,6257693,0.003500862260970239,0.012868711570623328,1663.017889404297,1606.673359375,1635.6973990460033,-5.745228828218615,22.89149540893345,36.29458280012294,-7.760124738130116,10.339431115081656,1752.3736180439018,1573.662160764692,-139.5035400390625,56.34453002929695,BUY,LOW
2022-04-18,1455.540283203125,1481.2146485276237,1427.3522976720737,1441.2667383097576,30523965,-0.07271725627634085,0.018783202498726014,1650.9886352539063,1603.96857421875,1618.5395784895386,14.273544893367443,53.86235085554995,24.50119170726282,-20.882396224411877,4.09506564718295,1776.6699975553588,1525.3072729524538,-256.2498779296875,47.02006103515623,BUY,MEDIUM
2022-04-19,1402.2164306640625,1469.2301891678217,1391.4439612863616,1469.2301891678217,17044923,-0.03663509224335293,0.019759584962364275,1637.8552001953126,1599.9271044921875,1597.937373934731,-67.01375850375916,77.78622788146004,21.0586167873239,-35.179156751259825,-3.759778832505605,1803.5197884332424,1472.1906119573828,-306.611328125,37.92809570312511,BUY,MEDIUM
2022-04-20,1425.2872314453125,1433.007587781904,1403.1139454937625,1413.8864134054227,10678747,0.016453095454261657,0.020471288752752028,1625.9448791503905,1597.2187231445312,1581.4945032214532,11.400818039889828,29.893642288141564,25.90911981328189,-44.13901457463044,-11.83562598093057,1815.1085517422941,1436.781206558487,-265.0478515625,28.726156005859366,BUY,MEDIUM
2022-04-21,1453.2060546875,1460.7466950238763,1426.6788069866927,1431.8406148458548,7766514,0.01958820834581987,0.02054285629041839,1613.8886840820312,1595.0229370117188,1569.2765557420291,21.365439841645184,34.06788803718359,31.402146370320295,-48.42869489470763,-19.154239763685986,1814.4726421072787,1413.3047260567837,-217.51416015625,18.86574707031241,BUY,MEDIUM
2022-04-22,1423.2674560546875,1445.934524945016,1420.5295194238047,1440.2341156753782,8134245,-0.020601757428853062,0.020753116512162478,1601.008837890625,1592.6969799804688,1555.3709272003775,-16.966659620690734,25.40500552121125,28.92559002513599,-53.62592586382789,-26.04857698371437,1815.3461986440589,1386.6714771371912,-218.501708984375,8.311857910156277,BUY,MEDIUM
2022-04-25,1401.4083251953125,1411.9115474766672,1395.1243853901856,1411.9115474766672,7000570,-0.015358414025687606,0.020472056920120704,1586.3941772460937,1589.8925415039062,1540.7078222475143,-10.503222281354738,16.787162086481658,27.236597095847387,-58.83045713766069,-32.604953014503636,1812.9683077011719,1359.8200467910156,-224.3367919921875,-3.4983642578124545,SELL,MEDIUM
2022-04-26,1419.2725830078125,1429.147344812421,1406.3007806523135,1415.8612578238474,5345435,0.01274736098774798,0.021044396072355042,1573.1283203125,1587.08630859375,1529.1425613675426,3.4113251839651184,22.84656416010739,30.793167021525946,-60.812579795789816,-38.246478370760876,1806.1290868639667,1340.1275537610331,-209.704345703125,-13.957988281249982,SELL,MEDIUM
2022-04-27,1393.95751953125,1411.8667052446997,1391.7580747141747,1411.8667052446997,8819356,-0.01783664658899642,0.021081247359535395,1558.7156494140625,1583.193857421875,1516.267795478372,-17.909185713449688,20.108630530525033,28.655660264157675,-63.69193930902679,-43.33557055841406,1798.5053251298616,1318.9259736982633,-191.884521484375,-24.478208007812555,SELL,MEDIUM
2022-04-28,1420.7091064453125,1437.9451226972992,1398.131784782489,1409.3980358449844,9245177,0.01919110628497367,0.021758435851784184,1545.0974487304688,1580.7027221679687,1507.1669679514139,11.311070600328094,39.81333791481029,33.878994316240906,-63.08798396803036,-47.286053240337324,1783.7520992490417,1306.442798211896,-143.4981689453125,-35.60527343749982,SELL,MEDIUM
2022-04-29,1407.19873046875,1433.9054772566708,1401.1392164916588,1427.3521812703787,9831395,-0.009509600463085799,0.021341133266452934,1529.9980407714843,1578.644287109375,1497.6461834292554,-20.15345080162865,32.76626076501202,32.58162509845843,-62.97359898996092,-50.42356239026204,1763.3694531312358,1296.6266284117328,-162.484619140625,-48.646246337890716,SELL,MEDIUM
2022-05-02,1383.364501953125,1393.9125440673035,1374.387444834675,1392.2518104170338,7072627,-0.01693735788667572,0.02124045740808214,1513.5767578125,1575.102841796875,1486.762213764862,-8.887308463908766,19.525099232628463,30.37197048286714,-64.06763925636687,-53.15237776348302,1739.5727442965397,1287.5807713284605,-72.17578125,-61.526083984374964,SELL,MEDIUM
2022-05-04,1378.4720458984375,1409.3979637538907,1373.6244131510482,1388.9751588651002,6220959,-0.0035366355344379485,0.0212055836062245,1497.0589721679687,1571.5524145507814,1476.4488644442501,-10.503112966662684,35.77355060284253,29.923356833668777,-64.58495915883827,-55.43889404255407,1711.5558320431323,1282.562112292805,-23.744384765625,-74.49344238281265,SELL,MEDIUM
2022-05-05,1422.998291015625,1426.8135404517482,1398.1317759996657,1400.4658986154006,6144870,0.032301159279706004,0.023260199688928063,1483.6921325683593,1569.0451220703126,1471.3583336415238,22.532392400224353,28.68176445208246,38.78530181038251,-60.702304666710006,-56.49157616738526,1680.9738579943432,1286.4104071423753,-2.2889404296875,-85.35298950195329,SELL,MEDIUM
2022-05-06,1385.0252685546875,1402.0816774855332,1378.0232295856404,1391.4438864637286,6171472,-0.026685220003908272,0.023614401685395196,1469.4073852539063,1566.0988525390626,1463.136136966587,-6.4186179090411315,24.058447899892826,34.749347924406536,-59.997761717719186,-57.19281327745205,1651.2177052652805,1287.5970652425322,-68.1807861328125,-96.69146728515625,SELL,MEDIUM
2022-05-09,1409.71240234375,1424.4797297736256,1366.4430228960239,1382.4670508873894,6832202,0.0178243201402557,0.024266047659035277,1457.8045471191406,1563.219912109375,1458.0481622406026,27.245351456360595,58.03670687760177,39.18036113723479,-56.792690196530884,-57.11278866126782,1622.993743564608,1292.6153506736732,-13.5550537109375,-105.41536499023437,SELL,MEDIUM
2022-05-10,1394.1370849609375,1408.6350553142338,1387.8980735846474,1398.6256138886934,6212545,-0.011048577963077677,0.024274616054827464,1446.2241455078124,1559.963935546875,1451.9613929758725,-4.488528927755851,20.736981729586432,37.452343751371245,-54.87685959141936,-56.66560284729813,1594.2813977750907,1298.1668932405341,-7.271240234375,-113.73979003906265,SELL,MEDIUM
2022-05-11,1370.572265625,1391.39899537121,1356.9720014786396,1391.39899537121,7846080,-0.01690279929437344,0.024258860326748292,1433.3039123535157,1556.0840551757813,1444.2100475138848,-20.82672974621005,34.42699389257041,34.941427598068046,-54.63029003767247,-56.258540285373,1558.6759414595074,1307.931883247524,-48.7003173828125,-122.78014282226559,SELL,MEDIUM
2022-05-12,1354.4583740234375,1371.2454264087073,1350.4186984628227,1359.126399726863,7034979,-0.011757053608708712,0.023899333138926216,1421.7347290039063,1553.0435229492186,1435.6622690862232,-4.668025703425428,20.826727945884613,33.297488609794044,-55.09998000181099,-56.026828228660605,1530.235923985391,1313.2335340224215,-39.4991455078125,-131.30879394531235,SELL,MEDIUM
2022-05-13,1350.508544921875,1372.8165107722343,1344.852954894135,1363.8843824412697,6723761,-0.0029161686895031735,0.0238764250767324,1411.0497924804688,1549.6286499023438,1427.5523905943805,-13.375837519394736,27.963555878099214,32.889020142092406,-55.15513679661058,-55.85248994225061,1501.9936565030885,1320.1059284578491,-70.2005615234375,-138.578857421875,SELL,MEDIUM
2022-05-16,1336.773681640625,1357.196488541389,1327.3926998865318,1355.5357547320384,6145331,-0.010170141709132663,0.023754094552853364,1399.4043090820312,1545.5620458984374,1418.9067992654514,-18.762073091413413,29.80378865485727,31.44450360155666,-55.665460851477974,-55.81508412409609,1461.0385877575854,1337.770030406477,-70.425048828125,-146.1577368164062,SELL,MEDIUM
2022-05-17,1363.121337890625,1369.0013547558183,1329.4125506103449,1341.9804318999065,6516378,0.01970988553399966,0.018949368755056196,1394.7833618164063,1542.25220703125,1413.5938981821346,21.140905990718466,39.58880414547343,37.14742024104024,-53.32911582778161,-55.3178904648332,1452.6315508539162,1336.9351727788965,-20.2431640625,-147.46884521484367,SELL,MEDIUM
2022-05-18,1354.8175048828125,1391.1745885847754,1351.3165400447583,1366.3081825774632,6594126,-0.00609177831568708,0.01726030115790614,1392.4134155273437,1538.4522192382813,1407.9961464393418,-11.490677694650685,39.85804854001708,36.12739094808469,-51.553320897272215,-54.564976551321,1452.682397888553,1332.1444331661344,-23.654541015625,-146.0388037109376,SELL,MEDIUM
2022-05-19,1281.1607666015625,1332.8236661016863,1272.6325620859147,1329.502198702564,16561140,-0.05436653867830055,0.020353899256897443,1385.2070922851562,1533.135107421875,1395.9165864547915,-48.3414321010016,60.19110401577154,28.62023085738059,-55.450277542274534,-54.74203674951171,1460.5988602719262,1309.8153242983863,-141.8375244140625,-147.92801513671884,SELL,MEDIUM
2022-05-20,1306.2965087890625,1316.709873291496,1298.7108296562692,1304.3664195619865,10488908,0.019619506655808472,0.02035589986826843,1377.8616149902343,1528.0235717773437,1387.3813409628171,1.930089227075996,17.999043635226826,33.684513672048254,-55.86640627719362,-54.966910655048096,1453.9451138148129,1301.7781161656558,-78.728759765625,-150.16195678710938,SELL,MEDIUM
2022-05-23,1318.191162109375,1335.7861731182122,1301.718283302418,1306.2516316480803,5887569,0.009105630490690686,0.020250050126837074,1372.6078002929687,1522.4613891601562,1380.7918001196322,11.93953046129468,34.06788981579416,35.99858708348708,-54.60691762769238,-54.89491204957696,1449.9257349960114,1295.289865589926,-91.521240234375,-149.85358886718745,SELL,MEDIUM
2022-05-24,1293.593994140625,1319.2235373026542,1288.4321860446441,1318.3706510846894,5693167,-0.018659788258168497,0.020363814693041857,1367.2170837402343,1515.7761743164062,1372.4872471692506,-24.77665694406437,30.79135125801008,33.40283338065089,-54.96000496102988,-54.90793063186754,1450.5511463589623,1283.8830211215063,-100.5430908203125,-148.5590905761719,SELL,MEDIUM
2022-05-25,1266.1690673828125,1294.9405813245614,1256.114806529215,1288.2077880074494,9630092,-0.021200567474829457,0.020327100604479852,1359.5619079589844,1508.3171362304688,1362.3617062372089,-22.03872062463688,38.82577479534643,30.741224469649552,-56.79805893835851,-55.28595629316574,1450.1728590009482,1268.9509569170207,-104.4031982421875,-148.75522827148438,SELL,MEDIUM
2022-05-26,1278.2880859375,1283.7192496732532,1263.1169461079405,1272.946780445226,13040065,0.009571406273364058,0.020374984575774364,1353.7784362792968,1501.170498046875,1354.3546947800937,5.341305492273932,20.602303565312695,33.271562526713964,-56.624099076480206,-55.55358484982864,1449.4916823853607,1258.0651901732328,-76.1702880859375,-147.3920617675783,SELL,MEDIUM
2022-05-27,1311.8624267578125,1316.9344867454283,1290.3624154053166,1296.2423229942874,8284860,0.026265081549038394,0.020856710731604243,1348.3361022949218,1493.4619018554688,1350.307812111305,15.620103763525094,26.572071340111734,39.83011023297338,-53.16422186482441,-55.0757122528278,1440.5206830686964,1256.1515215211473,-38.6461181640625,-145.12579956054697,SELL,MEDIUM
2022-05-30,1370.616943359375,1373.4895574239742,1333.0928057350338,1334.888216921209,10904213,0.04478710221678561,0.02344355784183843,1346.507012939453,1487.8512353515625,1352.2420150873118,35.72872643816595,40.39675168894041,49.23364537274129,-45.16066179215113,-53.09270216069247,1435.3379762211666,1257.6760496577394,33.84326171875,-141.3442224121095,SELL,MEDIUM
2022-05-31,1364.0850830078125,1377.148968893097,1350.0686901713195,1370.526271451383,16033857,-0.004765635200417839,0.023165884293320452,1345.5430419921875,1481.2104296875,1353.3699263178357,-6.4411884435705815,27.080278721777404,48.32936451501461,-38.896474962208,-50.25345672099558,1433.1633928691126,1257.9226911152623,0.9637451171875,-135.66738769531253,SELL,MEDIUM
2022-06-01,1341.3597412109375,1374.2008054510288,1335.5081512821491,1372.6131828007306,8738508,-0.016659768573061062,0.023442239566437453,1343.6874267578125,1474.739921875,1352.2260991647977,-31.253441589793056,38.6926541688797,45.21759769215756,-35.35821938451386,-47.27440925369923,1430.00190293439,1257.372950581235,-13.457763671875,-131.0524951171874,SELL,MEDIUM
2022-06-02,1368.0767822265625,1373.3839544916243,1338.6830679397901,1346.3036769391372,7205840,0.019917878996059457,0.022664173410052356,1340.9413513183595,1468.8315844726562,1353.735688027823,21.773105287425324,34.700886551834174,49.34679387912431,-30.051865225421352,-43.82990044804366,1420.1937996750646,1261.6889029616543,86.916015625,-127.89023315429677,SELL,MEDIUM
2022-06-03,1380.505859375,1410.7160939809075,1377.1492158604615,1383.4090071722164,9395707,0.009085072789707827,0.02199189461507327,1340.715380859375,1462.5551025390625,1356.2852281561256,-2.903147797216434,33.56687812044606,51.1899777453251,-24.56050051086754,-39.97602046060844,1419.4880793513767,1261.9426823673734,74.2093505859375,-121.8397216796875,SELL,MEDIUM
2022-06-06,1388.0811767578125,1394.0233549555946,1354.4688936722575,1375.3347908956077,6624883,0.005487348953550963,0.021637785646691235,1339.6338195800781,1456.6994384765626,1359.3134137372388,12.746385862204761,39.554461283337105,52.32856566785587,-19.373958672507115,-35.85560810298818,1415.112590489412,1264.1550486707442,69.8900146484375,-117.06561889648447,SELL,MEDIUM
2022-06-07,1366.8975830078125,1378.8274543628195,1363.1780324002411,1378.8274543628195,4904592,-0.015261062612691889,0.02176548911458838,1338.2718444824218,1450.163359375,1360.0357155725314,-11.92987135500698,15.649421962578344,48.893816738753,-16.779502218834295,-32.0403869261574,1410.6884608431062,1265.8552281217374,73.3035888671875,-111.89151489257824,SELL,MEDIUM
2022-06-08,1360.8192138671875,1379.1448683164317,1353.5615113932292,1379.1448683164317,4697608,-0.004446835824560957,0.021455268062773033,1337.7841918945312,1443.68794921875,1360.1103344577368,-18.32565444924421,25.583356923202473,47.921827069281925,-15.04047316556398,-28.64040417403872,1409.4516771091085,1266.116706679954,94.650146484375,-105.90375732421876,SELL,MEDIUM
2022-06-09,1374.4273681640625,1376.1963887958834,1344.0357398911278,1347.2109846360613,4361061,0.009999972191899964,0.021386567545240785,1338.7826416015625,1437.5322778320312,1361.473861477387,27.216383528001188,32.16064890475559,50.30375240298817,-12.421033841848612,-25.396530107600704,1411.8933770184778,1265.6719061846472,96.1392822265625,-98.7496362304687,SELL,MEDIUM
2022-06-10,1339.77197265625,1355.3305843397889,1336.868825108461,1348.208985661335,6516436,-0.02521442479285363,0.022165778562045782,1338.2458129882812,1430.4662548828126,1359.4070149229929,-8.437013005084964,18.46175923132796,44.69704910475372,-12.991749297203569,-22.915573945521277,1411.1616774267814,1265.329948549781,27.9095458984375,-92.2204418945314,SELL,MEDIUM
2022-06-13,1292.3245849609375,1309.6523266400254,1280.7122172604907,1309.6523266400254,6987685,-0.0354145247577039,0.023447260416136068,1336.0233581542968,1422.1290087890625,1353.0182120694637,-17.32774167908792,28.94010937953476,38.388437908755506,-17.0758137088917,-21.747621898195362,1411.6426973964785,1260.4040189121151,-78.2923583984375,-86.10565063476565,SELL,MEDIUM
2022-06-14,1306.8853759765625,1314.4605803173629,1272.955596856659,1279.1699820676001,6090247,0.011267131481573767,0.023120419500870383,1333.2115600585937,1414.0309130859375,1348.6246086320446,27.71539390896237,41.5049834607039,41.13427491470395,-18.91943852353893,-21.18198522326408,1408.7734812439369,1257.6496388732505,-57.19970703125,-80.81935302734382,SELL,MEDIUM
2022-06-15,1290.238037109375,1312.1926539494157,1287.1988962903904,1306.5678679807882,4651958,-0.01273817824669421,0.023232112444826383,1329.9825866699218,1405.6591186523438,1343.0639827727425,-16.32983087141315,24.993757659025277,38.99453581171198,-21.476260626715884,-21.240840303954442,1407.0791509333499,1252.8860224064938,-51.1217041015625,-75.67653198242192,SELL,MEDIUM
2022-06-16,1267.5577392578125,1309.7885413741665,1262.8402767742612,1304.5720675297325,6641772,-0.017578382592389752,0.02013242322675412,1329.3024353027345,1397.2035717773438,1335.872911961797,-37.01432827192002,46.948264599905315,36.22945756316516,-25.04397964583427,-22.00146817233041,1408.3257741946295,1250.2790964108394,-100.51904296875,-67.9011364746093,SELL,MEDIUM
2022-06-17,1258.576416015625,1267.3309313181774,1240.2960551585052,1261.9784641623437,9692047,-0.007085533829367274,0.01961786104983453,1326.9164306640625,1388.9606958007812,1328.5113409193043,-3.4020481467186983,27.034876159672194,35.166041034360774,-28.27025845624894,-23.255226229114115,1411.2757540786668,1242.5571072494583,-121.929443359375,-62.04426513671865,SELL,MEDIUM
2022-06-20,1282.9351806640625,1290.3742823551895,1253.7682629623148,1261.0713713096377,4595194,0.019354219845904908,0.020043560994392747,1325.153631591797,1381.7840161132813,1324.1707542283289,21.863809354424802,36.606019392874714,40.285466604312894,-28.532652270729614,-24.310711437437217,1411.6158176197666,1238.6914455638273,-105.14599609375,-56.6303845214843,SELL,MEDIUM
2022-06-21,1315.367919921875,1320.9018961015715,1290.737069147329,1291.8710851982403,6270787,0.025280107480585956,0.020429386201403263,1326.2423278808594,1375.5764721679689,1323.3323890562856,23.49683472363472,30.16482695424247,46.35883905003163,-25.825845976372193,-24.613738345224213,1411.6292031115615,1240.8554526501573,-51.5296630859375,-49.33414428710944,SELL,MEDIUM
2022-06-22,1303.8914794921875,1324.1676615992408,1301.8502508758318,1302.8028685276272,6253366,-0.008724890014323194,0.019898361908315437,1328.1284484863281,1369.0747631835939,1321.4808738597048,1.0886109645603028,22.31741072340901,44.62911660215107,-24.326316680581385,-24.55625401229565,1409.7056598708532,1246.551237101803,-56.927734375,-40.946314697265734,SELL,MEDIUM
2022-06-23,1317.6812744140625,1322.7163500853471,1300.036028581826,1306.2051203282867,6254281,0.010575876243355431,0.019920646262141992,1330.0981079101562,1363.7115478515625,1321.1190072458342,11.476154085775761,22.6803215035211,47.17936661739149,-21.774208188053535,-23.99984484744723,1408.6114158630858,1251.5847999572266,-56.74609375,-33.61343994140634,SELL,MEDIUM
2022-06-24,1307.3843994140625,1331.334840499222,1296.3164470818606,1322.716318533469,6114340,-0.007814389716191972,0.019152113515602167,1329.8742065429688,1358.5750903320313,1319.810949357094,-15.331919119406393,35.018393417361494,45.494399013752194,-20.347956996607763,-23.269467277279336,1408.6194508167264,1251.1289622692111,-32.3875732421875,-28.700883789062573,SELL,MEDIUM
2022-06-27,1337.776123046875,1346.303946473831,1329.2030054210798,1331.8339449854482,4511097,0.02324620337096972,0.016984011924254475,1328.2321655273438,1353.9369458007814,1321.5219182799303,5.94217806142683,17.100941052751296,51.051099222025265,-16.5742271750903,-21.93041925684153,1404.851498839338,1251.6128322153495,45.4515380859375,-25.704780273437564,SELL,MEDIUM
2022-06-28,1342.81103515625,1350.1594366168376,1318.1801857243508,1332.6955903847702,4412178,0.003763643275309425,0.01699353146840138,1327.1684631347657,1351.6823608398438,1323.5494532205323,10.115444771479815,31.97925089248679,51.92550261137953,-13.027075754348743,-20.149750556342976,1402.3443817231914,1251.99254454634,35.9256591796875,-24.51389770507808,SELL,MEDIUM
2022-06-29,1327.4793701171875,1339.9535483773013,1321.8092890898631,1328.7947846180189,5060038,-0.01141758939840598,0.01677255858080743,1326.4744445800782,1350.1876196289063,1323.9237310202138,-1.3154145008313662,18.144259287438217,49.05202422480294,-11.322550618657715,-18.384310568805926,1401.3692571276765,1251.5796320324798,37.2413330078125,-23.713175048828134,SELL,MEDIUM
2022-06-30,1326.2545166015625,1344.4894731370582,1319.9947256507555,1329.1122592903828,9165177,-0.0009226911869197885,0.016077744009445,1324.3833312988281,1348.2069653320314,1324.14571059939,-2.857742688820281,24.494747486302686,48.81958957836704,-9.955773648993272,-16.698603184843396,1396.809850624642,1251.9568119730143,58.69677734375,-23.823634033203234,SELL,MEDIUM
2022-07-01,1342.1307373046875,1347.2111072100613,1308.5184562919433,1319.0875083390094,4651635,0.011970719424056586,0.01618961252681165,1322.4645751953126,1345.985458984375,1325.8585702856087,23.043228965678054,38.692650918118034,51.9948504716006,-7.505001737480143,-14.859882895370745,1390.7574785906766,1254.1716717999486,83.5543212890625,-23.52088378906251,SELL,MEDIUM
2022-07-04,1349.9327392578125,1353.7883939230314,1326.345204835297,1342.901839574178,4800224,0.005813146019435722,0.01619694628539753,1320.5571533203124,1344.5187646484376,1328.1513482829614,7.030899683634516,27.44318908773448,53.5209283804278,-4.876972286472665,-12.86330077359113,1383.3198807037052,1257.7944259369197,66.99755859375,-23.961611328125173,SELL,MEDIUM
2022-07-05,1339.000732421875,1369.8459686483452,1335.4172860401247,1359.7306341867263,7379669,-0.008098186315525502,0.015948521873654208,1319.1623107910157,1343.2706127929687,1329.184622962858,-20.72990176485132,34.42868260822047,51.071062575276564,-3.634465742977909,-11.017533767468487,1378.911148797847,1259.4134727841843,23.6328125,-24.108302001953007,SELL,MEDIUM
2022-07-06,1353.2442626953125,1360.819468923566,1333.6030795450947,1344.671033594831,5209162,0.01063743277247875,0.016128082191703846,1318.7835632324218,1341.9500463867187,1331.4760172230917,8.573229100481512,27.216389378471376,54.023987411462606,-1.4833375091054677,-9.110694515795885,1377.559461512719,1260.0076649521245,49.352783203125,-23.166483154296884,SELL,MEDIUM
2022-07-07,1359.639892578125,1373.4748889332016,1356.9182539508968,1363.5863571826133,3323472,0.004726145943581672,0.01599588261686183,1318.044189453125,1341.2636938476562,1334.1582910664283,-3.9464646044882556,16.556634982304786,55.327680824256234,0.7291161976470448,-7.142732373107299,1374.32047973936,1261.76789916689,41.9586181640625,-23.219504394531214,SELL,MEDIUM
2022-07-08,1373.928466796875,1376.1964989390626,1360.7738803721873,1374.427478165659,3652582,0.01050908721989341,0.01504777941751136,1319.7520141601562,1340.3280810546876,1337.9459268502803,-0.4990113687840676,15.422618566875371,58.18073992351375,3.594040364858756,-4.995377825514089,1380.4607068303421,1259.0433214899704,66.5440673828125,-20.576066894531323,SELL,MEDIUM
2022-07-11,1336.4605712890625,1360.7285139218584,1330.3368848303196,1356.2831490104652,4702638,-0.02727063046823952,0.01407907591740586,1321.9588134765625,1338.9133178710938,1337.8044644158786,-19.822577721402695,30.39162909153879,49.29089715249928,2.8087893970666755,-3.434544380997936,1381.7204057796625,1262.1972211734624,-1.3155517578125,-16.95450439453134,SELL,LOW
2022-07-12,1305.116455078125,1332.3328420632538,1302.7577236881664,1326.163860792882,4710356,-0.023453079637587027,0.014960024834423756,1321.8703674316407,1337.3483569335938,1334.691320669426,-21.047405714756906,29.575118375087413,43.32670153794623,-0.3388300548915595,-2.815401515776661,1381.7260933687764,1262.014641494505,-37.694580078125,-15.477989501953061,SELL,LOW
2022-07-13,1310.423583984375,1324.5307883911123,1305.1164108508747,1315.458659703502,5264025,0.0040664025693648576,0.014673822414953703,1322.8796447753907,1335.9873876953125,1332.380107651802,-5.035075719127008,19.414377540237638,44.55011732047839,-2.377691649460985,-2.7278595425135257,1381.2296085317585,1264.529681019023,-17.0557861328125,-13.107742919921748,SELL,LOW
2022-07-14,1296.2711181640625,1318.134926705403,1282.799028870994,1316.3659058640824,6157606,-0.01079991690723514,0.01429855824261159,1324.3153137207032,1333.4528442382812,1328.9411562720172,-20.09478770001988,35.3358978344088,41.949482584663215,-5.076965765921159,-3.1976807871950523,1378.4075847097577,1270.2230427316488,-29.9833984375,-9.137530517577943,SELL,LOW
2022-07-15,1297.6318359375,1311.8297387301836,1279.7597876672385,1311.8297387301836,5620018,0.0010497169568699505,0.014165005638617634,1326.268084716797,1331.7049755859375,1325.9593162401584,-14.197902792683635,32.069951062945165,42.29825336462318,-7.02537722263537,-3.9632200742831163,1373.0527145168307,1279.483454916763,-44.4989013671875,-5.436890869140598,SELL,LOW
2022-07-18,1351.6566162109375,1355.0132598777427,1313.6897758444204,1315.4587968254018,5835171,0.041633365317679916,0.016341496540756385,1329.7041564941405,1330.5438598632813,1328.4066781421373,36.197819385535695,41.3234840333223,54.09157247307742,-4.1621800546856775,-4.003012070363629,1373.2350951475532,1286.1732178407278,1.723876953125,-0.8397033691408069,SELL,MEDIUM
2022-07-19,1346.43994140625,1348.8893717454062,1333.6935568698457,1335.0090819172656,3418540,-0.0038594675172095583,0.015503480795563934,1331.2577575683595,1329.5899169921875,1330.1241317863385,11.430859488984424,15.195814875560473,52.96585726024628,-2.287647157609399,-3.6599390878127833,1374.8490374115765,1287.6664777251424,7.439208984375,1.6678405761720114,BUY,MEDIUM
2022-07-20,1374.6998291015625,1384.225565088128,1360.8194266522028,1361.9534428410795,5079392,0.0209885987679459,0.015912416668840954,1334.7981750488282,1329.6724682617187,1334.3694362925503,12.74638626048295,23.406138435925186,58.058092487096914,1.4614240412370236,-2.6356664620028223,1380.3802058866095,1289.2161442110469,21.45556640625,5.125706787109493,BUY,MEDIUM
2022-07-21,1390.6666259765625,1392.9799523411634,1363.6316382423909,1376.2419192424743,5008061,0.011614751480281349,0.015940918582578168,1338.447442626953,1330.3966333007813,1339.7310734053133,14.424706734088204,29.348314098772562,60.65029404656237,5.655780725048544,-0.9773770245925493,1389.3405858214383,1287.5542994324678,31.0267333984375,8.050809326171702,BUY,MEDIUM
2022-07-22,1366.53466796875,1397.1076946516139,1353.6975848594027,1391.6644179192049,7020642,-0.01735279869168238,0.016411535343975218,1341.4049560546875,1330.7171557617187,1342.2837966970692,-25.12974995045488,43.41010979221119,55.10678097410567,6.952447793222973,0.6085879389705552,1391.603764768287,1291.2061473410881,-7.393798828125,10.68780029296886,BUY,MEDIUM
2022-07-25,1364.0850830078125,1376.3778601962865,1342.7655831599945,1342.7655831599945,7859626,-0.0017925523723292258,0.015671303553354506,1342.7204040527345,1331.2633837890626,1344.3601096790449,21.31949984781795,33.61227703629197,54.561620879432816,7.69371637917402,2.025613627011248,1393.840289894201,1291.6005182112679,27.62451171875,11.457020263671893,BUY,MEDIUM
2022-07-26,1316.5018310546875,1357.780012018213,1310.9224503800992,1357.780012018213,7268273,-0.034882906166090244,0.01758954942486383,1341.4049438476563,1330.3309936523438,1341.706940286249,-41.27818096352553,46.85756163811379,45.20620030004474,4.390989715163414,2.4986888446416815,1393.786257858011,1289.0236298373018,11.3853759765625,11.073950195312591,BUY,MEDIUM
2022-07-27,1334.555419921875,1336.3244405660616,1310.9224824290286,1316.3657591726785,4517285,0.013713303271841504,0.017691641708815896,1341.7587463378907,1329.925751953125,1341.0258431086895,18.18966074919649,25.401958137033034,48.793713027650355,3.1935159169233884,2.637654259098023,1393.8538538576993,1289.663638818082,24.1318359375,11.832994384765698,BUY,MEDIUM
2022-07-28,1376.604736328125,1383.0005201751158,1351.6109791825675,1357.5532673695334,6636841,0.031508108077453745,0.019000449659710907,1344.2762573242187,1331.8346313476563,1344.414309129588,19.051468958591613,31.38954099254829,56.01688695727889,5.573292273593779,3.224781861997174,1397.9728229217678,1290.5796917266696,80.3336181640625,12.441625976562364,BUY,MEDIUM
2022-07-29,1405.9075927734375,1411.3508694220957,1386.221119858289,1390.5757854747144,7009465,0.021286325458586663,0.019367445362735873,1347.4651000976562,1333.8268530273438,1350.2708123337643,15.331807298723106,25.129749563806627,60.22730753756522,9.711825918775276,4.522190673352795,1407.4768484029435,1287.453351792369,108.2757568359375,13.638247070312445,BUY,MEDIUM
2022-08-01,1407.1326904296875,1418.8810538349696,1395.2028179881397,1418.8810538349696,2983249,0.0008713927306085445,0.0193544955267181,1350.32509765625,1335.60568359375,1355.6862292952808,-11.748363405282134,23.67823584682992,60.39799519661313,12.941319317991201,6.2060164022804765,1415.7431227649145,1284.9070725475854,55.47607421875,14.719414062499936,BUY,MEDIUM
2022-08-02,1400.3739013671875,1403.4584475765491,1386.5389037424025,1403.050246042506,4374635,-0.004803235052719956,0.019275594661815935,1353.3937561035157,1337.7412817382813,1359.9421980640338,-2.6763446753184326,16.91954383414668,58.89627903499249,14.784907106488163,7.921794543122013,1422.07548330545,1284.7120289015813,53.9339599609375,15.652474365234411,BUY,MEDIUM
2022-08-03,1420.7862548828125,1424.3244077259183,1397.017318618272,1405.272934756336,6011955,0.014576359567752828,0.019383798827634503,1356.7708557128906,1340.8336254882813,1365.7368701420128,15.513320126476401,27.307089107646334,61.97154633053381,17.689160416597133,9.875267717817039,1431.469622456674,1282.0720889691072,46.08642578125,15.937230224609266,BUY,MEDIUM
2022-08-04,1451.4498291015625,1455.0332754831431,1428.8148025431328,1440.200367858984,7402209,0.021582116320008504,0.019841398809424215,1361.3613525390624,1344.2968603515626,1373.9000090905413,11.24946124257849,26.218472940010315,66.0774149539039,22.20908376912871,12.342030928079375,1446.7240518548506,1275.9986532232742,60.783203125,17.06449218749981,BUY,MEDIUM
2022-08-05,1466.6455078125,1474.8557167166744,1453.6270270575437,1459.161002658802,5361971,0.010469310344914495,0.01984065694138012,1365.9972045898437,1347.3925219726561,1382.732913730728,7.48450515369791,21.228689659130623,67.92556572494473,26.709430181595735,15.215510778782647,1462.8795566241813,1269.114852555506,100.11083984375,18.604682617187564,BUY,MEDIUM
2022-08-08,1469.140380859375,1471.4991119109761,1447.9115799074712,1466.9630480641483,3763409,0.0017010743452221533,0.0184908152805284,1372.6311950683594,1349.3629907226561,1390.9621963144086,2.1773327952266754,23.587532003504975,68.23159076156284,30.129982854002037,18.198405193826527,1478.2880511538683,1266.9743389828504,105.0552978515625,23.268204345703225,BUY,MEDIUM
2022-08-10,1453.7633056640625,1470.7735479878663,1440.744822354331,1470.7735479878663,4423829,-0.0104667160440568,0.017651523760007882,1380.0635375976562,1351.1565551757812,1396.943254347709,-17.010242323803823,30.02872563353526,64.1678551327574,31.239880141828053,20.806700183426834,1486.5870008662519,1273.5400743290606,137.261474609375,28.906982421875,BUY,MEDIUM
2022-08-11,1469.6392822265625,1479.9815299516408,1466.05583608314,1478.756814861088,3462090,0.010920606195413685,0.017687599159516343,1388.0243225097656,1353.7221459960938,1403.8666855742665,-9.11753263452556,13.92569386850073,66.39330179706359,33.019907427682256,23.24934163227792,1496.3228452068975,1279.7257998126338,135.0838623046875,34.30217651367184,BUY,MEDIUM
2022-08-12,1446.18798828125,1464.241546222961,1442.6045418057784,1463.6065415227213,3562286,-0.015957176858924726,0.01797903640973903,1395.520166015625,1355.2843701171876,1407.8972858320744,-17.418553241471272,21.637004417182652,60.423482546386055,32.167461967369945,25.032965699296327,1497.9735292624143,1293.0668027688355,69.583251953125,40.235795898437345,BUY,MEDIUM
2022-08-16,1448.31982421875,1459.7053891087387,1443.4662579077537,1459.7053891087387,3004430,0.0014741070696027148,0.017973583257102573,1403.0545654296875,1356.6406494140624,1411.7470513927103,-11.3855648899887,16.239131200984957,60.76881704885058,31.303071815787916,26.286986922594647,1497.45138047465,1308.657750384725,42.4122314453125,46.41391601562509,BUY,MEDIUM
2022-08-17,1457.2105712890625,1462.4270449294747,1437.9322991397132,1448.319841482686,4067324,0.006138662829605623,0.015863204386322473,1408.3322631835938,1358.0232373046874,1416.0769104304582,8.890729806376612,24.49474578976151,62.2482937819044,30.97834628593182,27.225258795262082,1502.446911744039,1314.2176146231486,50.077880859375,50.30902587890637,BUY,MEDIUM
2022-08-18,1436.0726318359375,1449.9076287158357,1427.9531205875353,1446.1880779329435,4635706,-0.014505754946881999,0.0163091700505949,1412.813897705078,1359.40673828125,1417.9812648500276,-10.115446097006043,21.954508128300404,56.76701522451716,28.68468471743722,27.51714397969711,1503.1742905401866,1322.4535048699695,35.69873046875,53.407159423828034,BUY,MEDIUM
2022-08-19,1448.909423828125,1455.9857273946839,1438.0228711064906,1438.2043800980957,4739884,0.008938818070626686,0.015839236914888165,1416.5243774414062,1361.1685424804687,1420.9268038003227,10.705043730029274,17.96285628819328,59.121151568840794,27.584783023919954,27.53067178854168,1506.4130358468892,1326.635719035923,28.1231689453125,55.3558349609375,BUY,MEDIUM
2022-08-22,1429.4498291015625,1450.6332252197813,1427.9529058761323,1438.8394591610838,3950555,-0.013430511532700806,0.016089705128956622,1418.4635375976563,1362.2689916992188,1421.7385204956788,-9.389630059521323,22.68031934364899,54.29461990068298,24.856347838288457,26.99580699849104,1507.7082480260713,1329.2188271692414,-22.0,56.19454589843758,BUY,MEDIUM
2022-08-23,1399.28515625,1410.262409855025,1390.7573331024466,1404.3655261856406,5551574,-0.021102295608738886,0.016340814454716322,1420.1010620117188,1363.4592553710938,1419.6001048532332,-5.080369935640647,19.50507675257836,47.782654824854376,20.029123031320978,25.602470205057028,1506.6350608599234,1333.5670631635141,-67.3603515625,56.641806640624964,BUY,MEDIUM
2022-08-24,1394.8397216796875,1402.5510307101117,1388.9428383034808,1392.5716896119156,2888426,-0.0031769325576396223,0.016357580626311895,1421.6387939453125,1365.5095581054688,1417.2419731224195,2.2680320677718555,13.608192406630906,46.890096351866276,15.664235618186694,23.614823287682963,1505.1776684947322,1338.0999193958928,-74.3006591796875,56.12923583984366,BUY,MEDIUM
2022-08-25,1377.2852783203125,1405.0005658088057,1373.2935194346403,1404.3655610799822,4331088,-0.012585276348622831,0.014409666469707007,1424.6779663085938,1366.9175561523436,1413.436573617457,-27.08028275966967,31.70704637416543,43.439392651322535,10.665587768764453,21.02497618389926,1496.2634953131023,1353.0924373040853,-76.47802734375,57.760410156250146,BUY,LOW
2022-08-26,1380.3697509765625,1401.5984429909956,1376.6500897106735,1392.7078235409888,3079136,0.0022395306947677884,0.014160008856828332,1426.968682861328,1368.7201904296876,1410.2873524135623,-12.338072564426284,24.94835328032218,44.21619975187543,6.873777867650006,18.19473652064941,1489.191888735762,1364.7454769868941,-89.26953125,58.24849243164044,BUY,LOW
2022-08-29,1326.1182861328125,1332.2873773574217,1315.4585359278797,1332.2873773574217,8079050,-0.03930212524967969,0.015154369292302404,1424.4443603515624,1369.8914013671874,1402.2712508630145,-6.169091224609247,16.82884142954208,35.088202995229935,-0.5030991975977486,14.45516937699998,1497.7457492520384,1351.1429714510864,-120.0697021484375,54.55295898437498,BUY,MEDIUM
2022-08-30,1354.4234619140625,1357.2812047129148,1329.9741184273807,1336.4153079026626,6725875,0.02134438238069447,0.015159020360329288,1421.8701538085938,1371.8083422851562,1397.714318582162,18.008154011399938,27.30708628553407,41.83496134479994,-4.019007671323607,10.760333967335264,1500.9805219696962,1342.7597856474915,-93.8963623046875,50.061811523437655,BUY,MEDIUM
2022-09-01,1328.3409423828125,1331.8790944646682,1316.4111826136234,1324.576097843867,8140604,-0.019257285675183367,0.0156362415718391,1417.93056640625,1372.7164575195313,1391.1073303727,3.7648445389454537,15.467911851044846,37.92342439163382,-8.808492988885746,6.846568576091062,1506.8264215829622,1329.0347112295376,-128.86962890625,45.21410888671858,BUY,MEDIUM
2022-09-02,1318.1802978515625,1340.8606195627042,1313.644233509334,1340.8606195627042,5175653,-0.00764912396137063,0.015668728599022973,1413.8208862304687,1372.772705078125,1384.1618987040204,-22.680321711141687,27.216386053370115,36.49201992281201,-13.271092810108257,2.823036298851199,1512.6302537059148,1315.0115187550225,-117.892333984375,41.04818115234366,BUY,MEDIUM
2022-09-05,1325.710205078125,1330.8812741156314,1312.1473062882924,1316.3658682629728,3669352,0.005712350001615851,0.015268561104513183,1409.0670837402345,1373.2090795898437,1378.5950707396494,9.344336815152246,18.73396782733903,38.349169172395456,-16.015517816524152,-0.9446745242238714,1514.9721908076765,1303.1619766727924,-123.19921875,35.8580041503908,BUY,MEDIUM
2022-09-06,1320.085205078125,1333.6026967380271,1311.3305801922872,1325.7099903813594,3428442,-0.004243008749916455,0.014096503918865818,1402.4988525390625,1373.257158203125,1373.022702581409,-5.6247853032343755,22.27211654573989,37.46772776579998,-18.431913273784403,-4.442122274135978,1513.2581437235633,1291.7395613545616,-109.3646240234375,29.24169433593738,BUY,LOW
2022-09-07,1322.3988037109375,1329.7472054847017,1304.6174543928623,1306.386475113744,3600574,0.0017526131070271234,0.013734985737863172,1395.2865173339844,1373.5574462890625,1368.2013788794593,16.012328597193573,25.129751091839353,38.097948527407894,-19.93048972943302,-7.539795765195387,1507.1784042389381,1283.3946304290307,-76.8863525390625,21.729071044921966,BUY,LOW
2022-09-08,1338.955322265625,1343.6727842765545,1327.7965611231937,1338.1388086404177,4061475,0.012520064679600651,0.014220288918804929,1388.7772644042968,1373.5810302734376,1365.4160401543322,0.8165136252073353,15.876223153360797,42.55937116484542,-19.556712085143317,-9.943179029184973,1497.8372246847807,1279.717304123813,-55.8843994140625,15.196234130859239,BUY,LOW
2022-09-09,1371.38818359375,1378.9633879511803,1342.6748777419386,1349.9325797837869,4816910,0.02422251197541514,0.015514903880568328,1384.6585083007812,1374.1525732421876,1365.984815719991,21.455603809963122,36.28851020924162,50.14024688049918,-16.453761037543245,-11.245295430856629,1489.7397018778606,1279.5773147237019,-5.8970947265625,10.50593505859365,BUY,MEDIUM
2022-09-12,1393.66015625,1402.460186207058,1380.0066710634892,1384.2252324210292,5494819,0.016240458334624064,0.015805350150124728,1380.859552001953,1375.4761889648437,1368.6205624371348,9.434923828970796,22.453515143568893,54.573918925418766,-12.05848520673021,-11.407933386031345,1478.6153114921094,1283.1037925117967,13.2904052734375,5.383363037109348,BUY,MEDIUM
2022-09-13,1401.598388671875,1408.9014961011296,1398.2871505052733,1407.903584157342,4947158,0.0056959599413639594,0.015577249736085144,1378.6300720214845,1376.98306640625,1371.7613077928245,-6.3051954854670385,10.61434559585632,56.073232577320105,-7.844225086750612,-10.6951917261752,1472.2717568712815,1284.9883871716875,75.4801025390625,1.6470056152345478,BUY,MEDIUM
2022-09-14,1338.5018310546875,1359.8666267473366,1335.4172852850338,1358.097606026967,14332197,-0.04501757288475228,0.01834178270945945,1373.1391723632812,1376.91048828125,1368.5937385796685,-19.595774972279514,24.449341462302755,43.721035724385445,-9.486405086578998,-10.45343439825596,1462.57567530049,1283.7026694260724,-15.921630859375,-3.7713159179688773,SELL,MEDIUM
2022-09-15,1299.854736328125,1338.3204761404947,1296.4526878251136,1338.139077851174,12784100,-0.02887339698004754,0.01900481883274222,1365.2713806152344,1375.9089282226562,1362.0471669366643,-38.28434152304908,41.867788315381176,38.17409829209158,-13.747865291565631,-11.112320576917895,1451.3631988049165,1279.1795624255524,-28.4862060546875,-10.637547607421766,SELL,MEDIUM
2022-09-16,1249.2774658203125,1292.7782765113873,1241.3846477911488,1292.7782765113873,20464045,-0.03890994054511421,0.0203478420396382,1355.931622314453,1374.114462890625,1351.3071954017737,-43.500810691074776,51.39362872023844,32.383653904591554,-20.964599392488253,-13.082776340031966,1449.4796369259025,1262.3836077030037,-68.90283203125,-18.182840576171884,SELL,MEDIUM
2022-09-19,1261.2979736328125,1275.5411699960084,1252.4979432114847,1262.8401910629045,6595241,0.009621968010610882,0.020376107890673477,1346.5510498046874,1372.275537109375,1342.7348885666345,-1.5422174300920233,23.043226784523767,34.91065325695665,-25.420922074635655,-15.550405486952705,1438.5368185572327,1254.5652810521422,-64.4122314453125,-25.7244873046875,SELL,MEDIUM
2022-09-20,1259.71044921875,1282.3907705057266,1256.5804984348933,1277.3102899424387,7219797,-0.001258643434976836,0.020346564553686032,1338.0640808105468,1370.2769482421875,1334.827799104931,-17.599840723688658,25.810272070833207,34.72607040372024,-28.74928598599081,-18.190181586760325,1429.2072843004912,1246.9208773206024,-60.374755859375,-32.21286743164069,SELL,MEDIUM
2022-09-21,1249.458740234375,1259.9370916291361,1241.4299296722327,1251.8628761327122,7917054,-0.008138147135901663,0.02004781941930324,1330.5727600097657,1367.7875537109376,1326.6974125458303,-2.4041358983372447,18.507161956903474,33.494477640309,-31.847151465310617,-20.921575562470384,1424.9294304320504,1236.216089587481,-72.9400634765625,-37.21479370117186,SELL,MEDIUM
2022-09-22,1241.021728515625,1255.5371335852622,1233.80943091915,1239.5702101574118,9168498,-0.006752533274662076,0.02004239544246694,1322.8818603515624,1365.8787768554687,1318.5378235905728,1.4515183582132067,21.727702666112236,32.47372465821044,-34.584361519660206,-23.65413275390835,1420.0642171805955,1225.6995035225293,-97.93359375,-42.99691650390628,SELL,MEDIUM
2022-09-23,1238.7537841796875,1265.3805708345333,1235.623944037449,1240.6136148834153,10426200,-0.0018274815692793656,0.019990249585779198,1315.9552856445312,1364.5515234375,1310.939343646679,-1.8598307037277664,29.75662679708421,32.189740997853846,-36.515694170012694,-26.22644503712922,1416.3348701868906,1215.5757011021717,-132.6343994140625,-48.59623779296885,SELL,MEDIUM
2022-09-26,1252.1806640625,1269.5991082634534,1229.2735372611394,1233.80960197428,9414587,0.010839022293444689,0.020247123196844,1309.545831298828,1363.3866650390626,1305.3432789243761,18.371062088220015,40.325571002314064,35.77087561001808,-36.54162313140341,-28.28948065598406,1409.021116549195,1210.070546048461,-141.4794921875,-53.84083374023453,SELL,MEDIUM
2022-09-27,1264.2464599609375,1275.9948215927839,1250.1392564200899,1264.1556500846286,8561254,0.00963582671792107,0.018741893369888674,1306.4522399902344,1362.746171875,1301.4292961659532,0.09080987630886739,25.855565172694014,38.893899915963374,-35.182995458185815,-29.668183616424415,1407.5092956755261,1205.3951843049426,-137.3519287109375,-56.2939318847657,SELL,MEDIUM
2022-09-28,1265.2899169921875,1275.4053640125132,1249.2322913141986,1251.0467173001305,7022098,0.0008253588713091897,0.017928181887543682,1301.9955627441407,1362.0993334960938,1297.9874505303565,14.243199692057033,26.173072698314627,39.16936653609223,-33.63435902273659,-30.461418697686852,1402.0540474209672,1201.9370780673141,-73.2119140625,-60.10377075195311,SELL,MEDIUM
2022-09-29,1268.8731689453125,1279.0339077201488,1263.7473946216799,1274.5432487847852,6119965,0.0028319612011475925,0.017566456800772016,1299.0221740722657,1360.4436645507812,1295.2146618079712,-5.670079839472692,15.286513098468959,40.166868154226535,-31.75189887878514,-30.719514733906514,1399.3064648838294,1198.737883260702,-30.9815673828125,-61.42149047851558,SELL,MEDIUM
2022-09-30,1282.2998046875,1287.6070878182486,1248.3247318287565,1260.0730925292116,8120130,0.010581542797809984,0.01773762805971845,1297.2281494140625,1359.1608618164062,1293.9846754155453,22.226712158288365,39.28235598949209,43.88034568949497,-28.844121283676714,-30.344436043860554,1397.36098954107,1197.095309287055,33.0223388671875,-61.93271240234367,SELL,MEDIUM
2022-10-03,1264.427978515625,1280.9846139293722,1257.3970785454037,1280.9846139293722,4943169,-0.01393732269672332,0.017876676427898978,1294.1640380859376,1356.9554248046875,1291.1697519012673,-16.556635413747244,23.587535383968543,40.29541240119043,-27.662912762374617,-29.808131387563368,1394.373595026378,1193.954481145497,3.1300048828125,-62.79138671874989,SELL,MEDIUM
2022-10-04,1296.7701416015625,1299.3556762181945,1282.7990407907328,1287.9701100239968,6631341,0.025578493702666627,0.018911858215742237,1292.9982849121093,1355.0774951171875,1291.7031223489143,8.800031577565733,16.556635427461742,48.495867077692054,-23.84221600791966,-28.614948311634627,1392.5145969207929,1193.4819729034257,37.0596923828125,-62.0792102050782,SELL,MEDIUM
2022-10-06,1320.1307373046875,1324.3492990029515,1310.1059914970522,1310.9225051715146,6180672,0.01801444600989477,0.019367773748641542,1292.8848815917968,1354.1494165039062,1294.410514249464,9.208232133172942,14.243307505899338,53.46736652444879,-18.71356315551384,-26.634671280410473,1392.272007558878,1193.4977556247156,70.6719970703125,-61.26453491210941,SELL,MEDIUM
2022-10-07,1316.54736328125,1322.5803514308293,1306.5227268238814,1312.1474027075963,3994466,-0.002714408446207184,0.019151744890267868,1291.7644836425782,1353.198662109375,1296.5187855858246,4.399960573653743,16.05762460694791,52.62818365848823,-14.767981063270554,-24.26133323698249,1389.541092035908,1193.9878752492484,75.525634765625,-61.434178466796766,SELL,MEDIUM
2022-10-10,1326.9346923828125,1329.0666201024885,1294.0028267134942,1294.0028267134942,5274677,0.007889825608456746,0.018366714518567525,1289.5418090820312,1353.4073193359375,1299.415538614109,32.93186566931831,35.06379338899433,54.840821234627356,-10.67979811608052,-21.545026212802096,1381.8451460632998,1197.2384721007627,88.180908203125,-63.86551025390622,SELL,MEDIUM
2022-10-11,1291.6898193359375,1342.3576395357559,1288.3330650348933,1326.9350196624216,12824774,-0.026561121092994244,0.0186836796844542,1284.443292236328,1352.5500073242188,1298.6797558257117,-35.24520032648411,54.02457450086263,46.84551650790015,-10.166655501752757,-19.26935207059223,1363.4921585658717,1205.3944259067844,39.5091552734375,-68.10671508789073,SELL,MEDIUM
2022-10-12,1296.1348876953125,1307.3843486042717,1282.3907023211864,1303.664798259727,5481467,0.003441281562209797,0.01863121472595856,1279.1701171875,1350.9406103515626,1298.4373874323403,-7.529910564414422,24.993646283085354,47.87761822612556,-9.294169020243771,-17.27431546052254,1337.648943478,1220.6912908969998,31.888427734375,-71.7704931640626,SELL,MEDIUM
2022-10-13,1288.1514892578125,1304.5266140090537,1283.7061243463083,1298.2215292859132,4821514,-0.00615938858932763,0.015930060687226088,1276.6526000976562,1348.58548828125,1297.4577780823854,-10.07004002810072,20.82048966274533,46.14462154524081,-9.141532831508812,-15.647758934719796,1328.6766725054688,1224.6285276898436,22.861572265625,-71.93288818359383,SELL,MEDIUM
2022-10-14,1337.4586181640625,1355.3760729436046,1331.1081278624524,1347.2111568415348,14990688,0.0382774303468445,0.016965110693883775,1278.5327941894532,1347.1920068359375,1301.267381899688,-9.75253867747233,24.26794508115222,56.59460300252009,-4.98443684118638,-13.515094516013114,1336.1884108463673,1220.877177532539,68.58544921875,-68.65921264648432,SELL,MEDIUM
2022-10-17,1351.701904296875,1356.283374038459,1338.5927213336097,1339.8628416252757,4286396,0.010649515386400799,0.014123689407189163,1283.6540161132812,1346.2185668945312,1306.0706697470391,11.839062671599322,17.6906527048493,59.06553462689513,-0.5344335465363201,-10.918962322117757,1347.832138267968,1219.4758939585943,69.402099609375,-62.56455078125009,SELL,LOW
2022-10-18,1364.1759033203125,1370.753196410842,1358.3244247993434,1369.8913885102745,4692004,0.009228365354657209,0.014115776821015242,1288.7979125976562,1345.0863598632814,1311.6045015159223,-5.71548518996201,12.428771611498632,61.15133747794798,3.953203527170672,-7.944529152260072,1360.9767808066606,1216.619044388652,99.7479248046875,-56.28844726562511,SELL,LOW
2022-10-19,1347.6192626953125,1365.3099129941174,1343.854418021596,1364.4481050975749,3553171,-0.012136734408445649,0.014533364855267145,1293.1933532714843,1343.0097485351562,1315.0344787711022,-16.828842402262353,21.455494972521365,56.99980264706286,6.103350090306776,-5.134953303746703,1368.3949726780017,1217.9917338649668,50.84912109375,-49.81639526367189,SELL,LOW
2022-10-20,1361.6358642578125,1364.4482021000908,1337.4132133726773,1338.139027990448,4583939,0.01040101010018657,0.014343442229281501,1298.8022094726562,1340.9095556640625,1319.4727059603129,23.496836267364415,27.03498872741352,59.50618111681801,8.836517464241524,-2.3406591501490577,1376.8007907183605,1220.8036282269518,41.505126953125,-42.10734619140635,SELL,LOW
2022-10-21,1361.27294921875,1366.2626201422443,1352.9719290790936,1361.0915509372185,3594485,-0.00026652870168064613,0.014149908465919165,1304.8147705078125,1338.75220703125,1323.4536815087354,0.18139828153152848,13.290691063150689,59.40962496832024,10.848236372735528,0.29711995442785955,1382.6092239379677,1227.0203170776572,44.7255859375,-33.937436523437555,SELL,LOW
2022-10-24,1377.0130615234375,1380.5966188815135,1370.7986753820724,1377.602772050084,982837,0.011562789309609744,0.014140110333386396,1311.727734375,1337.2172021484375,1328.554574843469,-0.5897105266465132,9.79794349944109,62.26919948526436,13.556364289761632,2.9489688214946144,1389.3842123338093,1234.0712564161906,50.078369140625,-25.489467773437582,SELL,LOW
2022-10-25,1384.67919921875,1390.666782666851,1379.9163311303423,1386.3121161170845,3914341,0.005567222206905642,0.01408238404362319,1318.3526611328125,1335.5180004882814,1333.8997771649242,-1.6329168983345426,10.750451536508763,63.61372612209151,16.13517219714572,5.586209496624836,1397.1573721518314,1239.5479501137936,92.9893798828125,-17.16533935546886,SELL,LOW
2022-10-27,1397.65625,1407.6988621560834,1387.1551861000603,1403.9386622242373,6760137,0.009371882518760977,0.01407806761591041,1325.0231506347657,1334.5473657226562,1339.9718221968362,-6.282412224237305,20.54367605602306,65.83325629298201,19.006935466710047,8.270354690641877,1406.9042619999727,1243.1420392695586,101.5213623046875,-9.524215087890525,SELL,LOW
2022-10-28,1387.8431396484375,1401.3248686337695,1382.1110929788172,1399.5365148544627,3053981,-0.007021118641699298,0.014311511788162999,1331.150811767578,1333.33783203125,1344.530995287465,-11.693375206025166,19.213775654952315,62.71774543774385,20.2574769693299,10.667779146379482,1412.5755121859588,1249.7261113491973,99.691650390625,-2.1870202636719114,SELL,LOW
2022-10-31,1410.220947265625,1418.245811891941,1403.4341822194212,1403.4341822194212,4542336,0.016124162002094877,0.01452576550817708,1338.2182006835938,1332.3980395507813,1350.7871811901468,6.7867650462037545,14.811629672519757,66.59953494822439,22.791515768829868,13.092526470869561,1421.3139659204498,1255.1224354467377,72.7623291015625,5.820161132812473,BUY,LOW
2022-11-01,1442.6414794921875,1444.475734393004,1418.8878561358067,1424.3448316381566,4542692,0.022989682779443132,0.015015684234326697,1346.235284423828,1332.5294165039063,1359.5352095998649,18.29664785403088,25.58787825719719,71.26715717657125,27.103394712222553,15.894700119140161,1436.8072585812872,1255.6633102663689,90.9395751953125,13.70586791992173,BUY,MEDIUM
2022-11-02,1424.5740966796875,1442.412180597886,1416.9618941495685,1441.7243350182016,2938906,-0.012523820415076159,0.014919851738929547,1354.2425903320313,1332.0427099609376,1365.7293893217527,-17.1502383385141,25.450286448317456,65.75253835568633,28.731504147647456,18.462060924841623,1442.7622014489446,1265.7229792151181,60.398193359375,22.19988037109374,BUY,LOW
2022-11-03,1403.8927001953125,1415.9529473175025,1395.546863646527,1411.2297190433037,3174027,-0.014517599704064521,0.0148564634099819,1359.5987182617187,1331.5315673828125,1369.3639903573298,-7.337018847991203,20.406083670975477,60.0266910225424,28.029865904310782,20.375621920735455,1446.5088979644718,1272.6885385589655,56.2734375,28.067150878906205,BUY,LOW
2022-11-04,1388.5308837890625,1394.4463107382567,1376.7458190882635,1394.4463107382567,4509682,-0.010942300935187443,0.014838074412708105,1363.0187255859375,1331.3164819335936,1371.1894087793996,-5.9154269491941704,17.700491649993182,56.117617331262714,25.935276616818328,21.48755285995203,1448.8235230731962,1277.213928098679,26.89501953125,31.702243652343896,BUY,LOW
2022-11-07,1382.523681640625,1401.2790045132888,1367.528670745416,1395.3176762956068,4898592,-0.004326300710031705,0.014872984686628841,1366.3175415039063,1331.0701611328125,1372.2688633376115,-12.793994654981816,33.75033376787269,54.61968228024801,23.51945091686366,21.893932471334356,1449.76276716263,1282.8723158451826,21.250732421875,35.24738037109387,BUY,LOW
2022-11-09,1385.9630126953125,1402.2879267351925,1376.7000474732847,1402.2879267351925,3334755,0.002487719451290671,0.01481990991411507,1369.2689575195313,1331.2437158203124,1373.573068038345,-16.324914039880014,25.5878792619078,55.35446379342018,21.633044644431493,21.841754905953785,1451.093461220646,1287.4444538184166,8.949951171875,38.025241699218896,BUY,LOW
2022-11-10,1377.4794921875,1386.6966675969895,1361.934227104186,1361.934227104186,3435763,-0.0061210295152930305,0.013358907347084118,1373.5584411621094,1331.1859106445313,1373.9451084335026,15.545265083314007,24.762440492803535,53.071803162230566,19.231812514188505,21.319766427600733,1447.256668860603,1299.8602134636158,-7.19970703125,42.37253051757807,BUY,LOW
2022-11-11,1439.981689453125,1443.0999449630117,1418.4750969869554,1418.4750969869554,7214098,0.04537432144733322,0.016339644474833215,1380.75078125,1333.4631787109374,1380.2343066258477,21.50659246616965,24.624847976056344,64.64078561327236,22.117269601265207,21.47926706233363,1450.808171999017,1310.693390500983,42.325439453125,47.28760253906262,BUY,MEDIUM
2022-11-14,1453.922119140625,1459.516573917289,1438.468432811522,1444.613253594111,4908813,0.00968097704964177,0.016132390679016444,1389.0393127441407,1335.4531518554688,1387.252193532017,9.308865546513971,21.048141105766945,66.61750768320877,25.237963765912127,22.231006403049328,1452.198810394875,1325.8798150934065,66.0789794921875,53.586160888671884,BUY,MEDIUM
2022-11-15,1461.901123046875,1465.4320412606673,1442.4121651643493,1447.089492665349,3497614,0.005487916994457942,0.0142573236013014,1395.2614379882812,1338.12435546875,1394.3616153905748,14.811630381525902,23.019876096318058,67.72951017931612,28.031841684969777,23.391173459433418,1461.3213944121528,1329.2014815644095,51.68017578125,57.13708251953108,BUY,LOW
2022-11-16,1469.9718017578125,1475.6579467024642,1461.4424723868096,1464.7900096971075,4497697,0.005520673446174351,0.01418786191108714,1401.1749328613282,1341.160185546875,1401.562585520788,5.181792060704993,14.215474315654546,68.85946012660747,30.545141015189984,24.821966970584732,1471.6084564995951,1330.7414092230613,27.330322265625,60.01474731445319,BUY,LOW
2022-11-17,1455.84814453125,1469.9719297297695,1451.7668601838732,1464.8359264182825,3469515,-0.009608114393536815,0.014465764864766768,1405.758544921875,1343.7629443359374,1406.7326387598796,-8.987781887032497,18.205069545896322,64.59674714542405,31.03948389099037,26.06547035466586,1477.8757386518134,1333.6413511919366,31.2740478515625,61.99560058593761,BUY,LOW
2022-11-18,1461.3507080078125,1465.5694713292203,1444.9341064325322,1459.7915243765399,3126064,0.0037796273582737516,0.013998911609137398,1411.4451171875,1346.5882543945313,1411.9343596406352,1.5591836312726173,20.63536489668809,65.49300343093441,31.512014183369047,27.1547791204065,1482.2519226987192,1340.6383116762809,57.4580078125,64.85686279296874,BUY,LOW
2022-11-21,1438.239013671875,1456.2605878409026,1434.433024869714,1450.9871057683945,3071764,-0.015815296225123454,0.014597493824239438,1415.2752746582032,1348.90505859375,1414.4395647864676,-12.748092096519485,21.827562971188627,58.76398533105082,29.67945102742715,27.65971350181063,1483.1156278705985,1347.434921445808,49.7081298828125,66.37021606445319,BUY,LOW
2022-11-22,1453.69287109375,1456.3983522183364,1432.5530391467516,1438.972931127563,3399329,0.010744985551755182,0.01468156728199701,1419.8962707519531,1351.1998095703125,1418.1779749109708,14.719939966186985,23.84531307158477,61.60468197324069,29.138241157964785,27.955419033041462,1484.925734973889,1354.8668065300174,71.169189453125,68.69646118164064,BUY,LOW
2022-11-23,1451.9503173828125,1460.0668727709146,1448.4193991579355,1457.2238001205214,3245067,-0.0011987083004860732,0.014584706860192186,1423.643133544922,1352.8110522460938,1421.3943884797177,-5.273482737708946,11.647473612979184,61.09361484199992,28.243149469531318,28.012965120339434,1486.9706453243225,1360.3156217655214,65.9873046875,70.83208129882814,BUY,LOW
2022-11-24,1494.734130859375,1500.4202753854638,1453.4175008662064,1457.315291923901,5282215,0.02946644452248326,0.01575921062630826,1429.1458801269532,1354.8325317382812,1428.3791258492088,37.418838935474014,47.0027745192574,68.09258119623875,30.632961336045128,28.536964363480575,1496.9426441543305,1361.349116099576,117.254638671875,74.31334838867201,BUY,MEDIUM
2022-11-25,1500.099365234375,1507.7573561793968,1480.0601551236466,1496.2015740155414,4563255,0.003589423874274855,0.015707417785722586,1434.2680358886719,1356.8025512695312,1435.2096248382722,3.8977912188336177,27.697201055750156,68.84936838318387,32.58422338860123,29.346416168504707,1507.0692401552642,1361.4668316220796,60.11767578125,77.46548461914062,BUY,MEDIUM
2022-11-28,1488.8646240234375,1516.4701360105687,1485.7463685135297,1493.0833876173003,3825766,-0.007489331354514794,0.01572451237948607,1439.319110107422,1359.8098071289062,1440.319624760669,-4.218763593862832,30.723767497039034,65.3538443293948,32.8454411008297,30.046221154969707,1512.5520619025058,1366.086158312338,34.9425048828125,79.50930297851573,BUY,MEDIUM
2022-11-29,1494.04638671875,1502.9424774251793,1481.2066035401367,1486.8468473018079,3131710,0.0034803450976688133,0.015447706843504657,1443.5103820800782,1363.6936401367188,1445.4364592328673,7.199539416942116,21.735873885042565,66.20606148890172,33.08915181857424,30.654807287690616,1519.1574080000119,1367.8633561601446,32.145263671875,79.81674194335938,BUY,MEDIUM
2022-11-30,1499.45751953125,1509.3625410366662,1479.4642077611848,1485.7006074148594,11868134,0.0036217970610563643,0.014718695979607085,1446.3511840820313,1368.6972412109376,1450.5813221184276,13.756912116390595,29.89833327548149,67.11572107833913,33.33466623126765,31.190779076406024,1525.8248108139767,1366.877557350086,29.4857177734375,77.6539428710937,BUY,LOW
2022-12-01,1519.7718505859375,1533.9873258325365,1515.3697060690874,1518.946413503393,5407928,0.013547786976344733,0.014514566825274595,1451.1110717773438,1373.86671875,1457.1708962581904,0.8254370825445676,18.617619763449056,70.34319987875807,34.76765502926446,31.906154266977712,1536.015145703572,1366.2069978511156,63.9237060546875,77.24435302734378,BUY,LOW
2022-12-02,1502.162841796875,1524.082206872705,1498.5401217539268,1518.762823698916,4283343,-0.011586613334280016,0.01433852279413332,1456.0245788574218,1378.7157666015626,1461.4558434523508,-16.59998190204101,25.542085118778232,64.43925052100744,34.08944720373256,32.342812854328685,1540.8035460805504,1371.2456116342933,40.8121337890625,77.30881225585927,BUY,LOW
2022-12-05,1503.8597412109375,1508.5370688309101,1488.7730393891545,1502.254768168023,3824966,0.0011296374579687907,0.01394800961087901,1461.7910217285157,1383.8037866210936,1465.4943099055495,1.6049730429144802,19.76402944175561,64.74631592199117,33.30496926287083,32.535244136037115,1543.0377238557983,1380.5443196012332,65.6207275390625,77.98723510742207,BUY,LOW
2022-12-06,1479.2347412109375,1491.2490872351268,1474.328132226153,1490.3319598752034,4822398,-0.016374532361755678,0.014576579620224383,1466.6265747070313,1388.568046875,1466.8029224108245,-11.097218664265938,16.920955008973806,57.04785169358427,30.346418519883855,32.09747901280647,1539.5079217382286,1393.745227675834,25.5418701171875,78.05852783203136,BUY,LOW
2022-12-07,1472.447998046875,1489.2314737623112,1464.3772323790536,1474.7408164804579,4898087,-0.00458800958021488,0.0146875263427334,1470.9508239746094,1393.2419311523438,1467.340548661877,-2.292818433582852,24.85424138325766,55.10322644081066,27.141244910212208,31.106232192287614,1533.738959516493,1408.1626884327259,20.4976806640625,77.70889282226562,BUY,LOW
2022-12-08,1485.884033203125,1489.3232610774244,1466.0282018846967,1472.4480939167222,4206837,0.009124964123739643,0.014577229376661508,1476.3710510253907,1397.9159985351562,1469.1065948086625,13.4359392864028,23.29505919272765,58.1450750456112,25.392587537204918,29.96350326127108,1522.4368376143475,1430.3052644364338,-8.85009765625,78.4550524902345,BUY,LOW
2022-12-09,1439.248046875,1493.083379473675,1431.7275351622377,1493.083379473675,8880658,-0.03138602023173476,0.013112741178354375,1476.3343688964844,1401.4160302734374,1466.2629235768852,-53.835332598674995,61.355844311437295,46.395265105751236,20.012932993292452,27.973389207675353,1522.5170244291362,1430.1517133638326,-60.851318359375,74.91833862304702,BUY,LOW
2022-12-12,1418.9793701171875,1436.1755076749384,1403.2507258609144,1421.5473714407533,8037679,-0.014082823875857464,0.013270435660471567,1474.5872314453125,1404.4898193359375,1461.759728009295,-2.5680013235657952,32.92478181402407,42.386299565424956,13.953161823013943,25.169343730743073,1526.3374498421965,1422.8370130484284,-69.88525390625,70.097412109375,BUY,LOW
2022-12-13,1441.8619384765625,1446.7685479281745,1413.4309876139487,1418.9795414969738,6135067,0.016126075432291387,0.01375411846033907,1473.585272216797,1407.9495947265625,1459.8647004347492,22.882396979588748,33.33756031422581,47.86356798338668,10.871857535104482,22.309846491615357,1527.0274924706512,1420.1430519629428,-52.1844482421875,65.63567749023446,BUY,LOW
2022-12-14,1448.510986328125,1456.8568229798866,1442.641348786504,1450.8954950923392,4976020,0.00461143170100442,0.013734311564491038,1472.5122314453124,1411.273818359375,1458.7833943293565,-2.3845087642141607,14.215474193382533,49.3697844930732,8.864242807264645,19.620725754745216,1527.052104643608,1417.972358247017,-50.946533203125,61.23841308593751,BUY,LOW
2022-12-15,1412.8345947265625,1439.8898498673827,1408.0196764387892,1439.2479055439524,6443866,-0.024629700387706177,0.01463167182755486,1470.361553955078,1414.2419506835938,1454.4073181767094,-26.413310817389856,31.87017342859349,42.30715998812856,4.344328316584551,16.56544626711308,1530.4684738574424,1410.2546340527138,-106.937255859375,56.119603271484266,BUY,LOW
2022-12-16,1396.05126953125,1421.0888920823663,1386.7425160776045,1398.6192710071691,9630453,-0.011879186182131019,0.014758525466566265,1467.09658203125,1416.2275732421874,1448.8495992580943,-2.568001475919118,34.34637600476185,39.448164581646246,-0.5852640015698398,13.135304213376498,1535.3488073340825,1398.8443567284173,-106.111572265625,50.86900878906249,BUY,LOW
2022-12-19,1382.43212890625,1391.1907414026555,1371.1515277130306,1382.9823830210828,6222740,-0.009755473113514546,0.014524190609142552,1464.3062377929687,1417.4736010742188,1442.524125891252,-0.5502541148327964,20.03921368962483,37.248460356831885,-5.527237702385264,9.402795830224147,1541.0804798874626,1387.5319956984747,-121.4276123046875,46.83263671874988,BUY,LOW
2022-12-20,1382.38623046875,1390.3651943884424,1359.5955240977712,1376.6082828344672,7396259,-3.3201223076595454e-05,0.01422817852489221,1460.7409057617188,1418.7903784179687,1436.7967072795852,5.777947634282782,30.76967029067123,37.240923490554515,-9.339827369521117,5.654271190275094,1545.3759262241329,1376.1058852993046,-96.8485107421875,41.95052734375008,BUY,LOW
2022-12-21,1384.44970703125,1394.9507709461102,1377.8463225999167,1389.4480065636799,6236361,0.00149269177963407,0.014252996469471672,1457.3658752441406,1419.9406787109374,1431.8112786845056,-4.998299532429883,17.10444834619352,37.849775172705506,-12.055854449960634,2.1122460622279484,1548.2841785533851,1366.4475719348961,-87.998291015625,37.425196533203234,BUY,LOW
2022-12-22,1395.9136962890625,1403.1589126270385,1386.4672400160273,1395.4092314763589,6302640,0.008280538613710586,0.012441496952633071,1452.424853515625,1422.02515625,1428.3924613135111,0.5044648127036453,16.6916726110112,41.25930845636475,-13.131900974468408,-0.936583345111323,1545.4005484464258,1359.4491585848243,-89.9703369140625,30.399697265625036,BUY,LOW
2022-12-23,1373.0313720703125,1384.7706472634532,1369.2711722199242,1383.6700272399569,6283822,-0.01639236313790815,0.0126562016439182,1446.0714538574218,1423.5630859375,1423.1199766236828,-10.63865516964438,15.499475043528946,36.907086453483615,-15.650676668105916,-3.8794020097102417,1542.4514842821677,1349.691423432676,-66.2166748046875,22.50836791992174,BUY,LOW
2022-12-26,1377.8922119140625,1384.7706673330085,1372.3435464278352,1376.1496474837907,4115459,0.003540224894075461,0.012751649209704197,1440.5228332519532,1425.357900390625,1418.8125704608617,1.742564430271841,12.427120905173297,38.3937400985164,-17.057961834638263,-6.515113974695847,1539.1605148244832,1341.8851516794232,-41.087158203125,15.164932861328225,BUY,LOW
2022-12-27,1389.3104248046875,1395.363443276997,1373.3982867447278,1384.8164781367202,4860076,0.008286724311159066,0.012939734842652179,1435.28603515625,1426.3949365234375,1416.0028423031308,4.493946667967293,21.965156532269248,41.859357014601684,-17.055288366035256,-8.62314885296373,1533.118974442946,1337.4530958695539,-52.551513671875,8.891098632812373,BUY,LOW
2022-12-28,1385.0,1398.5734186856855,1374.3154431330508,1380.368461733021,5029860,-0.003102564212957293,0.012830553520776911,1429.5631591796875,1427.0608984375,1413.0501906552136,4.631538266979078,24.25797555263466,40.92344606334314,-17.20268305891659,-10.339055694154304,1525.0745195336829,1334.0517988256922,-63.510986328125,2.5022607421874454,BUY,LOW
2022-12-29,1391.7867431640625,1395.2259709449818,1376.6082397759933,1379.3596220007287,4624745,0.004900175569720222,0.012348881782885634,1423.1639038085937,1427.613115234375,1411.025100417961,12.427121163333823,18.617731168988485,43.081304444621665,-16.58072864214455,-11.587390283752354,1510.4365111937532,1335.8912964234341,-21.0478515625,-4.449211425781414,SELL,LOW
2022-12-30,1383.2115478515625,1403.57184400983,1379.405558572839,1401.3707157827157,5060544,-0.006161285379831516,0.012239868469785992,1417.2163391113281,1428.3249609375,1408.3761906497325,-18.159167931153206,24.166285436991075,41.04145630253873,-16.588549410147607,-12.587622109031406,1498.1242225661538,1336.3084556565025,-12.8397216796875,-11.108621826171884,SELL,LOW
2023-01-02,1397.7022705078125,1399.9950891930287,1379.405622181402,1388.5309957669474,3801140,0.010476143492842649,0.012620337123049708,1411.908465576172,1429.0462890625,1407.3596268266926,9.171274740865101,20.589467011626766,45.71869942050274,-15.249678410675187,-13.120033369360163,1482.676646763004,1341.1402843893397,15.2701416015625,-17.13782348632799,SELL,LOW
2023-01-03,1396.372314453125,1405.6352784494222,1389.5396484110163,1393.8960033950495,4551130,-0.0009515302956504268,0.0122633764268635,1407.7653442382812,1429.7482763671876,1406.313216124448,2.476311058075453,16.095630038405943,45.36300508936014,-14.133013256924869,-13.322629346873105,1471.6494781917459,1343.8812102848165,13.986083984375,-21.98293212890644,SELL,LOW
2023-01-04,1370.922119140625,1394.9508128847058,1367.5286804970206,1394.9508128847058,7059590,-0.018225938060414282,0.012737661844367833,1402.6890502929687,1429.6264575195312,1402.942635459322,-24.028693744080783,27.422132387685224,39.094832509938286,-15.127288181258336,-13.683561113750153,1461.1084223923167,1344.2696781936206,-13.527587890625,-26.937407226562527,SELL,LOW
2023-01-05,1352.9462890625,1381.1021672768188,1347.489425840876,1381.1021672768188,9868404,-0.013112218285159294,0.012547854027957215,1396.0421630859375,1428.9917993164063,1398.1810786596245,-28.155878214318818,33.61274143594278,35.376590752468886,-17.167857109047873,-14.380420312809697,1444.4847685174375,1347.5995576544376,-42.9674072265625,-32.94963623046874,SELL,LOW
2023-01-06,1328.458984375,1352.7628594774767,1326.6247296502847,1348.1772226656885,6443714,-0.018099243765595463,0.01134955063741359,1390.5027099609374,1427.6078540039061,1391.540879203946,-19.718238290688532,26.13812982719196,31.04500676036959,-20.524351576159006,-15.60920656547956,1443.0773368015693,1337.9280831203055,-44.5723876953125,-37.10514404296873,SELL,LOW
2023-01-09,1361.4296875,1365.9236340298328,1328.183820144947,1328.183820144947,11498717,0.024818758812122255,0.012764284415742021,1387.625225830078,1427.0795849609376,1388.673146660713,33.24586735505295,37.739813884885734,41.44161664654675,-20.290046404224086,-16.545374533228465,1439.9495587929564,1335.3008928671998,-16.4625244140625,-39.45435913085953,SELL,LOW
2023-01-10,1347.947998046875,1360.9253731659428,1333.5491426282238,1359.182808712685,7158624,-0.009902596936813945,0.012131144600807484,1382.9295288085937,1425.8341259765625,1384.7945610784427,-11.234810665810073,27.37623053771904,38.86146077686942,-20.95071078253909,-17.42644178309059,1431.6755011459295,1334.1835564712578,-41.3624267578125,-42.90459716796886,SELL,LOW
2023-01-11,1349.32373046875,1370.1883794870434,1342.6745566057775,1348.1773211820307,6173092,0.0010206123855434068,0.012034203250103442,1377.970166015625,1423.9677709960938,1381.4163867346624,1.1464092867192903,27.513822881265924,39.2769285300681,-21.119825748618496,-18.16511857619617,1418.5099381437155,1337.4303938875344,-35.67626953125,-45.99760498046885,SELL,LOW
2023-01-12,1357.8988037109375,1361.9341866547945,1334.4203647021723,1359.136903308,6591385,0.006355089626422394,0.011127270214736109,1375.2233764648438,1422.6342651367188,1379.176616922879,-1.2380995970625008,27.513821952622266,41.925993451154646,-20.32759002752482,-18.5976128664619,1413.3122193448464,1337.1345335848412,-33.887939453125,-47.410888671875,SELL,LOW
2023-01-13,1379.0386962890625,1393.4834534558884,1346.3430806920758,1360.5585559991107,11610426,0.015568091318994393,0.011520255686011893,1374.3727478027345,1422.1371850585938,1379.1634816244202,18.480140289951805,47.14037276381259,47.954026548649175,-17.78886588052137,-18.435863469273794,1411.3053456345874,1337.4401499708815,-4.1728515625,-47.76443725585932,SELL,LOW
2023-01-16,1399.0777587890625,1401.3705771417158,1377.800449258048,1384.8622850026118,6073063,0.014531182158937561,0.011776006753887411,1375.205029296875,1422.3481225585938,1381.0600794496243,14.21547378645073,23.570127883667737,52.940572085236504,-13.99855717981427,-17.54840221138189,1413.5498177495451,1336.8602408442048,1.37548828125,-47.14309326171883,SELL,LOW
2023-01-17,1411.9176025390625,1414.393801685257,1397.7021281387017,1400.453510280707,5922644,0.009177362494214192,0.011926426507085693,1376.6815979003907,1422.9360009765626,1383.9988911724279,11.46409225835555,16.691673546555194,55.858829017203036,-9.845153343877882,-16.00775243788109,1418.1647325321287,1335.1984632686526,15.5452880859375,-46.25440307617191,SELL,LOW
2023-01-18,1417.32861328125,1423.2440398411995,1412.0092299289386,1416.7324581195912,5843098,0.0038323842216123616,0.01194168813162704,1378.3255432128906,1423.5633129882813,1387.1731504208872,0.5961551616587712,11.234809912260971,57.06711651281912,-6.047218959150541,-14.015645742134982,1423.3633884332555,1333.2876979925256,46.406494140625,-45.23776977539069,SELL,LOW
2023-01-19,1411.367431640625,1421.1348612109173,1399.6740568482828,1412.2845590753184,6165284,-0.004205927676027343,0.011880583732662592,1379.0982299804687,1424.2410717773437,1389.4773676799098,-0.9171274346933842,21.460804362634462,55.27208962836898,-3.4782510226855266,-11.908166798245093,1425.815507032737,1332.3809529282003,58.421142578125,-45.14284179687502,SELL,LOW
2023-01-20,1399.123779296875,1416.9618628206752,1397.7021870153455,1410.5419708855652,6496429,-0.008675028252223105,0.011415254159709334,1380.402850341797,1423.4239135742187,1390.3960735481924,-11.418191588690206,19.259675805329607,51.6767220044892,-2.4025902791142926,-10.007051494418933,1427.8216125581816,1332.9840881254122,70.664794921875,-43.02106323242174,SELL,LOW
2023-01-23,1419.7132568359375,1424.574076980102,1401.4623986498889,1407.7906002862817,4855020,0.01471597998956864,0.01181258097578697,1382.4939025878907,1422.739736328125,1393.1881862422633,11.922656549655812,23.11167833021318,56.76941558823703,0.11000925562143493,-7.983639344410859,1432.8809045113478,1332.1069006644336,58.2835693359375,-40.245833740234275,SELL,LOW
2023-01-24,1423.2900390625,1438.7895145635266,1421.3181927553053,1430.7187486357645,5200802,0.0025193694637564157,0.011709733684655926,1384.1928833007812,1421.9675146484376,1396.0550293680003,-7.428709573264541,17.47132180822132,57.60527802136247,2.3626438350333956,-5.914382708522009,1437.5864763266113,1330.799290274951,75.342041015625,-37.774631347656396,SELL,LOW
2023-01-25,1415.1275634765625,1427.0502195525155,1411.2297720671163,1418.7960730383943,4158617,-0.005734934807324343,0.011776120952175503,1385.6992614746093,1420.8706298828124,1397.8714611878634,-3.6685095618317973,15.8204474853992,54.99216268005442,3.4494661073752013,-4.041612945342567,1440.772482512061,1330.6260404371576,65.8038330078125,-35.17136840820308,SELL,LOW
2023-01-27,1393.25390625,1422.4184860885678,1382.4776608921711,1417.878750910917,6209955,-0.015457021537214066,0.012302245088224023,1385.7726196289063,1419.6187451171875,1397.431694050924,-24.624844660917006,39.940825196396645,48.62637190908959,2.5167477544430312,-2.7299408053854473,1440.881976317561,1330.6632629402516,35.3551025390625,-33.84612548828113,SELL,LOW
2023-01-30,1411.275634765625,1416.0446522844554,1394.0335955131943,1402.104361110933,6964719,0.012934992275838164,0.012527706363116262,1387.1758239746093,1418.6172436523439,1398.7501645951813,9.171273654691959,22.01105677126111,53.411464479540705,3.1949353908057674,-1.5449655661472044,1443.3713238244836,1330.980324124735,32.2369384765625,-31.44141967773453,SELL,LOW
2023-01-31,1406.644287109375,1420.5387909669846,1387.6138917010494,1420.5387909669846,9448126,-0.0032816747785907596,0.012361182901232996,1387.6229248046875,1417.9853491210938,1399.5019857870093,-13.894503857609607,32.92489926593521,52.06923453682206,3.3204172257387654,-0.5718890077700105,1444.2866486746457,1330.9592009347293,7.5665283203125,-30.362424316406305,SELL,LOW
2023-02-01,1422.556396484375,1426.1791171637,1401.4166754709465,1414.39393960966,6194199,0.011312106067482786,0.012593057589704132,1388.93212890625,1417.3626196289063,1401.6976439486632,8.162456874714962,24.762441692753555,56.14678144713029,4.65023175053534,0.4725351438910597,1447.5212120716978,1330.3430457408022,10.6387939453125,-28.43049072265626,SELL,LOW
2023-02-02,1452.50048828125,1455.4352511160564,1423.3816939621152,1423.3816939621152,6916834,0.02104949362350572,0.01249836968934835,1393.0110473632812,1417.373623046875,1406.5360100755763,29.11879431913485,32.053557153941256,62.59553933182617,8.027817612727404,1.9835916376583285,1457.1160045462143,1328.9060901803482,35.171875,-24.362575683593832,SELL,LOW
2023-02-03,1466.8536376953125,1471.6685567151628,1442.6414510904015,1465.1110731830363,7040194,0.009881683021701892,0.011988480631788135,1398.7064147949218,1416.8160131835937,1412.2805460393606,1.7425645122762035,29.02710562476136,65.2345615868881,11.727569821404813,3.9323872744076254,1467.6208933357123,1329.7919362541313,55.4862060546875,-18.109598388671884,SELL,LOW
2023-02-06,1439.7525634765625,1465.5697246336003,1432.1862617067081,1465.5697246336003,4570612,-0.018475649868742616,0.012025432970866829,1404.27109375,1415.6090771484376,1414.8969286524275,-25.817161157037845,33.38346292689221,57.0499362757795,12.330679507944751,5.6120457211150505,1467.3215474617343,1341.2206400382659,40.6287841796875,-11.337983398437473,SELL,LOW
2023-02-07,1432.9197998046875,1445.4386105734359,1426.224725341101,1438.9728179482734,4336238,-0.004745790245634929,0.011128061103656854,1407.8455993652344,1414.4901806640626,1416.6133925716904,-6.053018143585859,19.21388523233486,55.17052114753751,12.117617009238984,6.913159978739838,1468.8482534510063,1346.8429452794626,13.20654296875,-6.644581298828143,SELL,LOW
2023-02-08,1458.6910400390625,1470.1551318344025,1435.7628564483825,1435.7628564483825,7983338,0.01798512396708296,0.011223029623210779,1413.3827514648438,1413.7830737304687,1420.620787568583,22.928183590679964,34.392275386019946,60.461234829560524,13.868420631408299,8.30421210927353,1471.6767548505793,1355.0887480791082,35.4010009765625,-0.40032226562493634,SELL,LOW
2023-02-09,1482.9951171875,1485.5172177269346,1454.6100668071153,1463.9188210530715,6904911,0.016661566076245027,0.011543731830691295,1420.0663208007813,1413.4538256835938,1426.5611999132416,19.076296134428503,30.907150919819287,64.69315946051967,17.020874972511365,10.047544681921098,1478.1005787228787,1362.032062878684,67.8675537109375,6.612495117187564,BUY,LOW
2023-02-10,1475.245361328125,1482.3530988577234,1464.1480299444947,1479.2806324268656,4786762,-0.005225746038916457,0.01175009267316208,1425.9336486816405,1412.5632958984374,1431.197786714659,-4.035271098740623,18.205068913228615,62.399700886762226,18.67856237949377,11.773748221435634,1481.3074530768877,1370.5598442863934,81.991455078125,13.370352783203089,BUY,LOW
2023-02-13,1437.5511474609375,1464.6523040679722,1436.2213576521256,1464.6523040679722,4001199,-0.02555114888363541,0.013171136760080582,1428.8592712402344,1411.2710620117186,1431.8028686904952,-27.10115660703468,28.43094641584662,52.6270398883733,16.757513374140444,12.770501251976595,1480.0372654113496,1377.6812770691192,26.2755126953125,17.58820922851578,BUY,LOW
2023-02-14,1461.213134765625,1463.7352349511611,1447.3645343194853,1453.3716512253498,5043736,0.01645992724953138,0.013273131697276508,1431.9660400390626,1410.4181298828125,1434.603846411936,7.841483540275249,16.370700631675845,57.16244618909021,16.949015125030655,13.606204026587408,1483.0791091909864,1380.8529708871388,54.56884765625,21.547910156250055,BUY,LOW
2023-02-15,1464.6982421875,1466.4865956933231,1445.3926671749077,1452.7296857900087,3465747,0.002385078082694614,0.013173314099877728,1434.6050720214844,1410.1273999023438,1437.469979342942,11.968556397491284,21.093928518415396,57.80323434489058,17.183915207102473,14.321746262690422,1486.7450693476387,1382.46507469533,42.141845703125,24.477672119140607,BUY,LOW
2023-02-16,1469.0546875,1480.6562593366962,1465.4319671631831,1467.4038134282825,4290289,0.00297429544668093,0.013168151544588096,1437.1913757324219,1410.0595336914062,1440.4780467864714,1.6508740717174533,15.22429217351305,58.636169784187096,17.519648342405617,14.961326678633462,1490.7589354083443,1383.6238160564994,16.55419921875,27.131842041015716,BUY,LOW
2023-02-17,1452.54638671875,1462.8181685754123,1444.934184696277,1461.901041196995,2857734,-0.011237362993847033,0.013430341109057803,1439.2503234863282,1409.3927807617188,1441.6274124943075,-9.354654478245038,17.883983879135258,54.264915251604606,16.26613152463824,15.222287647834417,1491.8460119123492,1386.654635060307,-14.3072509765625,29.857542724609402,BUY,LOW
2023-02-20,1460.4793701171875,1470.1551082186375,1451.3539979762904,1453.6009151504752,2417716,0.0054614320554386975,0.013235869989096446,1442.3181030273438,1409.8174072265624,1443.42283702982,6.878454966712297,18.801110242347022,55.96381987075536,15.731493018004812,15.324128721868497,1492.2857718764255,1392.350434178262,20.726806640625,32.500695800781386,BUY,LOW
2023-02-21,1448.602783203125,1468.9171782738615,1445.3928371814657,1466.2115851689005,2723288,-0.008131978552432084,0.013086792750255455,1443.7625793457032,1410.4098754882812,1443.9161652368014,-17.608801965775456,23.524341092395844,52.80150163854423,14.185920382705945,15.096487054035986,1492.6923812009045,1394.832777490502,15.6829833984375,33.35270385742206,BUY,LOW
2023-02-22,1432.36962890625,1444.4756658959568,1426.4083007612826,1433.47013701294,3656244,-0.011206076976450707,0.013364775920268433,1444.2165588378907,1410.220029296875,1442.8164951100823,-1.1005081066900857,18.06736513467422,48.746960492624474,11.518386261479236,14.380866895524637,1492.5429077883923,1395.8902098873891,-26.3214111328125,33.99652954101566,BUY,LOW
2023-02-23,1422.1893310546875,1439.7523421262586,1419.8507234941526,1439.7523421262586,4766854,-0.00710731199972181,0.013401421002349718,1444.569647216797,1409.6935961914062,1440.8520032952829,-17.563011071571054,19.901618632105965,46.34355507573275,8.485070682485002,13.20170765291671,1492.1379469531628,1397.0013474804311,-60.8057861328125,34.87605102539078,BUY,LOW
2023-02-24,1422.1435546875,1438.972819252259,1416.96176274362,1430.7186730615194,2790986,-3.218725256048938e-05,0.012878451837477115,1446.0141296386719,1409.879775390625,1439.070246285018,-8.57511837401944,22.01105650863883,46.33249315130103,6.00819374449452,11.763004871232273,1488.7730105053713,1403.2552487719724,-53.101806640625,36.134354248046975,BUY,LOW
2023-02-27,1384.220458984375,1412.3762259804244,1377.5253840406476,1412.3762259804244,4920268,-0.026666151654048842,0.013962645996627915,1444.6613708496093,1409.6431591796875,1433.84645701829,-28.15576699604935,34.85084193977673,38.19802147772758,0.9739469849139368,9.605193293968606,1493.0694384518636,1396.253303247355,-53.3306884765625,35.01821166992181,BUY,LOW
2023-02-28,1364.2728271484375,1397.702074099726,1358.5407812408764,1389.9981820091593,9679811,-0.014410733280573962,0.0142817441241539,1442.5427978515625,1409.2799731445311,1427.220397030685,-25.725354860721836,39.16129285884949,34.742764889507484,-4.572626628278613,6.769629309519162,1500.2384776139918,1384.8471180891331,-96.9403076171875,33.262824707031314,BUY,LOW
2023-03-01,1372.068359375,1376.4705032985075,1358.7241122088913,1368.7208222966754,5125043,0.005714056654530397,0.014072172206723393,1440.0183959960937,1409.0736157226563,1421.967822015858,3.347537078324649,17.74639108961628,37.13597447432241,-8.244257211671993,3.7668520052809313,1504.9548194588351,1375.0819725333522,-92.6298828125,30.944780273437345,BUY,LOW
2023-03-02,1350.1490478515625,1365.2357479456998,1345.701002604229,1361.9341118834534,4644499,-0.015975378612638647,0.013336523407091013,1434.9008239746095,1408.3876025390625,1415.1279387621157,-11.785064031890897,19.534745341470853,33.42422056956248,-12.775488277890645,0.45838394864661636,1510.373470278907,1359.428177670312,-118.9056396484375,26.51322143554694,BUY,LOW
2023-03-03,1356.70654296875,1366.336380209989,1350.9285958423973,1363.539096991639,4615015,0.004856867564082767,0.013115429587001981,1429.3934692382813,1407.6034594726561,1409.5639963056049,-6.832554022889099,15.40778436759183,35.501197863634275,-15.656903454008216,-2.7646735318843505,1510.5936488617103,1348.1932896148523,-95.83984375,21.7900097656252,BUY,LOW
2023-03-06,1382.523681640625,1394.400548877502,1369.4088267341433,1370.6928275102962,6561742,0.019029272620283644,0.013581619577839977,1426.5320251464843,1407.7933056640625,1406.9887282422735,11.830854130328817,24.99172214335863,43.03598359960146,-15.676509370828626,-5.347040699673206,1510.0701060013705,1342.9939442915982,-77.9556884765625,18.738719482421857,BUY,LOW
2023-03-08,1368.9959716796875,1372.02253676298,1358.3573166463943,1367.0242374099919,4137080,-0.009784794387669549,0.013682807503920598,1423.3358337402344,1407.615380859375,1403.3703704744082,1.9717342696956166,13.665220116585715,40.37447999385807,-16.59235401056776,-7.596103361852117,1510.466007340348,1336.205660140121,-79.6068115234375,15.720452880859511,BUY,LOW
2023-03-09,1357.7154541015625,1374.177846498556,1352.3960702873087,1371.105492034302,5104656,-0.008239993258916889,0.012880709515284756,1418.2870544433595,1406.9834814453125,1399.022283200804,-13.39003793273946,21.781776211247234,38.25016893558347,-18.020679799951267,-9.681018649471948,1508.2921386571402,1328.2819702295787,-74.6541748046875,11.303572998047002,BUY,LOW
2023-03-10,1349.5989990234375,1352.1210996140833,1336.850904556274,1339.006131761109,3699580,-0.005978023637873253,0.011978721225389219,1411.6172485351562,1406.2754614257813,1394.3153037553404,10.592867262328582,15.27019505780936,36.75182297932464,-19.581841096441394,-11.661183138865837,1501.222789968548,1322.0117071017644,-72.59033203125,5.341787109374991,BUY,LOW
2023-03-13,1316.16943359375,1355.78940216574,1309.6578518193462,1342.8578170068272,8798403,-0.024769998683962346,0.01279873002558914,1403.6634521484375,1404.763115234375,1386.872839930427,-26.68838341307719,46.13155034639385,31.31142574753956,-23.24856424225436,-13.978659359543542,1497.4101922284233,1309.9167120684517,-105.97412109375,-1.0996630859374363,SELL,LOW
2023-03-14,1302.32080078125,1328.3213380398465,1294.0666548608056,1321.5804745956207,7402784,-0.010521922526864014,0.011981435953283546,1396.9019348144532,1403.1453002929688,1378.8202647733624,-19.25967381437067,34.25468317904097,29.37169442410206,-26.96114637011624,-16.575156761658082,1499.0291605062387,1294.7747091226677,-81.899658203125,-6.2433654785156705,SELL,LOW
2023-03-15,1302.0,1323.2773119475332,1299.4319983717653,1318.8292662290141,7556182,-0.0002463300755525255,0.010955327498729007,1388.9412780761718,1401.2312548828124,1371.5040490806612,-16.829266229014138,23.845313575767932,29.326372297516926,-29.588205975690244,-19.177766604464516,1494.53754393418,1283.3450122181637,-62.2728271484375,-12.289976806640652,SELL,LOW
2023-03-16,1287.738525390625,1300.3032376058475,1282.786015172728,1300.3032376058475,7323117,-0.010953513524865621,0.010843019172992454,1380.0932922363281,1399.0585791015626,1363.5263801578005,-12.564712215222471,17.517222433119514,27.308936317207937,-32.44692351612525,-21.831597986796666,1488.4353425096178,1271.7512419630384,-84.329833984375,-18.965286865234475,SELL,LOW
2023-03-17,1302.9627685546875,1323.32306269695,1294.4335514559468,1311.4920976074493,9090018,0.011822464626073392,0.011409671640591913,1371.7886962890625,1397.6993920898437,1357.7584171479803,-8.529329052761796,28.88951124100322,32.636424682758815,-33.10242443054517,-24.08576327554637,1476.9986395893964,1266.5787529887286,-47.186279296875,-25.91069580078124,SELL,LOW
2023-03-20,1287.3258056640625,1302.0456322126888,1270.0837669911443,1302.0456322126888,8221829,-0.01200108189428184,0.0114296688774054,1363.5276672363282,1396.386982421875,1351.0505493876071,-14.719826548626315,31.961865221544485,30.189092501046545,-34.48615096809726,-26.16584081405655,1468.0197187572812,1259.0356157153751,-69.3807373046875,-32.85931518554685,SELL,LOW
2023-03-21,1275.4490966796875,1288.5640639628448,1274.8071522479388,1283.0612992768824,8536755,-0.009225876566848146,0.011125188024463517,1354.2761535644531,1395.3267846679687,1343.850411034472,-7.612202597194937,13.756911714905982,28.444412789460344,-36.12469240831638,-28.157611132908517,1455.5079034759026,1253.0444036530037,-107.0745849609375,-41.05063110351557,SELL,LOW
2023-03-22,1274.119140625,1290.6274325316042,1267.6075589859765,1286.7296413869892,8356487,-0.0010427355024592577,0.011189624256114002,1345.5519714355469,1393.5805737304688,1337.2093376621413,-12.610500761989215,23.01987354562766,28.247546100071574,-37.10286590107489,-29.946662086541796,1442.7576734685947,1248.346269402499,-94.8768310546875,-48.02860229492194,SELL,LOW
2023-03-23,1260.6375732421875,1269.258481654683,1256.4645985893467,1269.258481654683,7607718,-0.010581088497108149,0.011176175177652119,1336.9653686523438,1391.834365234375,1329.9167886697649,-8.62090841249551,12.793883065336331,26.263228617151995,-38.521869130770256,-31.66170349538749,1432.2998293298945,1241.6309079747932,-97.077880859375,-54.86899658203106,SELL,LOW
2023-03-24,1266.2318115234375,1283.0151737075835,1263.3428381778178,1272.9726746938736,7559127,0.004437626166307496,0.011427905980366344,1329.1674926757812,1390.1725268554687,1323.8515527510672,-6.740863170436114,19.672335529765633,28.507504020551934,-38.74836411586466,-33.07903561948292,1420.783290336481,1237.5516950150813,-83.3671875,-61.00503417968753,SELL,LOW
2023-03-27,1273.8441162109375,1280.0806276002397,1260.2247960834827,1271.3679168983215,4170193,0.006011778110629917,0.011663941405461398,1321.7525207519532,1388.4914331054688,1319.0889397472454,2.476199312616018,19.855831516757007,31.56004587344445,-37.876991275943055,-34.03862675077495,1405.7570011189805,1237.7480403849258,-42.3253173828125,-66.73891235351562,SELL,LOW
2023-03-28,1263.434814453125,1282.1442377379633,1261.8298413372156,1276.7331631278034,6633366,-0.008171566383471718,0.01057356419919098,1315.7132385253906,1386.17935546875,1313.7885468620912,-13.298348674678437,20.314396400747682,29.693038925045386,-37.59301678345446,-34.74950475731086,1398.2396180332498,1233.1868590175313,-38.885986328125,-70.46611694335934,SELL,LOW
2023-03-29,1268.8916015625,1274.715337897841,1251.466181751986,1264.7186272999518,8813966,0.0043190096132794675,0.010478738068429423,1310.9441772460937,1383.5756323242188,1309.5126473097491,4.172974262548223,23.249156145855068,31.965202028777995,-36.50681994120191,-35.10096779408907,1392.7150396657928,1229.1733148263945,-33.1083984375,-72.6314550781251,SELL,LOW
2023-03-31,1309.612060546875,1311.4463153951938,1278.3839389266645,1287.6469035198686,8711975,0.03209136141671376,0.01305205252065597,1307.8213623046875,1381.529521484375,1309.5221152370946,21.9651570270064,33.06237646852924,45.992027362651136,-31.991423180669926,-34.47905887140524,1384.636646116067,1231.006078493308,21.87353515625,-73.70815917968753,SELL,LOW
2023-04-03,1293.92919921875,1316.077848821429,1288.7016177019077,1316.077848821429,5242764,-0.011975196167310798,0.012859827989510086,1305.0103698730468,1379.061533203125,1308.0370756162997,-22.148649602678915,27.376231119521208,42.36898301164426,-29.340199007787987,-33.45128689868179,1379.5036780255914,1230.5170617205022,-9.0335693359375,-74.05116333007823,SELL,LOW
2023-04-05,1305.57666015625,1309.1992683413307,1283.97826667451,1283.97826667451,7506334,0.009001621529626691,0.013009452645565576,1302.453875732422,1376.9457177734375,1307.80275033439,21.598393481740004,25.22100166682071,45.78486074767793,-25.999525646466964,-31.960934648238826,1373.0844327508576,1231.8233187139863,18.2508544921875,-74.49184204101562,SELL,LOW
2023-04-06,1304.0634765625,1310.024804681296,1293.4706102774894,1298.6524024946332,6948465,-0.0011590155062736196,0.0120531118006815,1298.5308654785156,1375.04451171875,1307.4466290227815,5.411074067866821,16.554194403806605,45.4083075033926,-23.206607879161766,-30.210069294423416,1358.9080047470861,1238.153726209945,28.6143798828125,-76.5136462402345,SELL,LOW
2023-04-10,1309.291015625,1315.160653204444,1297.7352331131717,1305.9434783219242,4993788,0.004008653839673304,0.012029928112085022,1295.5456176757812,1372.8360668945313,1307.6222848896596,3.3475373030757964,17.425420091272372,47.02911729735334,-20.336950012279885,-28.23544543799471,1346.9250109801776,1244.1662243713847,35.171875,-77.29044921875015,SELL,LOW
2023-04-11,1289.6187744140625,1314.564596044306,1273.8900163996034,1310.4834237107443,6942255,-0.015025109754951416,0.012303026663727254,1292.1407836914063,1370.1626416015624,1305.9076648443645,-20.86464929668182,40.67457964470259,41.97819703351458,-19.42617804779138,-26.473591959954046,1334.8897984221728,1249.3917689606399,28.981201171875,-78.02185791015609,SELL,LOW
2023-04-12,1309.93310546875,1312.8678683565352,1283.9783553609145,1295.946912669283,5831169,0.015752198601417966,0.012923401045856832,1290.157489013672,1368.0587524414063,1306.2910401419251,13.986192799467062,28.889512995620635,48.16874098884792,-16.870712885521698,-24.553016145067577,1325.0110178214356,1255.3039602059082,43.7012939453125,-77.90126342773442,SELL,LOW
2023-04-13,1274.0732421875,1294.1125639133095,1268.3870975225138,1292.920253602577,11267238,-0.027375339344842153,0.013181793730635234,1288.0526794433595,1365.6751391601563,1303.2226784319798,-18.847011415077077,25.725466390795646,40.04623453133394,-17.536924853352957,-23.149797886724656,1321.4212863077476,1254.6840725789714,0.2291259765625,-77.62245971679681,SELL,LOW
2023-04-17,1154.021484375,1156.6352751470652,1087.071182308468,1146.6844649704485,53171705,-0.09422673189994868,0.024560322625170473,1280.637713623047,1360.5300561523438,1289.0130409027436,7.337019404551484,69.56409283859716,24.905116929641196,-27.43581320232761,-24.00700094984525,1347.313747132789,1213.9616801133047,-109.413330078125,-79.89234252929691,SELL,MEDIUM
2023-04-18,1154.9842529296875,1164.7057800036057,1149.2522072547338,1164.7057800036057,12430884,0.0008342726437271519,0.024574198654164627,1273.2869262695312,1355.49685546875,1276.2483944291191,-9.721527073918196,15.45357274887192,25.149532472824603,-34.80189161722092,-26.165979083320387,1358.703822295546,1187.8700302435166,-113.9073486328125,-82.20992919921878,SELL,MEDIUM
2023-04-19,1130.0843505859375,1150.3987451220048,1127.5164610086156,1150.3987451220048,11307230,-0.021558650934495383,0.024807450093013775,1265.4042175292968,1349.6474145507811,1262.328009301197,-20.31439453606731,22.882284113389233,23.059165691787726,-42.162749917083374,-29.365333250072986,1370.7945564197144,1160.0138786388793,-179.5277099609375,-84.24319702148432,SELL,MEDIUM
2023-04-20,1122.013671875,1135.2661178854821,1120.1794170940875,1128.7086346529145,8621249,-0.007141660449286769,0.02444193696529064,1256.3567626953125,1343.0376782226563,1248.9647390701307,-6.694962777914498,15.086700791394605,22.40901730480354,-48.09313178802381,-33.110892957663154,1377.2275140834251,1135.4860113071998,-171.91552734375,-86.68091552734381,SELL,MEDIUM
2023-04-21,1125.636474609375,1131.0475495380106,1118.895609516621,1126.3243202709632,8691352,0.0032288400981077547,0.024520012341371876,1248.2722961425782,1336.2133349609376,1237.2191900738683,-0.6878456615881987,12.151940021389464,23.452343497337807,-51.90237398401791,-36.869189162934106,1380.8394359711633,1115.705156313993,-179.940185546875,-87.9410388183594,SELL,MEDIUM
2023-04-24,1124.6734619140625,1128.0667887734735,1117.0612591269032,1126.2325338323785,8313774,-0.0008555272657158053,0.024540484438459912,1240.7335144042968,1329.9117529296875,1226.5005492967439,-1.5590719183160218,11.005529646570267,23.362414739116304,-54.37216447812375,-40.36978422597204,1383.05123047993,1098.4157983286636,-179.3900146484375,-89.17823852539073,SELL,MEDIUM
2023-04-25,1123.3895263671875,1133.111055729297,1114.3099414901628,1124.3524430948148,6808576,-0.0011416074001514565,0.024539449265017315,1233.1970336914062,1323.7211474609376,1216.6804518748813,-0.9629167276273165,18.801114239134222,23.234493852769987,-55.78998192336326,-43.45382376545028,1383.3907101258762,1083.0033572569362,-185.9014892578125,-90.52411376953137,SELL,MEDIUM
2023-04-26,1125.8197021484375,1130.818001330537,1119.3998108189048,1126.232364666585,5680192,0.002163253016172151,0.024579017941327275,1226.4561401367187,1317.063720703125,1208.0270471390295,-0.4126625181474992,11.418190511632247,24.081816255363478,-56.07116411103402,-45.977291834567026,1383.0823304144935,1069.8299498589438,-163.799072265625,-90.60758056640634,SELL,MEDIUM
2023-04-27,1142.969970703125,1144.3915628906238,1123.8478876663187,1128.0666511252507,8020704,0.015233583603093015,0.024921199399682695,1220.2930480957032,1310.2632177734374,1201.8311350975148,14.9033195778743,20.54367522430516,29.95754640745939,-54.28436332936485,-47.63870613352659,1379.846788125173,1060.7393080662334,-166.963134765625,-89.97016967773425,SELL,MEDIUM
2023-04-28,1148.9315185546875,1154.6635656438648,1141.7778790057764,1151.6369999991612,10118277,0.005215839439679293,0.024903655783566722,1214.0474182128905,1303.7369409179687,1196.7930763791503,-2.705481444473662,12.885686638088373,31.929725397585585,-51.79025789312459,-48.46901648544619,1374.5039998394766,1053.5908365863045,-125.1417236328125,-89.68952270507816,SELL,MEDIUM
2023-05-02,1171.584228515625,1173.6936660942754,1150.5821028387063,1150.5821028387063,8886401,0.019716327383405563,0.02548128897570668,1209.4548889160155,1298.4176025390625,1194.3922337254812,21.002125676918695,23.11156325556908,38.96251203776864,-47.43893052718499,-48.26299929379395,1369.2508550737812,1049.65892275825,17.562744140625,-88.96271362304697,SELL,MEDIUM
2023-05-03,1163.9722900390625,1167.044644512001,1157.506496932256,1161.0833162689144,5549783,-0.006497132934442651,0.025422553719443495,1204.2089233398438,1292.4727856445313,1191.4950962315365,2.888973770148141,9.5381475797451,37.55829076599802,-44.096376480466006,-47.429674731128365,1362.7392326786714,1045.678614001016,8.988037109375,-88.26386230468756,SELL,MEDIUM
2023-05-04,1168.0076904296875,1170.0712271598577,1157.8733874843501,1163.788814662558,4505401,0.0034669213564264556,0.02405350306384108,1197.1287048339843,1286.538974609375,1189.2582004408841,4.218875767129475,12.197839675507566,38.81719878746109,-40.65313123913529,-46.074366032729756,1348.6921654335881,1045.5652442343805,37.92333984375,-89.41026977539059,SELL,MEDIUM
2023-05-05,1154.755126953125,1173.0059852361912,1150.307081299838,1173.0059852361912,5373791,-0.011346298132409727,0.024044887517153654,1190.1700012207032,1280.2529833984374,1185.97219344205,-18.250858283066236,22.69890393635319,36.23358013968192,-38.54933297993671,-44.569359422171146,1335.9877821765097,1044.3522202648967,32.741455078125,-90.08298217773427,SELL,MEDIUM
2023-05-08,1160.7164306640625,1165.0269966744686,1151.1782831849423,1157.8274569243922,5260842,0.005162396400582914,0.02393907758020884,1182.9269897460938,1274.4163842773437,1183.5668827012892,2.8889737396702913,13.84871348952629,38.225356196762384,-35.98620375741348,-42.85272828921961,1319.172149514667,1046.6818299775207,35.0799560546875,-91.4893945312499,SELL,MEDIUM
2023-05-09,1165.393798828125,1166.5861092874693,1156.2225243840412,1161.083344621019,4969897,0.004029725125357819,0.024017467531152078,1175.993505859375,1268.5146728515624,1181.836112808607,4.310454207105977,10.363584903428091,39.813866041863726,-33.19483150722181,-40.92114893282005,1300.4809495404277,1051.5060621783225,40.7203369140625,-92.52116699218732,SELL,MEDIUM
2023-05-10,1158.5614013671875,1170.6216512885562,1154.8012007256557,1170.6216512885562,6515734,-0.00586273710037577,0.023916937553524933,1168.4570251464843,1262.7138452148438,1179.6194736237098,-12.060249921368722,15.820450562900533,38.26594653961822,-31.174604823673917,-38.971840110990826,1276.9791883186306,1059.934861974338,35.171875,-94.2568200683595,SELL,MEDIUM
2023-05-11,1152.003662109375,1170.1628287388498,1149.2064908153254,1164.9810367298412,6888461,-0.005660243168876367,0.02381852770069551,1161.57626953125,1257.1065258789063,1176.9893963366303,-12.977374620466207,20.956337923524416,36.78758385632329,-29.759664487344253,-37.12940498626151,1254.8810895682975,1068.2714494942027,26.1839599609375,-95.53025634765618,SELL,MEDIUM
2023-05-12,1142.0069580078125,1151.9119783998672,1136.3667142373067,1149.4815684750179,8292212,-0.00867766694704597,0.023300540288516507,1153.1799621582031,1251.5028784179688,1173.6577355434094,-7.474610467205366,15.545264162560443,34.593513353266204,-29.109409400175537,-35.52540586904432,1217.1990137675325,1089.1609105488737,-0.9630126953125,-98.32291625976563,SELL,MEDIUM
2023-05-15,1154.067138671875,1163.742876662217,1142.4196665102663,1146.317457613311,5534710,0.010560514171560786,0.023060123073517663,1147.1796569824219,1246.1413500976562,1171.7919644127871,7.749681058563965,21.32321015195066,39.29721322322067,-27.30615343104205,-33.88155538144387,1179.2973266571153,1115.0619873077285,5.1356201171875,-98.96169311523431,SELL,MEDIUM
2023-05-16,1159.5242919921875,1168.3744824143912,1158.1026996481462,1160.1662364323145,5236469,0.004728627250051298,0.009407456233655671,1147.4547973632812,1241.6474267578126,1170.6236146584445,-0.641944440126963,10.271782766244996,41.35246745776598,-25.146836342140205,-32.134611573583136,1179.8948617699205,1115.0147329566419,-12.0599365234375,-94.19262939453142,SELL,LOW
2023-05-17,1143.566162109375,1156.4517347340925,1139.48487806171,1156.1307625392042,10465667,-0.013762652488629401,0.009914736496551044,1146.8838928222656,1237.2332934570313,1168.046714415676,-12.56460042982917,16.96685667238239,37.36810764619129,-24.441503270636076,-30.595989912993723,1179.175374784687,1114.5924108598442,-20.4061279296875,-90.34940063476574,SELL,LOW
2023-05-18,1142.74072265625,1155.2595338626716,1139.4848756551935,1154.2965053260136,6948732,-0.0007218117153819925,0.008585557588734303,1147.5167114257813,1232.6467407226562,1165.6366199623974,-11.55578266976363,15.774658207478069,37.168617503592074,-23.676203261922183,-29.21203258277942,1178.9511864130377,1116.082236438525,-25.2669677734375,-85.13002929687491,SELL,LOW
2023-05-19,1163.7430419921875,1167.778425157087,1148.9773124596102,1151.9579766677468,11094136,0.01837890163493827,0.009246697666641187,1149.6031799316406,1228.9186206054687,1165.4562792033298,11.785065324440666,18.80111269747681,45.18673998434061,-21.131396262348744,-27.595905318693283,1179.491146906412,1119.7152129568692,8.9879150390625,-79.3154406738281,SELL,LOW
2023-05-22,1185.662353515625,1188.2302430762331,1164.9810857591126,1167.4572849700612,7625947,0.01883518159293507,0.0099957453437489,1152.604473876953,1225.4977368164064,1167.3806672330722,18.20506854556379,23.249157317120535,52.06243182661459,-17.148238904547043,-25.506372035864036,1184.2656759326476,1120.9432718212586,24.9459228515625,-72.89326293945328,SELL,LOW
2023-05-23,1192.3115234375,1205.2429974114864,1189.560141232225,1191.5318755827825,7436031,0.005607979288673182,0.009980976345115439,1155.986376953125,1221.6934936523437,1169.755034490637,0.7796478547174956,15.682856179261307,53.94951142662452,-13.301691933532538,-23.065436015397736,1189.3927283410214,1122.5800255652287,26.917724609375,-65.70711669921866,SELL,LOW
2023-05-24,1191.02734375,1196.8510794854294,1184.286480750597,1188.8721170704646,4824077,-0.0010770504706669737,0.009979586514716518,1159.3682678222656,1218.13412109375,1171.7809687058143,2.155226679535417,12.564598734832316,53.51138098645269,-10.238870983352626,-20.500123008988712,1192.5842053648987,1126.1523302796325,32.4659423828125,-58.7658532714845,SELL,LOW
2023-05-25,1196.255126953125,1198.6855370050355,1182.4065253127328,1187.2214442639772,4334121,0.004389305779215036,0.009982473501969817,1162.8900390625,1214.9049145507813,1174.1118409198439,9.033682689147781,16.279011692302674,55.10963393750664,-7.305511510644919,-17.861200709319956,1196.0670467593334,1129.7130313656664,44.25146484375,-52.014875488281405,SELL,LOW
2023-05-26,1208.26953125,1213.7722960275548,1197.768466581114,1197.768466581114,5521606,0.010043346127573738,0.009713906380311388,1166.1550170898438,1212.0783251953126,1177.3649542846208,10.501064668886102,16.003829446440932,58.62974543441391,-3.965627689135772,-15.082086105283121,1203.4453824834718,1128.8646516962158,66.2625732421875,-45.92330810546878,SELL,LOW
2023-05-29,1205.4722900390625,1222.2556544688687,1201.2993155421436,1222.2556544688687,4419365,-0.002315080483775489,0.009762253671333381,1168.9820556640625,1209.8643823242187,1180.0418434040914,-16.78336442980617,20.95633892672504,57.49922702664622,-1.5268590060438783,-12.371040685435272,1209.0874489779849,1128.8766623501401,51.4051513671875,-40.882326660156195,SELL,LOW
2023-05-30,1214.1390380859375,1216.4777576450638,1200.6573106206852,1206.0224833077132,6274719,0.007189504162384397,0.008965487330734776,1171.109796142578,1208.1007470703125,1183.289195278553,8.116554778224327,15.820447024378609,60.06836628270052,1.0926218178506133,-9.678308184778096,1215.7954740077378,1126.4241182774183,54.61474609375,-36.9909509277345,SELL,LOW
2023-05-31,1209.049072265625,1220.7882355808035,1205.24297124017,1210.4705525350664,17800782,-0.004192242948004354,0.008867176328428001,1173.3636352539063,1206.241728515625,1185.7425168963696,-1.4214802694414175,15.545264340633594,57.85636517495993,2.726432918508408,-7.197359964120796,1220.8418363485398,1125.8854341592728,65.48291015625,-32.87809326171873,SELL,LOW
2023-06-01,1210.1495361328125,1219.3208096161989,1208.8655354543341,1212.9468193268542,4277841,0.000910189579919507,0.00886241532887924,1175.4707275390624,1204.6899487304688,1188.066994918888,-2.797283194041711,10.455274161864736,58.21463425819849,4.0632001814374235,-4.945247935009152,1225.4839607807992,1125.4574942973256,67.4088134765625,-29.219221191406405,SELL,LOW
2023-06-02,1207.3614501953125,1220.2808910223432,1204.6196046796233,1216.6559956163696,10909311,-0.0023039185276306773,0.008373000575947346,1178.1010437011719,1202.7779223632813,1189.9045620880713,-9.294545421057137,15.661286342719904,56.89496164747443,4.841809270695876,-2.9878364938681465,1229.0051266771193,1127.1969607252245,43.618408203125,-24.676878662109402,SELL,LOW
2023-06-05,1212.4732666015625,1217.0740205048828,1205.7812402951347,1212.008539400872,5002553,0.004233874127274051,0.008358640604753114,1180.6888854980468,1201.2808715820313,1192.0539625179276,0.4647272006905041,11.292780209748116,58.741674625786324,5.80443354943759,-1.2293824852069994,1233.0365974852234,1128.3411735108702,26.8109130859375,-20.591986083984466,SELL,LOW
2023-06-06,1188.7720947265625,1197.6948336527696,1183.1953687153355,1197.6948336527696,10008100,-0.019547789240279,0.009652054468458468,1181.8578002929687,1199.5473315429688,1191.7414036806547,-8.922738926207103,14.49946493743414,48.39008579811313,4.601787196036412,-0.06314854895831723,1233.8298814725747,1129.8857191133627,-3.5394287109375,-17.689531250000073,SELL,LOW
2023-06-07,1198.0201416015625,1202.7139314625765,1192.0252064148026,1199.4608412306454,5397578,0.007779495259036429,0.009620723675214729,1183.8307373046875,1198.0253515625,1192.339378720741,-1.4406996290829284,10.688725047773914,51.94831711862366,4.344836815781491,0.8184485239896445,1235.1067269593398,1132.5547476500353,6.9927978515625,-14.194614257812418,SELL,LOW
2023-06-08,1192.30419921875,1200.8551346703464,1190.7240585978548,1195.4642535429527,5034942,-0.004771157165330497,0.00958682182596479,1185.8457641601562,1196.6586840820312,1192.33602829198,-3.160054324202747,10.131076072491624,49.66897888128383,3.638035993695894,1.3823660179308943,1235.0875467275573,1136.6039815927552,-3.950927734375,-10.812919921874936,SELL,LOW
2023-06-09,1176.642578125,1192.0250915515326,1174.830187696793,1192.0250915515326,5339073,-0.013135591658581913,0.009889428261206258,1187.5775451660156,1194.8668994140626,1190.841413990363,-15.382513426532569,17.19490385473955,43.97545451431946,1.7934554789574122,1.464583910136198,1232.8028525753984,1142.3522377566328,-31.626953125,-7.289354248046948,SELL,LOW
2023-06-12,1200.8084716796875,1204.2939254038927,1183.1953575768823,1183.6600847401096,4785588,0.020538007041353445,0.010594841235151996,1189.9146118164062,1193.4061865234376,1191.7906575798224,17.148386939577904,21.098567827010356,52.93948727961066,2.2555966643203647,1.6227864609730314,1232.7387046002736,1147.0905190325389,-4.663818359375,-3.4915747070313046,SELL,LOW
2023-06-13,1212.7984619140625,1214.3320842529808,1205.548786202746,1208.1977083560882,4846587,0.00998493141675083,0.010729375800326598,1192.5783203125,1192.3934594726563,1193.79140084975,4.600753557974258,8.783298050234862,56.645916866665004,3.5484347437502493,2.0079161175284748,1234.117956350956,1151.0386842740438,-1.340576171875,0.18486083984362267,BUY,LOW
2023-06-14,1208.66259765625,1214.5180926556236,1201.970457495657,1214.19280628768,3457981,-0.0034101826376702338,0.010147448833367894,1195.8331420898437,1191.1888793945313,1195.207705307512,-5.530208631430014,12.547635159966603,55.03573114788694,4.190977574660565,2.444528408954893,1231.2516170455342,1160.4146671341532,-0.386474609375,4.644262695312364,BUY,LOW
2023-06-15,1196.0220947265625,1202.6676036275373,1192.164835863856,1202.6676036275373,6161155,-0.010458256054418413,0.010551844057429354,1198.4972106933594,1188.917080078125,1195.2852662045646,-6.645508900974846,10.502767763681277,50.32712622438736,3.638274686257546,2.683277664415424,1224.2328953053377,1172.7615260813811,-14.12744140625,9.580130615234339,BUY,LOW
2023-06-16,1200.5299072265625,1209.685011204309,1190.6777123856557,1196.2079211832083,8536287,0.0037690043686280372,0.009866034112857983,1200.3365539550782,1187.0490942382812,1195.7847558257072,4.321986043354173,19.007298818653226,51.90732816427644,3.5233811162975144,2.851298354791842,1220.536768075895,1180.1363398342614,-6.83154296875,13.287459716797002,BUY,LOW
2023-06-19,1202.7138671875,1207.825865850198,1196.2542051699652,1202.7138671875,4451787,0.0018191633109605476,0.008997284979271505,1201.1891296386718,1184.9918383789063,1196.444671193497,0.0,11.571660680232753,52.69253930595259,3.567431323425808,2.9945249485186354,1220.2470676508335,1182.1311916265101,-9.7593994140625,16.197291259765507,BUY,LOW
2023-06-20,1211.4508056640625,1212.9379099116616,1200.018471934256,1202.7139122035937,4009180,0.007264353322036232,0.009051787825364838,1202.14609375,1183.1395849609376,1197.8738268573604,8.736893460468764,12.91943797740555,55.801494221277274,4.258252859067852,3.247270530628479,1221.246876473002,1183.0453110269982,22.6787109375,19.006508789062536,BUY,LOW
2023-06-21,1207.6865234375,1211.8226634951286,1203.6434195847064,1208.2441733725773,4041529,-0.003107251412077794,0.009085684889314055,1202.979052734375,1181.1074951171875,1198.8083693888022,-0.5576499350772792,8.179243910422201,54.15031816367959,4.450683082775868,3.4879530410579567,1221.5122275801662,1184.445877888584,9.6663818359375,21.87155761718759,BUY,LOW
2023-06-22,1191.1422119140625,1198.4384055285493,1183.6600593630037,1198.4384055285493,6676607,-0.01369917706487822,0.00958902572506226,1202.723406982422,1179.1379638671874,1198.0782591531126,-7.2961936144868105,14.7783461655456,47.49798561747123,3.230953329306658,3.436553098707697,1221.7548828947474,1183.6919310700964,-1.1619873046875,23.58544311523451,BUY,LOW
2023-06-23,1175.759765625,1189.0974130017955,1174.2261432389498,1186.4019726655229,7239467,-0.01291403002530167,0.009675700779342229,1201.097918701172,1176.4544970703125,1195.9526883409114,-10.642207040522862,14.871269762845714,42.29531220042099,1.0114148916570684,2.9515254572975715,1223.2538190205796,1178.9420183817642,-0.8828125,24.643421630859393,BUY,LOW
2023-06-26,1180.732421875,1184.1249532633137,1173.2038636237187,1180.6394991230175,3403244,0.004229313160207138,0.009750588681515081,1199.8609252929687,1174.5876806640624,1194.5031391536818,0.09292275198254174,10.921089639595039,44.41492852819619,-0.3423866893122067,2.2927430279756162,1223.6072297522053,1176.114620833732,-20.0760498046875,25.27324462890624,BUY,LOW
2023-06-27,1188.91162109375,1191.5605434478787,1184.3107537282526,1189.7016346437479,3240024,0.006927225057275388,0.009739176899969696,1198.5995544433595,1175.2854833984375,1193.9706136241643,-0.790013549997866,7.249789719626051,47.81067216397982,-0.7466838684695176,1.6848576486865896,1221.853098287114,1175.3460105996048,-23.8868408203125,23.314071044922002,BUY,LOW
2023-06-28,1202.10986328125,1205.2235129272265,1191.0029282361302,1198.9962136352735,5662358,0.011101112945096858,0.010070437390119714,1198.2525939941406,1176.2279956054688,1194.7457802581725,3.1136496459764658,14.220584691096292,52.81942860253517,-0.0020804711602977477,1.3474700247172122,1221.0752087471444,1175.4299792411368,-6.552734375,22.024598388671848,BUY,LOW
2023-06-30,1241.2862548828125,1244.4464222893582,1212.426652618648,1215.9121063481953,12821692,0.03258969317049565,0.01246704547270313,1199.8094299316406,1178.4520336914063,1199.1782064129002,25.374148534617234,32.019769670710275,63.89582828416852,3.7065042040205753,1.8192768605778848,1229.0198482625196,1170.5990116007615,45.26416015625,21.357396240234266,BUY,LOW
2023-07-03,1239.61328125,1251.0456156922185,1234.7336456761632,1236.1743453719541,7732412,-0.0013477742351787336,0.01245414540718497,1201.422021484375,1180.8040258789063,1203.0291659211953,3.438935878045868,16.311970016055284,63.21334263233979,6.436394537752449,2.742700396012798,1235.3087363877617,1167.5353065809882,39.0833740234375,20.61799560546865,BUY,LOW
2023-07-04,1250.255615234375,1251.0456287866502,1237.4756171691324,1249.4656016820998,5797775,0.008585204874252073,0.012544082485428293,1203.3111389160156,1183.2964086914062,1207.5269229986409,0.7900135522752407,13.570011617517821,65.72161043040177,9.350809395837132,4.064322195977665,1243.1426887256994,1163.4795891063318,47.541748046875,20.014730224609366,BUY,LOW
2023-07-05,1252.25390625,1262.1525044299242,1246.3982983908247,1262.0595816855596,5414936,0.0015983059714155257,0.011515948123617325,1206.4852294921875,1185.848017578125,1211.7866356892464,-9.805675435559579,15.754206039099472,66.1878010450686,11.68702876001771,5.588863508785675,1251.0167362034088,1161.9537227809662,40.8031005859375,20.63721191406239,BUY,LOW
2023-07-06,1249.0938720703125,1252.3933673295787,1242.8200544623764,1247.8391312404847,5963897,-0.00252347719892565,0.011505656522543454,1209.038916015625,1188.3621044921874,1215.3397058207765,1.2547408298278242,9.573312867202276,64.68951498613941,13.132132045141361,7.097517216056813,1257.0570123169418,1161.0208197143083,41.4073486328125,20.676811523437664,BUY,LOW
2023-07-07,1236.3602294921875,1250.8598092744526,1231.8523982272873,1239.8922016871068,6295647,-0.010194303937317017,0.01173894279724514,1211.241717529297,1190.5729150390625,1217.3416604561492,-3.5319721949192626,19.007411047165306,58.90321016350474,13.098892395685425,8.297792251982536,1260.0229528470977,1162.4604822114961,45.218017578125,20.668802490234384,BUY,LOW
2023-07-10,1235.3843994140625,1247.2349435988492,1226.229295814045,1242.262385005227,3940315,-0.0007892765027922577,0.01122091131319136,1214.17880859375,1192.4212036132812,1219.060016547379,-6.877985591164588,21.005647784804296,58.471573405271215,12.845730813432738,9.207379964272576,1261.3196256386566,1167.0379915488436,59.6246337890625,21.75760498046884,BUY,LOW
2023-07-11,1253.462158203125,1255.5999486675075,1233.3859662223854,1239.38090160913,6126128,0.014633306683843994,0.010790712941463861,1216.8114929199219,1194.51181640625,1222.3364109907834,14.081256593995022,22.213982445122156,63.768466889950204,13.943095165913064,10.154523004600673,1266.484580745058,1167.1384050947856,72.729736328125,22.299676513671784,BUY,LOW
2023-07-12,1239.2415771484375,1256.52940602109,1233.3859691382677,1255.6928743826675,8102770,-0.01134504217907395,0.01103246005088024,1218.1336486816406,1195.8649633789062,1223.946426815322,-16.45129723422997,23.143436882822243,57.55006199442646,13.509552564024716,10.825528916485482,1268.7085843986497,1167.5587129646315,50.3299560546875,22.26868530273441,BUY,LOW
2023-07-13,1268.7979736328125,1279.6726564300714,1236.9641655791047,1240.7285006740733,9977644,0.023850391263006143,0.012075825356110674,1221.1404174804688,1197.9614770507812,1228.218002702702,28.069472958739198,42.708490850966655,65.15552662442344,15.373702637492215,11.73516366068683,1276.0685167684264,1166.2123181925112,66.6881103515625,23.1789404296876,BUY,LOW
2023-07-14,1325.35546875,1329.1198044888868,1283.251252109647,1283.251252109647,12833381,0.04457565057047863,0.014906297500559433,1227.6070861816406,1201.1084326171874,1237.4691899453019,42.10421664035289,45.868552379239645,74.55138099338222,21.17072919856014,13.622276768261491,1297.5770385158628,1157.6371338474185,84.0692138671875,26.498653564453207,BUY,LOW
2023-07-17,1322.5672607421875,1356.027623383549,1314.5275699301253,1325.3556242956342,11569884,-0.002103743541679526,0.014994611815204707,1233.7089538574219,1204.4646752929686,1245.5737681164337,-2.788363553446743,41.50005345342379,73.49916603887567,25.248876102493796,15.947596635107953,1313.732171110937,1153.6857366039067,82.9539794921875,29.244278564453225,BUY,LOW
2023-07-18,1371.131103515625,1373.6871031492155,1328.1903550548216,1332.8376271158952,16743977,0.03671937466997699,0.016559298255624105,1242.129815673828,1208.67296875,1257.5316095830235,38.2934763997298,45.49674809439398,79.04643535406458,32.030307703143535,19.16413884871507,1340.643276726014,1143.6163546216421,120.87548828125,33.456846923827925,BUY,MEDIUM
2023-07-19,1370.8988037109375,1393.0663832409173,1357.6540777205,1381.1693208273919,13687062,-0.00016942202251257754,0.016629304018476464,1250.1022155761718,1212.7830688476563,1268.3284852142535,-10.270517116454357,35.41230552041725,78.96129127833007,36.959846349396685,22.723280348851393,1362.2570883755895,1137.947342776754,118.6448974609375,37.319146728515534,BUY,MEDIUM
2023-07-20,1347.2440185546875,1367.227286163467,1339.0647752661876,1367.227286163467,8347221,-0.017254946238349556,0.017337735164249465,1257.0800903320312,1216.5567211914063,1275.8442502942949,-19.983267608779443,28.16251089727939,70.61963207727683,38.51383426377561,25.88139113183624,1375.026859416575,1139.1333212474874,98.150146484375,40.523369140624936,BUY,MEDIUM
2023-07-21,1237.6614990234375,1254.7634832648805,1212.9380338227177,1227.065695806331,45548305,-0.08133828617684957,0.02582488312813404,1259.4060546875,1218.2698779296875,1272.2077977923084,10.59580321710655,41.825449442162835,46.246033753792375,30.550816578658896,26.815276221200772,1373.8423053792305,1144.9698039957696,1.30126953125,41.136176757812564,BUY,MEDIUM
2023-07-24,1242.3087158203125,1254.670504599167,1240.1245206940966,1246.398337830829,8859789,0.003754836682357654,0.02557782338283525,1262.7335021972656,1220.2759130859374,1269.3602661759278,-4.08962201051645,14.545983905070443,47.08019265519437,24.334545754131113,26.319130127786842,1370.9485256881935,1154.5184787063376,6.92431640625,42.45758911132816,BUY,MEDIUM
2023-07-25,1240.44970703125,1248.117705135712,1230.82987755559,1242.6804200806673,6801982,-0.0014964145106516336,0.025596259041730938,1265.7193664550782,1222.003564453125,1266.6068795907204,-2.230713049417318,17.287827580121984,46.76754438183,19.038634341437955,24.863030970517066,1367.8433491343405,1163.595383775816,-13.012451171875,43.71580200195331,BUY,MEDIUM
2023-07-26,1253.6944580078125,1254.7633531856156,1244.9111599190257,1248.2571728357643,5528885,0.010677378455157926,0.025641867831177813,1268.9585083007812,1223.8869677734374,1265.377125154253,5.437285172048178,9.852193266589893,49.34836776975838,15.72901283570377,23.03622734355441,1365.0645612517942,1172.8524553497682,14.452880859375,45.071540527343814,BUY,MEDIUM
2023-07-27,1257.6912841796875,1267.5899965472738,1252.0216348505492,1262.7567654377913,9191861,0.0031880384780724746,0.025570852060392467,1271.7375793457031,1226.1694702148438,1264.6451402995324,-5.065481258103773,15.56836169672465,50.13404126958999,13.275591660184773,21.084100206880482,1363.04542276576,1180.4297359256464,-11.106689453125,45.568109130859284,BUY,MEDIUM
2023-07-28,1245.9337158203125,1267.6364549818945,1241.7511707093902,1258.3419102909559,6122735,-0.009348532908887708,0.024684651439326803,1271.969952392578,1228.233330078125,1262.86309987294,-12.408194470643366,25.88528427250435,47.78584256934963,10.264181107560944,18.920116387016574,1362.9898267242233,1180.9500780609328,-79.4217529296875,43.73662231445314,BUY,MEDIUM
2023-07-31,1260.061279296875,1261.7343425932213,1239.1950734898064,1253.6016166280715,7902180,0.011338936652228737,0.02479786282805878,1272.9923522949218,1230.1596948242188,1262.5962598180765,6.459662668803503,22.53926910341488,50.76964157609665,8.91482826124161,16.91905876186158,1362.9890676938828,1182.9956368959608,-62.5059814453125,42.832657470703,BUY,MEDIUM
2023-08-01,1268.89111328125,1272.4230854175687,1261.2696325139816,1265.9169045571427,6064652,0.007007463945961412,0.024775356889151626,1273.9241271972655,1231.8242700195312,1263.195769671712,2.974208724107257,11.153452903587095,52.59308761440147,8.460423719303435,15.227331753349954,1363.3439692603356,1184.5042851341955,-102.239990234375,42.09985717773429,BUY,MEDIUM
2023-08-02,1261.130126953125,1275.1648651116004,1253.322687629451,1272.7019018221301,7419145,-0.00611635328429061,0.024826194266627688,1274.367938232422,1233.2006420898438,1262.9990417937513,-11.57177486900514,21.84217748214951,50.811643415882465,7.3888836591961535,13.659642134519196,1363.4405932670254,1185.2952831978184,-109.7686767578125,41.16729614257815,BUY,MEDIUM
2023-08-03,1268.0546875,1270.145959906921,1253.8339897494227,1254.7634441524986,6503741,0.005490758169107046,0.024836895878533948,1275.3159790039062,1234.7411889648438,1263.480531861013,13.29124334750145,16.31197015749831,52.362088023205494,7.017540765025842,12.331221860620525,1363.6933431453235,1186.938614862489,-79.1893310546875,40.574790039062464,BUY,MEDIUM
2023-08-04,1281.113525390625,1288.1309519095748,1265.9169677427412,1272.3302261741662,5712345,0.010298323896716699,0.02477104922497828,1277.553643798828,1236.4383569335937,1265.1598645781191,8.783299216458772,22.213984166833598,55.228214515304245,7.688361283488803,11.402649745194182,1364.1200468803022,1190.9872407173539,43.4520263671875,41.11528686523434,BUY,MEDIUM
2023-08-07,1294.72998046875,1296.5888892705716,1279.8587100541772,1289.9897857158628,3729093,0.010628609259256017,0.02483297017503266,1280.5209228515625,1238.1675659179687,1267.9760660915126,4.7401947528871915,16.73017921639439,58.06155745997908,9.21252920266511,10.964625636688368,1365.1488109053266,1195.8930347977985,52.4212646484375,42.353356933593886,BUY,MEDIUM
2023-08-08,1292.12744140625,1295.2412043648678,1286.7366740453401,1294.5905182197114,4161877,-0.0020101017986451364,0.024688695907060534,1282.4541870117187,1239.9006689453124,1270.2761970738686,-2.4630768134613845,8.504530319527703,57.31497001558009,10.09408181580693,10.79051687251208,1366.2839925758547,1198.6243814475827,51.677734375,42.55351806640624,BUY,MEDIUM
2023-08-09,1296.03125,1297.5183543619519,1284.970719846274,1286.3649014591272,4090828,0.0030212256691193318,0.024493805648958807,1285.2936706542969,1241.5385131835938,1272.7290592573097,9.666348540872832,12.547634515677828,58.183560357931384,10.981139599213748,10.828641417852415,1366.8938362738186,1203.6935050347752,42.3367919921875,43.755157470703125,BUY,MEDIUM
2023-08-10,1291.1051025390625,1297.3325151820761,1287.8520120932285,1293.428738571801,3873025,-0.003800948056566944,0.024002838381980984,1286.4090270996094,1243.1796337890626,1274.4791586174765,-2.3236360327384773,9.480503088847627,56.61790286772711,11.158017670820072,10.894516668445947,1367.6859850471012,1205.1320691521175,33.413818359375,43.22939331054681,BUY,MEDIUM
2023-08-11,1275.0718994140625,1298.3082576548654,1270.6105867070967,1293.8004268479058,5783517,-0.01241820134818572,0.021864216445851906,1283.8948486328125,1244.4780810546874,1274.5356101219131,-18.728527433843283,27.697670947768756,51.738077050809956,9.890438501328617,10.693701035022482,1363.2862873975362,1204.5034098680887,29.13818359375,39.41676757812502,BUY,MEDIUM
2023-08-14,1295.2412109375,1296.5888744198694,1269.2628926543166,1275.0719825934739,4304135,0.015818175847735372,0.022211160198158924,1282.528546142578,1246.2356762695313,1276.50757210435,20.169228344026124,27.325981765552797,56.78410358364614,10.39355729631643,10.633672287281271,1360.1311898797082,1204.925902405448,35.179931640625,36.29286987304681,BUY,MEDIUM
2023-08-16,1318.43115234375,1319.7788159280838,1306.2553216018096,1311.274398380743,7735313,0.017903955811802152,0.02089798734079822,1279.8935485839843,1248.354833984375,1280.5002940319118,7.156753963007077,13.523494326274204,61.737585085062406,12.519203446776146,11.010778519180247,1348.3195250713911,1211.4675720965774,49.5400390625,31.538714599609193,BUY,MEDIUM
2023-08-17,1311.971435546875,1319.825280033983,1306.812918118155,1319.825280033983,5618346,-0.004899548061642611,0.02090602643373686,1276.9471801757813,1250.8188208007812,1283.4975456047655,-7.853844487108063,13.012361915828023,59.68532182726787,13.526621701126032,11.513947155569406,1333.487402896638,1220.4069574549246,50.84130859375,26.128359375000173,BUY,MEDIUM
2023-08-18,1290.8262939453125,1309.3223454207798,1288.3632171358356,1304.6750735005544,5134103,-0.016117074677581278,0.020863768639732546,1274.1262939453125,1252.6749438476563,1284.1955216371985,-13.84877955524189,20.9591282849442,53.42483088985109,12.474968049553354,11.706151334366195,1321.1918232785147,1227.0607646121102,22.7716064453125,21.45135009765613,BUY,MEDIUM
2023-08-21,1306.255126953125,1307.7422311767086,1289.2925855750334,1291.7091441207042,3032722,0.011952679520228493,0.009516834128190087,1277.555975341797,1254.9539624023437,1286.2964364291915,14.545982832420805,18.44964560167523,56.971375888781544,12.73964810037387,11.91285068756773,1323.4757893858339,1231.63616129776,25.1416015625,22.60201293945329,BUY,LOW
2023-08-22,1304.7216796875,1306.8594702986447,1298.1225758070195,1305.6046160284368,2890714,-0.001173926313462026,0.009553017923448178,1280.6766235351563,1257.5155444335937,1288.0512215014114,-0.8829363409367943,8.736894491625208,56.51079816851962,12.67951105802831,12.066182761659848,1325.0477490450733,1236.3054980252393,9.99169921875,23.161079101562564,BUY,LOW
2023-08-23,1308.625244140625,1316.665047189912,1306.4875671497327,1316.1073972557133,2559125,0.002991875212849937,0.0095068706106038,1284.085400390625,1259.6718798828124,1290.0106522289555,-7.482153115088295,10.177480040179262,57.45373978195954,12.799294744097779,12.212805158147436,1325.9769491431193,1242.1938516381306,16.497802734375,24.413520507812564,BUY,LOW
2023-08-24,1323.171142578125,1324.5189194126233,1314.6666128884629,1321.2193112047876,5171963,0.011115404125535022,0.009526647111910983,1287.5592346191406,1261.8793334960938,1293.1687941669716,1.951831373337427,9.85230652416044,60.85935244086939,13.90763802313677,12.551771731145305,1330.3079063245907,1244.8105629136905,27.139892578125,25.679901123046875,BUY,LOW
2023-08-25,1319.918212890625,1322.1489262136051,1311.832004735964,1313.3191091316864,4307172,-0.002458434576468993,0.009596194157595102,1290.6705810546875,1264.1044458007811,1295.7163578549385,6.599103758938554,10.316921477641245,59.70832011517404,14.358013574114466,12.913020099739137,1333.3288607700797,1248.0123013392954,28.8131103515625,26.566135253906396,BUY,LOW
2023-08-28,1315.7821044921875,1324.286634688253,1311.8319234109513,1319.9181310643203,3133464,-0.0031336096115981427,0.00928936167175624,1294.1630004882813,1266.4996459960937,1297.6273813442003,-4.136026572132778,12.454711277301612,58.2010437605031,14.217301856354197,13.173876451062151,1332.8512565092867,1255.474744467276,40.710205078125,27.663354492187636,BUY,LOW
2023-08-29,1317.64111328125,1323.914930768979,1315.4569180328365,1323.5431263001694,3074444,0.0014128545925009561,0.009070136941769487,1297.0419921875,1268.8418701171875,1299.5334510524906,-5.902013018919433,8.458012736142564,58.705615870392144,14.093334096480248,13.357767980145772,1333.6655591840508,1260.4184251909492,22.39990234375,28.200122070312545,BUY,LOW
2023-08-30,1333.9066162109375,1335.3007979273286,1323.5431760940035,1326.331539526786,3070887,0.012344410602961764,0.009292458620615545,1300.2927673339843,1271.4657250976563,1302.8070858294855,7.575076684151554,11.757621833325175,62.92291253280163,15.13313355995615,13.712841096107848,1337.8736295856404,1262.7119050823283,15.4754638671875,28.827042236327998,BUY,LOW
2023-08-31,1334.1854248046875,1342.9688379587094,1327.865202241298,1333.9066565282626,9792735,0.00020901657609440072,0.009087628372136667,1303.9455322265626,1273.9204174804688,1305.795499065219,0.27876827642489843,15.103635717411407,62.99268018928608,15.79757503813562,14.129787884513403,1339.7498672699821,1268.141197183143,22.2139892578125,30.025114746093777,BUY,LOW
2023-09-01,1341.9927978515625,1343.991147630047,1327.4468128773617,1330.002812639452,3582133,0.005851790089835385,0.009093488381328564,1307.6424377441406,1276.60654296875,1309.2428608543946,11.989985212110469,16.544334752685245,64.97991496458059,16.760929886167787,14.65601628484428,1343.1272274933917,1272.1576479948894,51.16650390625,31.03589477539049,BUY,LOW
2023-09-04,1361.74365234375,1366.2980017078678,1333.4882151949037,1341.2027322887438,4609014,0.01471755625202098,0.009333828932081824,1311.6739440917968,1280.0185717773438,1314.2429362343332,20.540920055006154,32.80978651296414,69.44930522552082,18.900254072622147,15.504863842399855,1352.155912620049,1271.1919755635445,55.488525390625,31.65537231445296,BUY,LOW
2023-09-05,1374.5703125,1375.639207889901,1353.7505085575094,1361.6508719785452,5496840,0.009419291313877975,0.00928627140288945,1315.6659606933595,1283.9947827148437,1319.9884006405873,12.919440521454817,21.888699332391525,71.95272742599295,21.3841846121079,16.680727996341467,1363.716101597109,1267.61581978961,69.8486328125,31.671177978515743,BUY,LOW
2023-09-06,1373.2222900390625,1378.2878843440208,1360.070601695981,1377.3584299899496,5075786,-0.0009806864361021628,0.009259637425580313,1319.720703125,1287.844580078125,1325.0582948690135,-4.136139950887127,18.217282648039827,71.29154808221833,22.9790550708085,17.940393411234876,1372.5864399270802,1266.8549663229198,64.5970458984375,31.87612304687491,BUY,LOW
2023-09-07,1362.765869140625,1369.458008273438,1358.9087245064234,1366.855490811992,4411743,-0.007614514397476069,0.009564124409004063,1323.0574340820312,1291.3216650390625,1328.649492418691,-4.089621671367013,10.549283767014686,66.20923736529394,23.132597437484037,18.978834216484707,1377.9080517567547,1268.2068164073078,39.5947265625,31.73576904296874,BUY,LOW
2023-09-08,1365.926025390625,1370.7127377582274,1357.189132222567,1360.2563768158439,3125838,0.002318928233793205,0.00944718707289732,1326.7984802246094,1294.59798828125,1332.199638416018,5.669648574781149,13.523605535660408,66.97548612446346,23.241367055962428,19.831340784380252,1382.6192781433556,1270.9776823058633,46.0078125,32.20049194335934,BUY,LOW
2023-09-11,1372.292724609375,1373.779942222538,1361.1857913607503,1365.9259854910779,4182226,0.004661086398825454,0.008738512828249318,1331.659521484375,1297.2181176757813,1336.01802757729,6.366739118297119,12.594150861787739,68.52409069256018,23.569611372152167,20.578994901934635,1385.5135836684594,1277.8054593002907,56.5106201171875,34.441403808593805,BUY,LOW
2023-09-12,1395.2041015625,1397.8995422546177,1372.8971939733306,1377.9162708726535,6793161,0.016695692210746627,0.00880442497276452,1336.657666015625,1300.3299340820313,1341.6547965282623,17.287830689846487,25.00234828128714,73.3645415927012,25.385871475146814,21.54037021657707,1394.473392955184,1278.841939076066,77.56298828125,36.32773193359367,BUY,LOW
2023-09-13,1392.64794921875,1398.8288435447748,1383.6322871056639,1398.8288435447748,4804686,-0.001832099218234351,0.008222618448622914,1340.368505859375,1303.1777807617189,1346.5112872606899,-6.180894326024827,15.196556439110964,72.03358831613886,26.31566001303281,22.49542817586822,1402.401707894035,1278.335303824715,58.7413330078125,37.19072509765624,BUY,LOW
2023-09-14,1400.641357421875,1405.8463931809229,1393.3916806868526,1398.8289666028186,6444213,0.005739719221651951,0.0080422219469908,1344.802001953125,1306.1455297851562,1351.6665320379454,1.812390819056418,12.454712494070236,73.64382223653953,27.381884051648058,23.47271935102419,1410.641042125718,1278.962961780532,66.4559326171875,38.656472167968786,BUY,LOW
2023-09-15,1404.9632568359375,1411.2835921776357,1402.5466980730964,1410.9117877236317,8657816,0.0030856574319764185,0.006622230886793885,1350.5088500976562,1309.2629174804688,1356.742410590135,-5.948530887694233,8.73689410453926,74.49877213120106,28.249967407791473,24.428168962377647,1416.4308240873324,1284.58687610798,62.970458984375,41.245932617187464,BUY,LOW
2023-09-18,1386.5601806640625,1398.7360111511314,1383.0282084042437,1398.7360111511314,3991916,-0.013098617406778201,0.007413707645734555,1354.524102783203,1312.2669165039063,1359.5821982162233,-12.175830487068879,15.707802746887637,64.85199920659957,27.140101084417665,24.970555386785655,1418.9405519469965,1290.1076536194096,24.8165283203125,42.257186279296775,BUY,LOW
2023-09-20,1385.119384765625,1389.6272158004997,1372.0605053905272,1372.0605053905272,4169337,-0.0010391153002442532,0.007409760221335165,1358.5439880371093,1315.2616162109375,1362.0143112209282,13.058879375097831,17.56671040997253,64.15161354220899,25.846323510566663,25.14570901154186,1419.99314588105,1297.0948301931687,10.549072265625,43.28237182617181,BUY,LOW
2023-09-21,1395.80810546875,1398.4106230981856,1371.8746553500082,1381.6804443744052,6779195,0.007716822694625369,0.007483759779199946,1362.9031311035155,1318.10853515625,1365.2327678159588,14.12766109434483,26.535967748177427,66.99901517021422,25.39079659557001,25.194726528347495,1421.889037706596,1303.9172245004352,22.5858154296875,44.794595947265634,BUY,LOW
2023-09-22,1390.6031494140625,1400.641188325793,1380.4255561991947,1386.6529684238076,5455613,-0.0037289911373165063,0.007398951448898806,1366.2747314453125,1321.1357666015624,1367.6489946348258,3.950180990254921,20.215632126598393,64.31984602053583,24.329338311987158,25.02164888507543,1423.4726198921142,1309.0768429985108,27.8372802734375,45.138964843750045,BUY,LOW
2023-09-25,1370.1551513671875,1384.7475392640083,1367.7385927513728,1384.7475392640083,4217863,-0.014704409417949926,0.008285700319339114,1368.7865783691407,1323.16291015625,1367.8876762283842,-14.59238789682081,17.008946512635475,55.01276307544681,21.589274703594583,24.335174048779262,1421.8863628522217,1315.6867938860596,4.2291259765625,45.62366821289061,BUY,LOW
2023-09-26,1357.6075439453125,1375.4995405113145,1356.0739215478982,1374.8024497360157,3996528,-0.009157800420889983,0.008582575723091877,1370.8778503417968,1323.8079516601563,1366.9086160109487,-17.19490579070316,19.425618963416355,50.21138807801503,18.1955208604752,23.107243411118453,1418.4718914628297,1323.283809220764,-14.6851806640625,47.06989868164055,BUY,LOW
2023-09-27,1363.509765625,1365.9263246582736,1347.755557070318,1353.2857660190866,3863586,0.004347516854933842,0.008604251883399904,1373.1712829589844,1324.6268017578125,1366.5849159741917,10.223999605913377,18.170767587955652,52.319446926817534,15.800073044895726,21.64580933787391,1414.258764233216,1332.0838016847529,-31.6943359375,48.54448120117195,BUY,LOW
2023-09-28,1337.903076171875,1368.7145118891362,1333.7670495202924,1364.346121640076,5814602,-0.018779982438473786,0.009367582374354496,1373.3711059570312,1323.9622412109375,1363.8533121834948,-26.443045468201035,34.947462368843844,43.678804121510595,11.700541004578326,19.656755671214793,1413.7251376213737,1333.0170742926887,-54.744873046875,49.40886474609374,BUY,LOW
2023-09-29,1334.1854248046875,1344.7348242112748,1316.1075800525987,1331.0717749023968,6068968,-0.002778715015608446,0.00939107918481467,1373.3711059570312,1323.2279736328126,1361.0277990997988,3.1136499022907174,28.62724415867615,42.5793383205151,8.058752647350957,17.337155066442026,1413.7251376213737,1333.0170742926887,-66.4559326171875,50.14313232421864,BUY,LOW
2023-10-03,1332.837646484375,1335.626009761539,1320.1041662355099,1334.7430734406207,4181867,-0.0010101881606972007,0.009292479985364543,1372.913348388672,1322.9398461914063,1358.3430226602347,-1.9054269562457193,15.521843526029215,42.16495986583572,5.006146944229158,14.870953441999454,1414.857148014518,1330.9695487628258,-72.1256103515625,49.97350219726559,BUY,LOW
2023-10-04,1342.4573974609375,1347.6623192444497,1318.1521429784143,1324.4724780818983,4510406,0.0072174964459748026,0.008792369828370294,1371.9490356445312,1325.0357641601563,1356.8301059745875,17.984919379039184,29.510176266035387,46.19018179375872,3.3248417339964362,12.561731100398852,1415.7225812881547,1328.1754900009078,-44.102783203125,46.913271484374945,BUY,LOW
2023-10-05,1360.2099609375,1371.5493723980028,1347.8946904576385,1349.5677537176623,7384621,0.013223930614214563,0.009059394901750407,1371.2310180664062,1327.3937890625,1357.1519969234364,10.642207219837701,23.6546819403643,52.72868578214929,3.385848792668412,10.726554638852765,1415.2792649982564,1327.182771134556,-24.909423828125,43.83722900390626,BUY,LOW
2023-10-06,1374.384033203125,1379.7749135469408,1360.0705276962346,1365.8330989944286,3598672,0.010420503211030496,0.00937966964914902,1371.2891052246093,1330.0724755859376,1358.7931432357877,8.55093420869639,19.704385850706103,57.20040736172132,4.525756397800933,9.486394990642399,1415.3507646279286,1327.22744582129,-21.424072265625,41.21662963867175,BUY,LOW
2023-10-09,1371.3634033203125,1385.8164641413844,1359.0481329313968,1361.5577278028998,3567552,-0.002197806297103644,0.009222560295377637,1371.7189819335938,1332.4258544921875,1359.9903108628853,9.805675517412737,26.768331209987537,55.98496040777601,5.126308902363917,8.614377772986703,1415.6070514605979,1327.8309124065897,-19.23974609375,39.29312744140634,BUY,LOW
2023-10-10,1389.6737060546875,1391.3931739252298,1365.4613746452874,1379.2173445271933,5688951,0.013351896871421909,0.00966554693591307,1372.9063659667968,1335.0655029296875,1362.817300881152,10.45636152749421,25.931799279942425,61.346704786922984,6.999058702101138,8.29131395880959,1417.38429170518,1328.4284402284136,19.5185546875,37.84086303710933,BUY,LOW
2023-10-11,1388.9765625,1411.1440254040863,1376.9400609460672,1391.3931210472037,7220129,-0.000501659887245598,0.00962887049302115,1373.7405578613282,1337.9263598632813,1365.3086591305662,-2.416558547203749,34.20396445801907,61.04181433988502,8.330938874716594,8.29923894199099,1418.7636331194842,1328.7174826031721,31.3690185546875,35.81419799804689,BUY,LOW
2023-10-12,1362.1153564453125,1398.2711535251433,1349.5677226602481,1386.6529740945282,11081662,-0.019338847594620567,0.009837213282367557,1372.0861206054688,1339.96744140625,1365.0045350653038,-24.53761764921569,48.703430864895154,50.605676881413686,7.136720989928108,8.066735351578416,1416.2564836911104,1327.9157575198271,-1.3944091796875,32.11867919921883,BUY,LOW
2023-10-13,1330.188720703125,1336.555460811477,1301.2361927232737,1305.8834648401426,17973439,-0.023439010206526056,0.011029855540821152,1368.9631591796874,1341.1933935546874,1361.6887432212868,24.30525586298245,35.319268088203216,41.51957523026212,3.5728959099913027,7.167967463260993,1415.6378856103872,1322.2884327489876,-7.71435546875,27.76976562499999,BUY,LOW
2023-10-16,1332.97705078125,1341.7603494799055,1329.1197923285388,1331.0716238772634,4850745,0.0020961913409183186,0.010920782231513703,1365.5799438476563,1342.63033203125,1358.9542963222357,1.9054269039866085,12.640557151366693,42.490737630642684,0.9624393902331576,5.9268618486554265,1412.3885312457776,1318.771356449535,-1.2083740234375,22.949611816406332,BUY,LOW
2023-10-17,1340.69140625,1350.822481541712,1336.6018978023671,1338.6466520261836,3923764,0.00578731304055724,0.011008766968840079,1362.3663513183594,1344.08306640625,1357.2149734582133,2.044754223816426,14.220583739344875,45.20208714631953,-0.4783678672295082,4.64581590547844,1406.6767782943375,1318.0559243423813,7.853759765625,18.283284912109366,BUY,LOW
2023-10-18,1338.925537109375,1351.426652993233,1336.8806694215968,1340.2732005613768,4264837,-0.0013171331839623157,0.010710610545670454,1359.984619140625,1345.239306640625,1355.4731223773715,-1.3476634520018251,14.545983571636043,44.682771550574586,-1.7426210303942753,3.3681285183038967,1403.9567628750603,1316.0124754061897,-3.5318603515625,14.745312499999955,BUY,LOW
2023-10-19,1332.512451171875,1338.0891781072362,1325.495024394692,1325.495024394692,6795691,-0.004789725611885287,0.010731399289745988,1357.3542724609374,1345.9949560546875,1353.2863917863717,7.017426777182891,12.594153712544085,42.761371791634126,-3.2248590417868854,2.0495310062857404,1401.2913552493555,1313.4171896725193,-27.697509765625,11.359316406249945,BUY,LOW
2023-10-20,1326.563720703125,1337.0200821379894,1324.7048120035936,1329.119720164981,3928622,-0.004464296347488794,0.010501321920662977,1353.8920532226562,1346.683681640625,1350.741375492729,-2.5559994618558903,12.31527013439586,41.00018523041952,-4.823948700165147,0.674835064995563,1396.0393135921286,1311.7447928531838,-47.8203125,7.208371582031077,BUY,LOW
2023-10-23,1309.2760009765625,1331.304025507751,1306.1158332337493,1325.0302081269804,2636516,-0.01303195576417493,0.010761974256195234,1349.8256958007812,1346.9485766601563,1346.7922922054752,-15.75420715041787,25.18819227400172,36.31871455488417,-7.400900305854748,-0.9403120091744993,1392.7072537576996,1306.9441378438628,-62.08740234375,2.8771191406249272,BUY,LOW
2023-10-25,1289.88134765625,1320.4796048766234,1281.643355327688,1317.1372877323818,6940777,-0.014813265733005454,0.010768255790580621,1345.8120056152343,1346.9241015625,1341.3722022484062,-27.255940076131765,38.836249548935484,31.915880560437557,-10.882690571695548,-2.928787721678709,1394.9077976890921,1296.7162135413764,-99.7923583984375,-1.1120959472657432,SELL,LOW
2023-10-26,1279.901611328125,1293.600262701033,1273.923205151914,1275.7591696776637,6357656,-0.0077369413444565716,0.010729824012674142,1341.926708984375,1347.0206958007811,1335.5178602559984,4.142441650461251,19.6770575491189,29.906816617942994,-14.282673984820576,-5.199564974307083,1398.4158561706931,1285.4375617980568,-109.074951171875,-5.093986816406186,SELL,LOW
2023-10-27,1299.57861328125,1303.9565408986182,1283.8558619720413,1283.8558619720413,4634358,0.015373839503730835,0.011384455156464602,1338.7301513671875,1347.1074438476562,1332.095074829832,15.722751309208661,20.100678926576848,38.171062945428645,-15.214037768246726,-7.202459533095011,1397.173785773196,1280.2865169611791,-62.5367431640625,-8.377292480468668,SELL,LOW
2023-10-30,1296.4718017578125,1299.578632909673,1283.3380187073392,1299.578632909673,2667696,-0.0023906299254904395,0.010708314878095043,1336.6585876464844,1346.6682568359374,1328.7023821563064,-3.1068311518604332,16.240614202333745,37.420854699263266,-16.018196207065785,-8.965606867889166,1397.9408012916629,1275.376374001306,-33.7169189453125,-10.009669189453007,SELL,LOW
2023-10-31,1288.327880859375,1300.3318125956307,1283.2438397267852,1299.2019618287502,3451595,-0.006281602798761665,0.010758566955590501,1334.3657104492188,1346.1953857421875,1324.8571915565988,-10.8740809693752,17.087972868845554,35.453811774744906,-17.115348831006486,-10.595555260512631,1399.1764248620857,1269.554996036352,-44.649169921875,-11.829675292968659,SELL,LOW
2023-11-01,1274.9117431640625,1296.848271394198,1272.5580310195833,1292.7058299617952,3090672,-0.010413605026046047,0.010931285452568522,1331.469415283203,1345.8770947265625,1320.100482185881,-17.79408679773269,24.29024037461477,32.42954796032538,-18.850127838779827,-12.246469776166071,1401.2788877725734,1261.6599427938327,-65.7796630859375,-14.407679443359484,SELL,LOW
2023-11-02,1289.975341796875,1295.765495943668,1281.972721492604,1289.8340961001559,3758060,0.01181540503770706,0.01118435310222755,1328.8453125,1345.5514990234376,1317.2314211964517,0.14124569671912468,13.792774451063906,38.74737003252981,-18.792814317594093,-13.555738684451676,1400.7203656408983,1256.9702593591019,-48.9501953125,-16.70618652343751,SELL,LOW
2023-11-03,1307.76953125,1310.54686548969,1297.1307068451297,1299.2961678955407,3349045,0.013794208987234269,0.011225677589345506,1326.223291015625,1345.6124560546875,1316.3302888205992,8.473363354459252,13.416158644560255,45.25856771458987,-17.114267935018688,-14.26744453456508,1397.1501036754844,1255.2964783557654,-24.742919921875,-19.38916503906262,SELL,LOW
2023-11-06,1321.185791015625,1324.9046103571086,1309.4172299003549,1312.3358100714709,2736381,0.01025888694072985,0.011216393287739334,1323.56337890625,1345.8636669921875,1316.7927176010778,8.84998094415414,15.487380456753726,49.60802852032875,-14.533890156141752,-14.320733658880416,1390.968839278598,1256.157918533902,-5.3779296875,-22.30028808593761,SELL,LOW
2023-11-07,1322.127197265625,1323.6335500133118,1313.2300966352614,1318.078766511828,2272209,0.0007125464536492654,0.011231358293503343,1321.1015686035157,1345.8427880859374,1317.3007632834158,4.048430753796993,10.403453378050472,49.90878234325737,-12.271500341851606,-13.910886995474653,1384.8408665670602,1257.3622706399713,12.8511962890625,-24.741219482421684,SELL,LOW
2023-11-08,1309.60546875,1322.7862570767434,1305.3216665728671,1322.7862570767434,3550635,-0.009470895494413822,0.010764161423673995,1317.0981567382812,1345.636533203125,1316.5678780897572,-13.180788326743368,17.464590503876252,45.97806023451373,-11.358010877864217,-13.400311771952566,1372.6372720902434,1261.559041386319,19.72412109375,-28.53837646484385,SELL,LOW
2023-11-09,1294.3533935546875,1315.725053279232,1289.8813406007866,1314.2187005328615,5498051,-0.011646312999800124,0.010920390297828531,1312.3669982910155,1345.207958984375,1314.4522128959409,-19.865306978173976,25.8437126784454,41.67281816136478,-11.729567742140034,-13.06616296599006,1357.811708660345,1266.9222879216861,14.4517822265625,-32.84096069335942,SELL,LOW
2023-11-10,1288.75146484375,1292.7998955154703,1281.3608320382564,1289.7870751538298,2943649,-0.004327974677420077,0.010268338345016515,1308.6988037109375,1344.630166015625,1312.0045226052562,-1.0356103100798464,11.43906347721395,40.184489947715946,-12.333880763830848,-12.919706525558219,1349.046764636281,1268.3508427855938,-10.8271484375,-35.93136230468758,SELL,LOW
2023-11-13,1293.176513671875,1301.5556365838725,1290.6344357148544,1299.1077990502322,3462092,0.003433593636040122,0.00910612869243263,1306.848193359375,1343.8155639648437,1310.2113788973152,-5.931285378357188,10.921200869018094,41.94819809488344,-12.313792988110436,-12.798523818068663,1346.4724776719645,1267.2239090467856,-3.2952880859375,-36.96737060546866,SELL,LOW
2023-11-15,1327.96435546875,1331.2595523805833,1311.4883709095843,1317.1372799012984,8551860,0.026901077640280935,0.011078703820933842,1306.59755859375,1343.691142578125,1311.9021385707852,10.82707556745163,19.771181470998954,53.54502647401321,-9.382628086150135,-12.115344671684959,1345.616370192174,1267.578746995326,39.636474609375,-37.09358398437507,SELL,LOW
2023-11-16,1360.3515625,1368.3541841941474,1328.0585842809098,1333.2367512594758,6673907,0.024388611710754793,0.012313614823715732,1307.58056640625,1344.0583178710938,1316.5163694211867,27.114811240524205,40.29559991323754,61.296800269918315,-4.395611968604271,-10.571398131068822,1350.7548983490224,1264.4062344634776,85.4398193359375,-36.47775146484378,SELL,LOW
2023-11-17,1353.4315185546875,1366.0944431282537,1351.0778065575678,1356.726715350655,4901251,-0.005086952620244056,0.012376416763588522,1308.3058654785157,1343.8920751953126,1320.0320979100916,-3.295196795967513,15.016636570685932,59.030259150732086,-0.9903394622485848,-8.655186397304776,1353.9772923079404,1262.634438649091,63.4561767578125,-35.58620971679693,SELL,LOW
2023-11-20,1352.537109375,1367.0359990167078,1349.7597750449072,1357.6211505386314,3584210,-0.0006608455377503653,0.012315873072649133,1309.3070983886719,1343.4514111328126,1323.1278132877019,-5.084041163631355,17.27622397180062,58.72799748663969,1.617546121983878,-6.600639893447046,1357.845312080711,1260.7688846966328,44.767578125,-34.144312744140734,SELL,LOW
2023-11-21,1354.796630859375,1365.152963687348,1352.6782900536532,1357.621085267004,3793135,0.001670580029718538,0.012253636677752793,1310.7187438964843,1343.0828979492187,1326.1438911516707,-2.8244544076289912,12.474673633694692,59.295046440239666,3.822574477364242,-4.515997019284789,1362.7022848146928,1258.7352029782758,33.61083984375,-32.36415405273442,SELL,LOW
2023-11-22,1372.4967041015625,1373.5793197717323,1352.1605387506925,1352.1605387506925,3108786,0.01306474554115189,0.012054697233295466,1313.8797790527344,1343.2775146484375,1330.5584447659462,20.336165350870033,21.418781021039877,63.52297547331779,6.918570348023195,-2.229083545823193,1372.4050464622246,1255.3545116432442,50.3695068359375,-29.397735595703125,SELL,LOW
2023-11-23,1364.4468994140625,1382.0056146017555,1362.9875519464238,1382.0056146017555,3186928,-0.005865081251885007,0.011535956007285901,1317.608056640625,1343.2479321289063,1333.7859166371954,-17.558715187692997,19.018062655331732,60.44789442862774,8.623214370214555,-0.05862396261564329,1378.9744032867468,1256.241709994503,54.8414306640625,-25.639875488281405,SELL,LOW
2023-11-24,1353.29052734375,1367.648173226221,1349.9482097083599,1360.963652882806,2973195,-0.008176479476851295,0.01155763819922269,1321.2775024414063,1342.8678881835938,1335.6434986092484,-7.673125539055945,17.69996351786108,56.374724786601504,8.970524429055104,1.7472057157185064,1381.9591447249463,1260.5958601578664,58.9371337890625,-21.590385742187436,SELL,LOW
2023-11-28,1358.2801513671875,1360.4456124998921,1343.5460053605395,1359.504127646951,3755373,0.003687030923974044,0.011180657232249059,1324.212579345703,1342.1294091796874,1337.7993703004806,-1.2239762797635194,16.89960713935261,57.74607351609135,9.538437936522996,3.3054521598794047,1386.079160403969,1262.3459982874372,69.5286865234375,-17.916829833984366,SELL,LOW
2023-11-29,1374.1912841796875,1375.226894544369,1364.964801471109,1366.1886628376049,3875778,0.011714176045703573,0.011315219473717985,1328.0985534667968,1341.7602758789062,1341.265266860405,8.002621342082648,10.262093073260075,61.86300946210624,11.143948425291,4.873151412961724,1392.2291601339737,1263.96794679962,81.0147705078125,-13.661722412109384,SELL,LOW
2023-11-30,1370.0015869140625,1375.1797531523248,1364.7292951842091,1368.2127428644676,10120867,-0.0030488457566706373,0.011198509150934398,1332.1822387695313,1341.14748046875,1344.0020592464678,1.7888440495948998,10.450457968115643,60.19972037736497,11.940609585611355,6.286643047491651,1396.0638506103444,1268.3006269287182,42.0372314453125,-8.965241699218723,SELL,LOW
2023-12-01,1367.3184814453125,1374.4737432561005,1361.5283266839235,1374.4737432561005,3489187,-0.001958468876516961,0.010812986112649733,1336.8025756835937,1340.3945849609374,1346.222670884453,-7.1552618107880335,12.94541657217701,59.10376808786167,12.214662085955524,7.4722468551844266,1396.689130560942,1276.9160208062453,6.9669189453125,-3.5920092773437773,SELL,LOW
2023-12-04,1378.663330078125,1385.7715867334168,1364.4940519087752,1374.9915161431222,5511948,0.008297151531821978,0.01069963684101494,1341.2369750976563,1340.2366479492186,1349.3122574743265,3.671813935002774,21.277534824641634,62.23444792829563,13.195179325184654,8.616833349184471,1399.714752478671,1282.7591977166417,25.2318115234375,1.000327148437691,BUY,LOW
2023-12-05,1368.871826171875,1381.0641237085301,1357.621128395019,1380.0285133783032,5123039,-0.007102171859242223,0.010649730235071533,1344.29208984375,1339.9116967773436,1351.1750735407597,-11.15668720642816,23.44299531351112,58.10045015683698,13.031929792741039,9.499852637895785,1401.8337146228264,1286.7504650646738,16.334716796875,4.380393066406441,BUY,LOW
2023-12-06,1388.0311279296875,1390.5730909944189,1366.1416056780827,1371.5080232268922,5269178,0.01399641762764059,0.010827326572183403,1347.6343566894532,1339.7561572265624,1354.685173958753,16.523104702795308,24.431485316336193,63.24524320418763,14.2838930651792,10.456660723352467,1407.1507079970913,1288.118005381815,33.2344970703125,7.878199462890734,BUY,LOW
2023-12-07,1380.1226806640625,1386.6659544767813,1376.2626157196041,1386.6659544767813,4424453,-0.005697600800509961,0.010977668072457522,1350.534130859375,1339.5465478515625,1357.1077936449728,-6.54327381271878,10.403338757177153,59.97182104623491,14.471123276638764,11.259553234009726,1410.4468716962735,1290.6213900224764,7.6259765625,10.987583007812418,BUY,LOW
2023-12-08,1403.895263671875,1407.237466186765,1380.4522661411922,1384.359451550866,6323433,0.017224978142069247,0.011105435066496337,1355.2486206054687,1340.2213500976563,1361.5637431713446,19.53581212100903,26.785200045572765,65.71608506267557,16.349288915566376,12.277500370321057,1416.363936876591,1294.1333043343463,39.4483642578125,15.027270507812318,BUY,LOW
2023-12-11,1401.400146484375,1410.3442522227704,1395.2804951896835,1402.812373706227,3862018,-0.0017772815765287886,0.01060301604317569,1360.6009582519532,1341.0972021484374,1365.3576863440142,-1.4122272218519356,15.063757033086858,64.66714301951427,17.43542884090175,13.309086064437196,1418.0886851375112,1303.1132313663952,48.109619140625,19.503756103515798,BUY,LOW
2023-12-12,1389.6788330078125,1402.8125013955737,1381.7703368601112,1391.0439401422552,6103494,-0.00836400189194153,0.010806983711262784,1365.6473266601563,1341.6205834960938,1367.6739860262808,-1.3651071344427237,21.04216453546246,59.835356794315906,17.1526652704174,14.077801905633237,1414.0168421165235,1317.277811203789,31.398681640625,24.02674316406251,BUY,LOW
2023-12-13,1364.211669921875,1389.6788833678963,1349.2891566973667,1389.631763150233,8549258,-0.018325934367739105,0.011890221312652622,1369.1990844726563,1342.1467553710938,1367.3442416353848,-25.420093228357928,40.389726670529626,50.93112812103672,14.704086326339848,14.20305878977456,1404.4007686122925,1333.99740033302,-9.9796142578125,27.052329101562464,BUY,LOW
2023-12-14,1413.5924072265625,1422.5836336750658,1375.8388870549381,1377.7689770027378,12489858,0.0361972693779371,0.013012958601924194,1373.480487060547,1343.7348950195312,1371.7488288345446,35.823430223824744,46.74474662012767,62.5640530802678,16.55732019985703,14.673911071791055,1408.407980237266,1338.5529938838279,43.5908203125,29.745592041015698,BUY,LOW
2023-12-15,1486.039794921875,1495.5958896794918,1431.9985384663394,1433.9286284897844,18395389,0.05125054953956121,0.016288110526087352,1379.7648986816407,1346.7989379882813,1382.6336827476237,52.11116643209061,63.59735121315248,72.76533473662694,23.59987544169917,16.45910394577268,1439.4423675215423,1320.087429841739,118.7213134765625,32.96596069335942,BUY,MEDIUM
2023-12-18,1472.811767578125,1499.7853308836295,1468.9988229814394,1476.2010899731836,6467243,-0.008901529682417086,0.01642864724733503,1385.7339111328124,1349.406025390625,1391.2220717791001,-3.3893223950585707,30.786507902190124,69.06467685816158,27.793375225502132,18.72595820171857,1456.5275438201827,1314.9402784454421,94.1484375,36.32788574218739,BUY,MEDIUM
2023-12-19,1467.1158447265625,1481.8499902553428,1452.9464521784103,1478.225296674548,4221721,-0.0038673800528691293,0.016495746282923753,1391.4628479003907,1351.5441430664061,1398.450050155049,-11.109451947985463,28.90353807693259,67.47341807290576,30.307771521228688,21.042320865620596,1468.823392474668,1314.1023033261133,98.2440185546875,39.91870483398452,BUY,MEDIUM
2023-12-20,1446.4971923828125,1490.8411011069354,1440.4716669994389,1473.4707534464067,6592367,-0.014053867946326237,0.01699001963579344,1396.0478759765624,1352.98640625,1403.025968462455,-26.97356106359416,50.369434107496545,61.91252895758847,30.287559639789606,22.8913686204544,1475.0253249546972,1317.0704269984276,58.466064453125,43.061469726562336,BUY,MEDIUM
2023-12-21,1446.120849609375,1456.1476870794431,1432.2339469194412,1432.2339469194412,5319038,-0.00026017525330801483,0.01685238980075332,1399.7290832519532,1354.4815551757813,1407.1302428573997,13.886902689933777,23.913740160001907,61.812391845672344,29.896545099586774,24.292403916280875,1480.8078184260153,1318.650348077891,65.9981689453125,45.247528076171875,BUY,MEDIUM
2023-12-22,1471.4466552734375,1474.3652352440706,1433.8813877884545,1445.1320854708788,6741060,0.017512924781427186,0.017033293418211852,1405.0790710449219,1356.1170141601563,1413.255615468451,26.314569802558708,40.483847455616115,65.8189073796143,31.26978549742057,25.687880232508817,1490.1613097786515,1319.9968323111923,67.5513916015625,48.962056884765616,BUY,MEDIUM
2023-12-26,1453.60546875,1457.4185283124546,1433.8814073771757,1445.1792254261095,6878067,-0.01212492920453312,0.017202880744151088,1410.0948181152344,1357.4095922851564,1417.0984586381223,8.426243323890503,23.537120935278836,60.96625648128454,30.56610670755822,26.663525527518697,1494.1954012069032,1325.9942350235656,52.205322265625,52.685225830078025,BUY,MEDIUM
2023-12-27,1475.4007568359375,1478.1310856483994,1453.6524816822475,1453.6524816822475,4225849,0.014993950253007648,0.017386554799675106,1415.9508483886718,1359.6753002929688,1422.6510584664857,21.748275153689974,24.478603966151923,64.4175927122988,31.405115175831497,27.61184345718126,1501.1080964800783,1330.7936002972654,85.721923828125,56.275548095703016,BUY,MEDIUM
2023-12-28,1471.21142578125,1477.142711790831,1464.009043194212,1477.142711790831,5702253,-0.0028394529657634893,0.017363809682794135,1420.80185546875,1362.4957543945313,1427.2758553536062,-5.931286009581072,13.133668596619145,63.259771672887254,31.370373291331816,28.363549424011374,1506.938966320606,1334.6647446168943,106.999755859375,58.30610107421876,BUY,MEDIUM
2023-12-29,1452.616943359375,1468.1984480838207,1449.8866144117019,1450.8752194379208,4388990,-0.01263889206950719,0.017685287142720073,1424.9326232910157,1364.8885522460937,1429.6892923065366,1.741723921454195,18.311833672118837,58.25489408790424,29.502336199550427,28.591306779119186,1508.8233581855861,1341.0418883964453,39.0245361328125,60.04407104492202,BUY,MEDIUM
2024-01-01,1460.572509765625,1465.8919221925776,1445.4146265550125,1448.9451947683858,2808451,0.005476713212398288,0.017651957993129214,1429.5953247070313,1367.2861743164062,1432.630551112164,11.627314997239182,20.47729563756502,59.7231215341591,28.337197493957547,28.54048492208686,1510.4708753798568,1348.7197740342058,-25.46728515625,62.309150390625064,BUY,MEDIUM
2024-01-02,1444.6142578125,1458.5011582059428,1433.8813084212525,1455.535458187299,5396313,-0.010926025134955997,0.017895799596210488,1432.89287109375,1369.3999487304689,1433.771856512196,-10.9212003747989,24.61984978469036,55.50590541317438,25.82838556033539,27.99806504973657,1510.5051091937564,1355.2806329937437,-28.197509765625,63.492922363281195,BUY,MEDIUM
2024-01-03,1402.8125,1431.0099267639569,1400.9295302013422,1431.0099267639569,7550363,-0.028936276647164028,0.01913475783105111,1434.5899047851562,1370.8059497070312,1430.8233463681775,-28.197426763956855,30.080396562614624,46.2859919428415,20.233838430029436,26.44521972579515,1507.8931565271005,1361.286653043212,-64.3033447265625,63.78395507812502,BUY,MEDIUM
2024-01-04,1424.18408203125,1430.821596173285,1405.5427510177758,1416.8875744672803,7056038,0.015234810091334428,0.01917962630395806,1436.3975524902344,1372.7583569335939,1430.1910354789463,7.296507563969726,25.27884515550909,50.78685295868109,17.324916727239497,24.621159126084017,1506.7424787040122,1366.0526262764565,-22.3131103515625,63.639195556640516,BUY,MEDIUM
2024-01-05,1442.8726806640625,1449.6042055294993,1418.1115826606078,1418.5823250946862,8895403,0.013122319557284934,0.019271486854949484,1439.5350524902344,1375.4302905273437,1431.3988112108623,24.29035556937629,31.49262286889143,54.386240884420744,16.339240449582803,22.964775390783778,1504.9876783824398,1374.082426598029,-3.2481689453125,64.10476196289073,BUY,MEDIUM
2024-01-08,1433.693115234375,1446.1206687605984,1424.701889324203,1439.483154876404,4440136,-0.006362006539248344,0.019036784518869525,1441.0249450683593,1378.3065258789063,1431.6173163559586,-5.790039642028887,21.418779436395425,52.360511327671226,14.648511759596886,21.3015226645464,1504.491108126988,1377.5587820097307,-37.7535400390625,62.718419189453016,BUY,MEDIUM
2024-01-09,1439.8128662109375,1462.1260117914826,1436.5646744337396,1451.6755526579025,4412074,0.0042685222601226425,0.019034677241368782,1442.9455810546874,1381.5047509765625,1432.3978449135757,-11.862686446964972,25.561337357743014,53.60129089395241,13.645117430705795,19.77024161777828,1503.7688280699824,1382.1223340393924,-13.7926025390625,61.44083007812492,BUY,MEDIUM
2024-01-10,1430.962890625,1445.6029115375234,1416.9347429419645,1435.7173203076957,4096845,-0.006146615156473412,0.01898043996320911,1445.009783935547,1384.1324365234375,1432.2611826003779,-4.7544296826956725,28.668168595558882,51.51186107771252,11.99750140057995,18.215693574338612,1501.078236097517,1388.9413317735768,-44.4378662109375,60.87734741210943,BUY,MEDIUM
2024-01-11,1406.7666015625,1435.7643805973064,1399.6113397659765,1435.6702550988025,11296088,-0.01690909612053726,0.01890451469158411,1447.1375305175782,1386.3383325195311,1429.8331272634373,-28.9036535363025,36.15304083132992,46.208340201634556,8.639722176543046,16.3004992947795,1493.0984188873665,1401.1766421477898,-64.44482421875,60.79919799804702,BUY,MEDIUM
2024-01-12,1518.3797607421875,1523.3225564289937,1464.3856251298819,1470.5994024363956,26754401,0.07934021113077216,0.024639203001600773,1452.3768981933595,1390.9393701171875,1438.2661399756992,47.78035830579188,58.93693129911185,64.4107031422298,14.814138933565573,16.003227222536715,1505.222289471365,1399.531506915354,65.7628173828125,61.43752807617193,BUY,MEDIUM
2024-01-15,1555.4271240234375,1567.5251815652139,1540.2692406673768,1548.6954842465418,13228305,0.024399273646232622,0.022565407650071777,1455.8462646484375,1396.549677734375,1449.4243289326266,6.73163977689569,27.255940897837036,68.25103679873918,22.43816806268819,17.29021539056701,1523.9764418860032,1387.7160874108718,94.8546142578125,59.296586914062345,BUY,MEDIUM
2024-01-16,1536.07958984375,1552.0377114243083,1529.9128183588118,1548.5542635934448,6500917,-0.012438727524334947,0.022673233962996878,1459.0096557617187,1401.4717626953125,1457.6772109241622,-12.47467374969483,22.124893065496508,64.34600867576728,26.612311598946462,19.1546346322429,1535.3745987233142,1382.6447128001232,91.46533203125,57.53789306640624,BUY,MEDIUM
2024-01-17,1544.223388671875,1551.0962739751476,1525.4408120839046,1525.4408120839046,9209876,0.005301677648716918,0.022633731344712808,1462.8650329589843,1406.20083984375,1465.919704042992,18.782576587970425,25.65546189124302,65.24734930059606,30.229025539866143,21.36951281376755,1547.7843050683528,1377.945760849616,141.410888671875,56.66419311523441,BUY,MEDIUM
2024-01-18,1546.4830322265625,1552.5085584102292,1532.9727472598277,1546.5301524412396,6375464,0.0014632880004692428,0.022288895838586467,1467.864324951172,1410.7067846679688,1473.5924019652368,-0.047120214677079275,19.535811150401514,65.5079034346453,32.89839947469409,23.675290145952857,1559.8215096251797,1375.9071402771642,122.2989501953125,57.15754028320316,BUY,MEDIUM
2024-01-19,1562.111572265625,1568.0429726211407,1547.9422946366542,1554.9563105966838,4522736,0.010105859368247483,0.022315490077740703,1473.6638610839843,1415.5064721679687,1482.0227991367024,7.155261668941193,20.100677984486538,67.33219059689446,35.861599917066314,26.11255210017555,1573.6815511044447,1373.646171063524,119.2388916015625,58.157388916015634,BUY,MEDIUM
2024-01-23,1546.0594482421875,1576.7047127157934,1541.8697714896578,1553.5442072103745,9401255,-0.010275913902971778,0.022301174699071943,1477.3945007324219,1420.2355517578126,1488.121527622939,-7.484758968186952,34.8349412261357,63.610816267722406,36.49400518580683,28.188842717301807,1582.2520642934637,1372.53693717138,112.3663330078125,57.1589489746093,BUY,MEDIUM
2024-01-24,1577.3636474609375,1581.694454529538,1548.7424867268392,1562.770633148314,8999681,0.020247733199613815,0.022342900154572597,1483.5824096679687,1425.8957568359374,1496.6207771313198,14.593014312623609,32.951967802698846,67.39536991732543,39.070794377503034,30.365233049342052,1596.3987658357375,1370.7660535001999,137.55078125,57.686652832031314,BUY,MEDIUM
2024-01-25,1571.4322509765625,1582.2123208537434,1560.9817927200572,1575.0569444579046,8865304,-0.0037603227980578247,0.022264939861867058,1488.383984375,1431.5493725585939,1503.7456794022953,-3.624693481342092,21.23052813368622,65.99484321367095,40.17123525683064,32.32643349083977,1607.4026416320887,1369.3653271179112,140.4693603515625,56.834611816406095,BUY,MEDIUM
2024-01-29,1559.663818359375,1581.0825992301918,1551.1904544983925,1567.7135599982494,4253785,-0.007488985038886731,0.022357448791779214,1492.8066040039062,1436.8791186523438,1509.0712164458268,-8.049741638874366,29.892144731799362,63.189088036225854,39.636819836621044,33.78851075999603,1615.462162828565,1370.1510451792474,152.897216796875,55.92748535156238,BUY,MEDIUM
2024-01-30,1554.8150634765625,1591.1093493392334,1551.8023580167996,1565.171396519599,4995943,-0.003108846166549495,0.02210325513542306,1497.9165100097657,1441.4161328125,1513.427773305897,-10.356333043036557,39.30699132243376,62.019152620447684,38.37962138470402,34.70673288493763,1621.9564616290904,1373.876558390441,36.435302734375,56.50037719726561,BUY,MEDIUM
2024-01-31,1563.712158203125,1569.6905638157846,1542.2462583680392,1551.8023522623284,6763779,0.00572228487847859,0.02210440295344553,1503.0734924316407,1445.4833447265626,1518.2167623437283,11.90980594079656,27.444305447745364,63.35969797852538,37.66700199019647,35.2987867059894,1629.0355117879385,1377.111473075343,8.2850341796875,57.59014770507815,BUY,MEDIUM
2024-02-01,1560.0875244140625,1578.8701012939357,1553.7795069313138,1562.4412365507558,5760011,-0.0023179673893611863,0.02188855211290149,1508.8471557617188,1449.61646484375,1522.2044539694743,-2.353712136693275,25.090594362621914,62.393520395155335,36.39028379206502,35.51708612320452,1634.1456518159312,1383.5486597075064,24.0079345703125,59.230690917968786,BUY,MEDIUM
2024-02-02,1594.26318359375,1617.9415481184549,1567.5721138302167,1568.5607187918556,7858483,0.021906244774646977,0.02077729469003616,1518.4196899414062,1454.450986328125,1529.0671901241674,25.702464801894394,50.36943428823815,67.43574768351557,37.701565323053046,35.95398196317423,1639.0169095966771,1397.8224702861353,50.039794921875,63.96870361328115,BUY,MEDIUM
2024-02-05,1588.4732666015625,1601.2304328815121,1583.4363454059862,1595.5815235195898,3634135,-0.0036317196882988956,0.020793631897943095,1526.6341491699218,1459.1245190429688,1534.7249116934431,-7.108256918027337,17.794087475525885,65.82549514136073,37.837401459657485,36.33066586247088,1642.734152562905,1410.5341457769387,41.990234375,67.50963012695297,BUY,MEDIUM
2024-02-06,1628.2509765625,1631.5932938509086,1575.998565824632,1588.0496182360184,7694265,0.025041472713002833,0.021185517203258855,1535.9030639648438,1464.2396044921875,1543.6321559666867,40.20135832648157,55.5947280262767,70.95652474785591,40.68578097713316,37.201688885403335,1653.366074579095,1418.4400533505925,66.139404296875,71.66345947265631,BUY,MEDIUM
2024-02-07,1594.6400146484375,1627.827356650715,1588.143745994436,1627.827356650715,4613877,-0.02064237172147787,0.02186338690970671,1543.9504089355469,1468.843466796875,1548.4900472697107,-33.187342002277546,39.68361065627914,62.427418675916826,39.77254539252772,37.715860186828216,1654.1282241683703,1433.7725937027235,48.58056640625,75.10694213867191,BUY,MEDIUM
2024-02-08,1593.08642578125,1606.50258433862,1584.3306859949523,1598.6412091518757,5919715,-0.000974256793330297,0.02191098655833752,1551.6140869140625,1473.639384765625,1552.7373214136667,-5.554783370625728,22.171898343667635,62.056109598761694,38.479866031793335,37.86866135582124,1652.6990373181309,1450.529136509994,15.7227783203125,77.97470214843747,BUY,MEDIUM
2024-02-09,1571.667724609375,1593.8397389846994,1562.6766131725003,1586.1194941932167,4600004,-0.01344478292279172,0.022170739745355425,1558.6493286132813,1477.9071362304687,1554.540216956115,-14.451769583841724,31.16312581219904,57.02070378860429,35.31995172654638,37.35891942996627,1643.438927851006,1473.8597293755568,0.2354736328125,80.74219238281262,BUY,MEDIUM
2024-02-12,1581.78857421875,1593.8866307964468,1572.6090975073987,1572.6090975073987,3555808,0.006439560634160513,0.021566932069317913,1567.4004272460938,1482.05908203125,1557.1352986001755,9.179476711351299,21.27753328904805,58.7250017251308,33.249090040544615,36.53695355208194,1616.1483668120982,1518.6524876800895,22.124755859375,85.34134521484384,BUY,MEDIUM
2024-02-13,1585.978271484375,1590.2619583832927,1566.1599704025425,1584.518924068217,2696481,0.002648708767980734,0.012958091044739736,1570.7803527832032,1486.3786157226561,1559.8822483986708,1.4593474161579252,24.10198798075021,59.441991878811415,31.581933914119872,35.54594962448953,1614.587750968854,1526.9729545975524,31.1632080078125,84.40173706054702,BUY,LOW
2024-02-14,1568.7020263671875,1571.7618521594686,1539.7984871618103,1563.0531172122069,3768579,-0.010893115894342054,0.012163106933508142,1571.4440979003907,1490.4062866210938,1560.7222272528152,5.648909154980629,31.963364997658346,55.18503867242719,28.53768737934888,34.1442971754614,1614.6996809728932,1528.1885148278882,4.9898681640625,81.03781127929688,BUY,LOW
2024-02-15,1578.258056640625,1588.9910065851047,1564.3711555313787,1578.870044759722,4834391,0.006091679689843588,0.011827166063598366,1573.5530212402343,1494.3981811523438,1562.3923062421302,-0.6119881190970773,24.61985105372605,57.01861410002214,26.58968253911212,32.633374248191544,1613.7078659921933,1533.3981764882753,18.1705322265625,79.15484008789053,BUY,LOW
2024-02-16,1602.0777587890625,1608.9976496273255,1589.1793470591608,1590.1679521477781,4880654,0.015092400161186958,0.012193181620301429,1576.4457397460938,1499.0622998046874,1566.1718731513618,11.909806641284376,19.818302568164654,61.27208409755479,26.660598775393282,31.438819153631893,1616.064257345372,1536.8272221468155,7.8145751953125,77.38343994140632,BUY,LOW
2024-02-19,1600.2889404296875,1611.3513878778704,1588.9440015438006,1605.2317360980246,3690993,-0.0011165615086792258,0.01221179979196106,1579.13603515625,1503.3074560546875,1569.4211176540596,-4.942795668337112,22.40738633406977,60.78558931075467,26.2696376808442,30.40498285907436,1617.5394601932978,1540.7326101192023,11.815673828125,75.82857910156258,BUY,LOW
2024-02-20,1586.6373291015625,1595.1106926748687,1571.1028292171682,1586.401957891193,3706389,-0.008530716537014538,0.012254181819486105,1580.362322998047,1507.4377490234374,1571.060756839536,0.23537121036952158,24.007863457700523,57.06197498781689,24.574942612719042,29.238974809803295,1618.0730024127745,1542.6516435833194,-41.6136474609375,72.92457397460953,BUY,LOW
2024-02-21,1558.67529296875,1576.04564252021,1549.0250732340833,1576.04564252021,4300508,-0.017623457875307946,0.012707066329146833,1580.993115234375,1510.533349609375,1569.881188851842,-17.370349551460095,27.02056928612683,50.26936029548688,20.736543963419763,27.538488640526587,1616.759464748042,1545.2267657207078,-35.9647216796875,70.45976562500005,BUY,LOW
2024-02-22,1582.965576171875,1586.0254020244706,1548.1777559110003,1567.5723214065963,5841277,0.015583927783226814,0.01236341278540606,1581.273211669922,1514.164658203125,1571.1273209775595,15.393254765278698,37.84764611347032,55.25254505506674,19.4306240924127,25.91691573090381,1617.0092082930369,1545.537215046807,-10.120849609375,67.10855346679682,BUY,LOW
2024-02-23,1578.7288818359375,1599.064932049705,1574.0685776987198,1597.6998249586602,5373072,-0.0026764285968765567,0.012347275071535121,1581.6380432128906,1517.9456591796875,1571.8512791545477,-18.9709431227227,24.996354350985257,54.23180250146844,17.84806596619387,24.303145777961824,1617.112750650944,1546.1633357748372,7.0611572265625,63.6923840332031,BUY,LOW
2024-02-26,1563.006103515625,1576.9400103998594,1548.742584990576,1576.9400103998594,2782438,-0.009959137696922471,0.01244132419140624,1581.805157470703,1521.9215478515625,1571.00888147465,-13.933906884234375,28.19742540928337,50.50301142403151,15.150534508804185,22.4726235241303,1616.8936125935602,1546.716702347846,-18.782470703125,59.88360961914054,BUY,LOW
2024-02-27,1566.2542724609375,1573.3154092821974,1556.0863043947375,1563.8064346817055,5159088,0.002078154997607884,0.01242319996844692,1582.3771179199218,1524.97478515625,1570.5560615685824,2.4478377792320316,17.229104887459926,51.24876210945649,13.12354146507596,20.602807112319432,1616.0307075953453,1548.7235282444983,-19.7239990234375,57.40233276367189,BUY,LOW
2024-02-28,1573.4566650390625,1589.0382863616267,1564.7950497873524,1572.2798088946804,3188916,0.004598482318460606,0.012400570154948738,1582.8643432617187,1526.7231225585938,1570.8323095181518,1.1768561443821,24.243236574274306,52.94182401031853,11.960435309240893,18.874332751703726,1615.695019398238,1550.0336671251994,4.754638671875,56.14122070312487,BUY,LOW
2024-02-29,1575.9515380859375,1583.812913721107,1556.5569728576138,1567.5722998042163,7814722,0.0015856001009173504,0.012386524606778712,1583.6575439453125,1528.78591796875,1571.319855096036,8.3792382817212,27.25594086349315,53.54367418775563,11.11188975716368,17.321844152795716,1614.9806553169353,1552.3344325736896,-2.3065185546875,54.87162597656243,BUY,LOW
2024-03-01,1557.8748779296875,1574.1154909938598,1554.3914300839626,1571.3381567596207,6387291,-0.011470314739630227,0.011584262554419694,1581.8381286621093,1530.6010986328124,1570.0393810801932,-13.463278829933188,19.72406090989716,48.68515130150467,8.878430867634052,15.633161495763385,1614.6763605422243,1548.9998967819943,-44.202880859375,51.237030029296875,BUY,LOW
2024-03-04,1541.3990478515625,1567.0545116352562,1538.0568453792753,1560.8407342180715,4445156,-0.010575836552432438,0.011767071272142675,1579.4844177246093,1532.4991357421875,1567.3117302965143,-19.441686366508975,28.997666255980903,44.70359949165655,5.713079983649095,13.649145193340528,1616.5579728895543,1542.4108625596643,-58.889892578125,46.98528198242184,BUY,LOW
2024-03-05,1512.4954833984375,1541.5402694156692,1508.2588013721113,1538.386318003764,4596579,-0.018751513109737217,0.010596862245174303,1573.6966430664063,1533.8266284179688,1562.0911353538406,-25.890834605326518,33.28146804355788,38.72098489758908,0.8623004459914227,11.091776243870708,1614.468240568159,1532.9250455646536,-74.141845703125,39.87001464843752,BUY,LOW
2024-03-06,1522.89892578125,1525.3467635033348,1483.7801827337923,1509.0120236903088,6420684,0.006878329553379414,0.010043447372245114,1570.1095886230469,1534.855673828125,1558.3585439659748,13.886902090941248,41.5665807695425,41.74306856170701,-2.1180904027864926,8.449802914539267,1615.2672233945705,1524.9519538515233,-35.7763671875,35.25391479492191,BUY,LOW
2024-03-07,1521.8631591796875,1533.1609775234701,1510.3299696204092,1522.004404894455,6348359,-0.0006801282632931116,0.01004563032852511,1566.5484252929687,1536.2208276367187,1554.8827930339476,-0.1412457147675923,22.831007903060936,41.5235060234742,-4.511641931694157,5.857513945292583,1615.009141576903,1518.0877090090344,-61.1024169921875,30.327597656249964,BUY,LOW
2024-03-11,1506.940673828125,1519.3683431830998,1495.0779873422402,1514.0489306330928,6752895,-0.009805405473910067,0.009863216595604544,1563.3120727539062,1536.8516259765624,1550.3168769191075,-7.108256804967823,24.290355840859547,38.39049765396707,-7.52591456008895,3.1808282442162765,1618.1930391590658,1508.4311063487467,-71.7882080078125,26.460446777343805,BUY,LOW
2024-03-12,1518.56787109375,1529.9128089712128,1504.1632225256892,1506.375688833194,4614222,0.007715763113678609,0.009924994476180468,1560.1510375976563,1537.7987548828125,1547.293162078597,12.19218226055591,25.74958644552362,42.058867235055125,-8.874233053338685,0.7698159847052843,1617.6322031711977,1502.669872024115,-44.438232421875,22.352282714843795,BUY,LOW
2024-03-13,1517.108642578125,1529.4420705773052,1505.0105857809417,1518.5208697901078,5688997,-0.0009609241334560537,0.009868853831439702,1556.7075561523438,1539.0885888671876,1544.418445935695,-1.4122272119827812,24.43148479636352,41.72310261714536,-9.945882773760104,-1.3733237669877933,1615.8157153995376,1497.5993969051501,-49.1456298828125,17.61896728515626,BUY,LOW
2024-03-14,1556.5570068359375,1560.7465686045769,1513.9076955609466,1519.9332218123318,8803799,0.026002333089854,0.011470983955182023,1556.1003051757812,1541.0082788085938,1545.5744993547657,36.623785023605706,46.8388730436302,52.71332561234163,-7.525272924193359,-2.603713598428907,1614.9520727318184,1497.248537619744,-16.899658203125,15.092026367187373,BUY,LOW
2024-03-15,1538.38623046875,1549.4957975654736,1523.6519697189988,1545.0707498555741,11809997,-0.01167369796762141,0.011634527835047589,1554.1067138671874,1542.8837182617187,1544.8899023180024,-6.6845193868241495,25.843827846474824,48.20389811044355,-6.992546251696467,-3.481480129082419,1612.5207311729396,1495.6926965614352,-37.5653076171875,11.222995605468668,BUY,LOW
2024-03-18,1508.8707275390625,1537.1152732206572,1505.2930391151203,1534.6203153666463,4958904,-0.01918601606353043,0.011630711170719243,1549.4463623046875,1545.0048828125,1541.459504720008,-25.74958782758381,31.822234105536836,41.929374417322144,-8.849993722032195,-4.555182847672374,1606.6681813310745,1492.2245432783004,-49.004150390625,4.4414794921874545,BUY,LOW
2024-03-19,1470.08154296875,1505.4343467383314,1466.8334660527332,1499.1734492026353,6870411,-0.025707427324524246,0.012681445854055088,1542.9359924316407,1545.92283203125,1534.6616036008406,-29.09190623388531,38.60088068559821,35.40665561747494,-13.29869813064488,-6.303885904266876,1604.9646815095089,1480.9073033537725,-71.3175048828125,-2.9868395996093113,SELL,LOW
2024-03-20,1463.961669921875,1482.791364971784,1461.5138325508544,1471.5406681503987,4759059,-0.004162948018867185,0.01263971835444785,1536.8022094726562,1546.3446118164063,1527.9282765837963,-7.578998228523687,21.277532420929674,34.49489353196941,-17.120793188075822,-8.467267361028664,1604.3484340377256,1469.2559849075867,-48.5338134765625,-9.542402343750155,SELL,LOW
2024-03-21,1463.7264404296875,1484.6744782005846,1453.087730653012,1472.4822954464403,11062497,-0.00016068008952729862,0.012241580552409053,1532.0547668457032,1546.9452783203126,1521.8138159976907,-8.755855016752776,31.586747547572713,34.45816337461356,-19.938968099250815,-10.761607508673094,1605.8427526898006,1458.2667810016058,-59.1724853515625,-14.890511474609411,SELL,LOW
2024-03-22,1420.559326171875,1439.4361424981196,1410.5324900051585,1431.9983895472183,14673890,-0.029491244446701703,0.012765329923795832,1523.9344543457032,1546.5602075195313,1512.1705312523748,-11.439063375343267,28.9036524929611,28.467633079540818,-25.36324567017664,-13.681935140973803,1608.4848742825611,1439.3840344088453,-101.3038330078125,-22.625753173828116,SELL,LOW
2024-03-26,1405.3072509765625,1419.2411564778474,1400.8351983634532,1404.6952628966692,8351081,-0.010736668940405147,0.012804646201115688,1515.2633728027345,1546.0470947265626,1501.9930759880117,0.6119880798933082,18.405958114394252,26.701324600549597,-30.540685712320737,-17.05368525524319,1610.4580139861532,1420.0687316193157,-101.6334228515625,-30.783721923828125,SELL,LOW
2024-03-27,1397.022216796875,1411.2857346994197,1394.8568706833632,1408.4612802603947,6857402,-0.005895532221818489,0.01276607534672226,1506.964178466797,1545.85220703125,1491.9958513031415,-11.439063463519688,16.428864016056423,25.76610413514969,-34.90995701081556,-20.624939606357664,1612.4479863762235,1401.4803705573704,-121.545654296875,-38.88802856445295,SELL,LOW
2024-03-28,1410.391357421875,1423.3367734843898,1400.129150066849,1400.129150066849,12499530,0.009569740884760591,0.013106131146497698,1499.1710327148437,1543.6924389648439,1484.223994743021,10.262207355026021,23.207623417540844,30.025193680624355,-36.86885684427034,-23.8737230539402,1608.9257599568903,1389.4163054727971,-106.71728515625,-44.521406250000155,SELL,LOW
2024-04-01,1407.943359375,1440.4245840795604,1405.4485166656525,1435.7642804189727,6580002,-0.0017356870729482443,0.012933676071136824,1490.8953674316406,1540.742763671875,1476.959172327019,-27.820921043972703,34.97606741390791,29.68929625152971,-38.17873140875918,-26.734724724903995,1601.949319414881,1379.8414154484,-148.6136474609375,-49.8473962402345,SELL,LOW
2024-04-02,1396.0806884765625,1405.7780277192792,1394.1977189092265,1397.9636580438985,7279400,-0.008425531339345538,0.012839945914259425,1481.9018249511719,1537.9427856445313,1469.2564595793565,-1.8829695673359765,11.580308810052657,28.051595570277357,-39.716211080427684,-29.331021996008733,1593.0796071808068,1370.724042721537,-142.3055419921875,-56.040960693359466,SELL,LOW
2024-04-03,1394.0096435546875,1407.6140544217724,1388.6902308713024,1392.4561704804448,8736248,-0.00148347079002642,0.012808636523131772,1473.708563232422,1534.9385107421874,1462.0900961484356,1.5534730742426746,18.923823550469933,27.763654917766573,-40.63339433740657,-31.591496464288305,1585.4341523581163,1361.9829741067276,-114.861083984375,-61.22994750976545,SELL,LOW
2024-04-04,1399.7054443359375,1408.1318024819914,1382.0997240670574,1403.3302528566012,11186915,0.0040859120362508605,0.012919719929934945,1466.6238830566406,1532.002958984375,1456.1487007377214,-3.6248085206636915,26.03207841493395,29.894955197494937,-40.43456070904381,-33.360109313239406,1578.251516160624,1354.996249952657,-70.3760986328125,-65.37907592773445,SELL,LOW
2024-04-05,1392.5501708984375,1399.7054325276108,1389.678711160811,1393.4446504316754,5072482,-0.005111985144056308,0.012493602335857452,1460.6266174316406,1528.6117309570313,1450.0916978958849,-0.8944795332379272,10.026721366799848,28.747476242795912,-40.38877770509521,-34.76584299161057,1574.6152217545555,1346.6380131087258,-71.4114990234375,-67.98511352539072,SELL,LOW
2024-04-08,1390.2906494140625,1403.706808694374,1387.8428117589144,1396.2220500141934,6610887,-0.0016225781530853078,0.012244423285811925,1453.9962036132813,1525.4963549804688,1444.396359945235,-5.931400600130928,15.863996935459681,28.37706073922749,-40.072883587306706,-35.8272511107498,1568.1514223631543,1339.8409848634083,-73.435791015625,-71.50015136718753,SELL,LOW
2024-04-09,1407.3785400390625,1425.2197460789992,1400.2703987062528,1402.8123617129154,9423230,0.012290876466875211,0.012787389906397125,1448.27197265625,1522.0966528320312,1440.8708532875041,4.56617832614711,24.949347372746388,35.17941210766679,-38.00558058377078,-36.262917005354,1559.6892211749907,1336.8547241375093,-13.1807861328125,-73.82468017578117,SELL,LOW
2024-04-10,1418.62939453125,1421.5008543199363,1397.6813569645744,1412.5567483925915,6744595,0.0079941921608917,0.012967383470347158,1443.8564086914062,1519.040595703125,1438.752619120242,6.072646138658456,23.81949735536182,39.26917242471862,-35.05528265189423,-36.02139013466205,1552.5907070296796,1335.1221103531327,13.3221435546875,-75.1841870117189,SELL,LOW
2024-04-12,1397.86962890625,1418.6294157880386,1392.926833451286,1415.993212241118,12275616,-0.01463367790419956,0.01296424835613583,1437.8214965820312,1515.8047119140624,1434.8590010046237,-18.123583334868044,25.702582336752585,34.89433929584294,-34.0003549471262,-35.61718309715488,1542.6263783318207,1333.0166148322417,0.847412109375,-77.98321533203125,SELL,LOW
2024-04-15,1382.2410888671875,1404.6483606920185,1375.5565690145563,1393.397662027,8531224,-0.011180255809185136,0.013037180418971924,1431.0781188964843,1512.353232421875,1429.847771277249,-11.156573159812524,29.091791677462197,32.00372027438881,-34.03309734739378,-35.30036594720266,1531.8884195033966,1330.267818289572,-28.1502685546875,-81.27511352539068,SELL,LOW
2024-04-16,1331.68310546875,1370.0016050968616,1330.3651187142993,1366.0944202615754,16173541,-0.03657681992355777,0.01282309542833606,1419.834423828125,1507.7126513671874,1420.4987554859633,-34.41131479282535,39.636486382562225,24.836096109648068,-37.70402414465957,-35.781097586694045,1511.942607332363,1327.726240323887,-76.26025390625,-87.87822753906244,SELL,LOW
2024-04-18,1336.202392578125,1360.1631363842591,1325.1399454315383,1337.9441165902024,22107945,0.0033936655731501286,0.01301799526622326,1409.7252319335937,1503.2349487304687,1412.4705304471215,-1.741724012077384,35.023190952720824,26.42239592641637,-39.789917972599596,-36.58286166387516,1491.3529942700522,1328.0974695971352,-59.8782958984375,-93.50971679687495,SELL,LOW
2024-04-19,1328.67041015625,1343.3575498977523,1298.0721544750609,1303.9564344137511,20603621,-0.00563685745790532,0.01269566392376351,1400.7152160644532,1497.9230932617188,1404.4895666098957,24.71397574249886,45.28539542269141,25.458066519264193,-41.571560817629916,-37.58060149462611,1476.1233124938763,1325.3071196350302,-65.3392333984375,-97.20787719726559,SELL,LOW
2024-04-22,1348.9124755859375,1352.7725406478596,1330.3652692316007,1336.814417739945,5859087,0.015234828197391082,0.012695917317654244,1394.6567626953124,1493.1318774414062,1399.1965103218997,12.098057845992571,22.407271416258936,32.57961822945205,-40.87893320247781,-38.24026783619645,1466.1685022964643,1323.1450230941605,-50.79296875,-98.47511474609382,SELL,LOW
2024-04-23,1357.9976806640625,1362.1872419980825,1349.147700674865,1358.5625485511725,4856174,0.006735207244768393,0.012929951365306579,1389.3585632324218,1487.7268115234374,1395.2728122592487,-0.5648678871100401,13.039541323217463,35.555557364894554,-39.14567374616922,-38.42134901819101,1455.0075453762975,1323.7095810885462,-34.552490234375,-98.36824829101556,SELL,LOW
2024-04-24,1347.0294189453125,1359.7865843478146,1343.54597104933,1359.7865843478146,4268213,-0.008076789728673539,0.012938052948137322,1383.5237121582031,1482.774599609375,1390.678203372207,-12.757165402502096,16.240613298484504,33.625839883584845,-38.216563440344316,-38.38039190262167,1442.0544046856612,1324.993019630745,-43.26123046875,-99.25088745117182,SELL,LOW
2024-04-25,1354.27880859375,1360.351454707475,1336.9084594402714,1336.9084594402714,9089398,0.00538176044745442,0.011613108414194506,1380.2096862792969,1477.998447265625,1387.2115943456872,17.370349153478628,23.44299526720374,36.09456293093904,-36.474812733736144,-37.999276068844566,1437.4690648426767,1322.950307715917,-53.0997314453125,-97.78876098632804,SELL,LOW
2024-04-26,1346.5587158203125,1360.8222343797577,1343.4988900371166,1355.4557017420498,8062444,-0.0057005195122663554,0.011474814189119824,1377.2722595214843,1473.4962670898437,1383.339891628985,-8.896985921737269,17.32334434264112,34.61790509212872,-35.310373709246505,-37.461495596924955,1435.1049712117895,1319.4395478311792,-72.0706787109375,-96.22400756835941,SELL,LOW
2024-04-29,1350.79541015625,1355.549954695784,1344.6757585333085,1346.2762368329832,5055957,0.0031463123636288337,0.011494249055792924,1374.960919189453,1468.8764038085938,1380.24041720301,4.519173323266841,10.874196162475528,36.161419215091954,-33.65769659250009,-36.700735796039986,1433.1455040287206,1316.7763343501856,-47.07421875,-93.91548461914067,SELL,LOW
2024-04-30,1337.42626953125,1352.4900262289832,1334.601815150425,1350.7481874189334,6936588,-0.009897235750492839,0.011319953753825412,1371.3126647949218,1463.9053637695313,1376.1628793295092,-13.321917887683412,17.888211078558243,33.475803734986656,-33.04578475211474,-35.96974558725494,1429.3032990967945,1313.3220304930492,-44.8148193359375,-92.59269897460945,SELL,LOW
2024-05-02,1331.68310546875,1340.6743311181829,1329.235268018188,1330.3179985042082,10076354,-0.004294191159048277,0.011324235895913413,1367.4996520996094,1459.1649853515626,1371.9267103903892,1.3651069645418374,11.439063099994883,32.36383950178049,-32.64792064566336,-35.30538059893662,1425.3831233229953,1309.6161808762236,0.0,-91.66533325195314,SELL,LOW
2024-05-03,1333.425048828125,1341.4276701119534,1321.0915052605797,1338.8855920418562,8842345,0.001308076487733123,0.011275126272672279,1364.3668701171875,1454.2683251953124,1368.2598854796975,-5.460543213731171,20.336164851373724,33.08981096924491,-31.82518923278826,-34.609342325706955,1422.5053215810563,1306.2284186533188,-2.77734375,-89.90145507812485,SELL,LOW
2024-05-06,1342.46337890625,1361.104711483765,1334.1782655868928,1336.9085948576374,6445422,0.006778281303525979,0.011453925909008024,1361.7895568847657,1449.0760375976563,1365.8030753298453,5.554784048612646,26.92644589687211,36.875767049263644,-30.09691248731974,-33.70685635802951,1419.0060155890287,1304.5730981805027,13.79296875,-87.28648071289058,SELL,LOW
2024-05-07,1356.6324462890625,1358.8920327440642,1332.7658301275853,1341.5686898255074,6080661,0.01055452804556678,0.011717735499665921,1359.6359069824218,1444.2029077148438,1364.929682087866,15.063756463555137,26.12620261647885,42.37997124148015,-27.269568778853,-32.41939884219421,1414.1608239355583,1305.1109900292854,7.719970703125,-84.567000732422,SELL,LOW
2024-05-08,1343.7813720703125,1355.5028124792066,1342.1807788692665,1351.2661306551702,6234983,-0.009472775219185436,0.011828615887510172,1357.1974670410157,1439.3457885742187,1362.9155573242895,-7.484758584857673,13.322033609940036,39.05380024007374,-25.768806052873742,-31.089280284330123,1409.9495865527874,1304.445347529244,-14.21630859375,-82.14832153320299,SELL,LOW
2024-05-09,1355.314453125,1365.1058028380908,1341.474557983215,1344.0166358308118,6088406,0.00858255762015725,0.01205077912356048,1355.4486572265625,1435.2785717773438,1362.1916426386429,11.297817294188235,23.63124485487583,43.350827248147496,-23.379315330973213,-29.547287293658744,1405.9682591082296,1304.9290553448955,8.2850341796875,-79.82991455078127,SELL,LOW
2024-05-10,1341.5218505859375,1351.925189724819,1330.3181573439954,1351.0779452607514,8777481,-0.01017668077490086,0.01177058578956577,1352.1558227539062,1430.449697265625,1360.2230910145756,-9.556094674813949,21.60703238082351,39.74207131170469,-22.34104086159209,-28.106038007245417,1396.9699698693198,1307.3416756384927,-12.7569580078125,-78.29387451171874,SELL,LOW
2024-05-13,1340.156494140625,1341.615841553252,1328.6233053272724,1341.615841553252,3735954,-0.0010177668330307865,0.011524611353821698,1348.232177734375,1425.6782495117188,1358.3119865503897,-1.4593474126270394,12.99253622597962,39.392482137315056,-21.381896525246248,-26.761209710845584,1381.2742334995826,1315.1901219691674,-6.4022216796875,-77.44607177734383,SELL,LOW
2024-05-14,1341.33349609375,1349.8539804416741,1335.072713427135,1342.9340893861715,3463230,0.0008782570977874382,0.011202158425053382,1345.40537109375,1421.2447973632814,1356.6949874592813,-1.6005932924215358,14.781267014539026,39.88340995081841,-20.292869934694636,-25.467541755615397,1369.4169757041213,1321.3937664833788,-9.4619140625,-75.83942626953126,SELL,LOW
2024-05-15,1336.861328125,1348.0180152167325,1335.5433413149956,1342.5573572737128,4327544,-0.003334120844498356,0.010999358780637588,1343.1363830566406,1416.6569384765626,1354.806067522683,-5.696029148712796,12.474673901736878,38.60388785089928,-19.565140336359946,-24.28706147176431,1360.433493867065,1325.8392722462163,-0.56494140625,-73.52055541992195,SELL,LOW
2024-05-16,1368.3070068359375,1370.566593499511,1343.4989036055658,1350.0421774524657,9249145,0.023522019860535037,0.008964902261312122,1344.967578125,1412.5539453125,1356.0918712668024,18.264829383471806,27.06768989394527,50.603767368680636,-16.263530066292333,-22.682355190669917,1364.6209108617475,1325.3142453882526,36.6239013671875,-67.58636718749995,SELL,LOW
2024-05-17,1359.78662109375,1371.7434327729238,1355.0320766083944,1371.7434327729238,7542860,-0.0062269546962928635,0.00910898897697741,1346.1467895507812,1408.2306469726564,1356.4437522027022,-11.956811679173825,16.711356164529434,47.873446570306776,-14.17114789035918,-20.98011373060777,1366.3766299031481,1325.9169491984144,26.361572265625,-62.08385742187511,SELL,LOW
2024-05-21,1350.23046875,1360.1630645795747,1344.8169310704366,1346.323283787107,6752663,-0.007027685223188529,0.009166761862940083,1347.2247924804688,1404.0777587890625,1355.8520109214924,3.9071849628930977,15.346133509138099,44.944472003076314,-13.132636709965936,-19.410618326479405,1365.8486642376706,1328.6009207232669,7.76708984375,-56.85296630859375,SELL,LOW
2024-05-22,1369.672119140625,1374.52067386965,1344.4402807852039,1345.1463943780532,7173285,0.014398764389181196,0.009099343873701421,1348.2627746582032,1400.6432202148437,1357.168211704267,24.525724762571826,30.080393084446087,51.45214470601877,-10.618427785790573,-17.652180218341638,1369.3043005346265,1327.2212487817799,13.0396728515625,-52.38044555664055,SELL,LOW
2024-05-23,1386.2423095703125,1391.6558474322132,1365.153026044568,1369.5779588477037,8641428,0.012097924896130818,0.009358668562021841,1349.6750061035157,1398.1181567382812,1359.9371734057952,16.664350722608788,26.502821387645326,56.20375387640558,-7.205759702250589,-15.562896115123428,1376.2137241589744,1323.136288048057,42.4609375,-48.443150634765516,SELL,LOW
2024-05-24,1379.3695068359375,1389.1609728015073,1374.5679568215526,1382.3352072624964,5277938,-0.004957865365186609,0.009223215760855195,1351.292010498047,1395.247568359375,1361.7878718277134,-2.9657004265588967,14.593015979954771,53.84955138312055,-4.998157750056862,-13.449948442110115,1380.767383127526,1321.8166378685678,24.0550537109375,-43.95555786132809,SELL,LOW
2024-05-27,1385.2535400390625,1393.0207890926204,1374.8030824797427,1385.7242824059447,5821844,0.004265741104152676,0.009200104142738301,1352.8407470703125,1392.5153759765626,1364.0226973716515,-0.4707423668821775,18.21770661287769,55.565577721565774,-2.7422144522190592,-11.308401644131905,1385.8270496358582,1319.854444504767,43.731689453125,-39.674628906250064,SELL,LOW
2024-05-28,1381.205322265625,1389.6315652574615,1374.8502998635329,1389.1608228573064,6186922,-0.002922365947047756,0.009111434440191456,1354.5730773925782,1390.0006689453126,1365.6591378377443,-7.955500591681357,14.781265393928606,54.075790198972506,-1.2664219534785843,-9.30000570600124,1389.6317328921962,1319.5144218929602,41.048828125,-35.427591552734384,SELL,LOW
2024-05-29,1366.04736328125,1379.7460134801906,1365.1529986668554,1379.6518879829935,7401634,-0.010974442930404504,0.009500468216240829,1355.335675048828,1386.9502587890624,1365.6961116895068,-13.604524701743458,14.59301481333523,48.79986463648442,-1.3049240235495745,-7.700989369510908,1390.6947021576293,1319.9766479400269,24.7138671875,-31.614583740234366,SELL,LOW
2024-05-30,1343.9224853515625,1365.011768697552,1338.3678167520543,1358.3743695494225,9663150,-0.01619627439311,0.009960212860918683,1355.6604858398437,1383.4865356445312,1363.622432990655,-14.451884197859954,26.643951945497747,42.3109326441912,-3.0851660611751868,-6.777824707843765,1390.4705649620698,1320.8504067176175,7.0611572265625,-27.8260498046875,SELL,LOW
2024-05-31,1351.0770263671875,1379.742614221291,1344.4507812144127,1353.8619835736356,37113815,0.0053236262460132355,0.009959451551261359,1356.6301818847655,1379.3769360351562,1362.4276323598485,-2.784957206448098,35.29183300687828,44.864073975234106,-3.874051382157404,-6.197070042706493,1389.7541767083521,1323.506187061179,-17.22998046875,-22.746754150390643,SELL,LOW
2024-06-03,1350.11669921875,1382.8636553906256,1348.2920640058599,1382.8636553906256,10589244,-0.0007107863798259118,0.009963942399840883,1357.4647644042968,1375.6115454101562,1361.2551625368867,-32.74695617187558,34.571591384765725,44.57888505248936,-4.524582487279304,-5.862572531621055,1389.0115926505434,1325.9179361580502,-9.669921875,-18.14678100585934,SELL,LOW
2024-06-04,1338.3526611328125,1358.8555105856897,1304.4532506211224,1353.09357909204,13736134,-0.008713349070302412,0.010065664955545546,1357.259228515625,1372.2011840820312,1359.0739719269748,-14.740917959227545,54.40225996456729,41.12973744513567,-5.921137445586055,-5.874285514414055,1389.2448436779418,1325.273613353308,-11.8778076171875,-14.94195556640625,SELL,LOW
2024-06-05,1373.3564453125,1380.9430124283645,1344.594848794161,1344.594848794161,9233424,0.02615438007950721,0.01144508231604175,1358.0954284667969,1370.2666821289063,1360.434207487501,28.761596518339047,36.3481636342035,52.825599275619425,-4.155502421998563,-5.530528895930956,1390.8372696246745,1325.3535873089193,3.684326171875,-12.171253662109393,SELL,LOW
2024-06-06,1413.833984375,1415.8026912541518,1380.4627967662166,1387.6171483700416,12660930,0.029473440198760414,0.012854184390132584,1361.5980590820313,1369.2641284179688,1365.5199005244058,26.216836004958395,35.339894487935226,62.18216902254597,0.5041634894676008,-4.323590418851245,1401.6397043821767,1321.556413781886,27.5916748046875,-7.666069335937436,SELL,LOW
2024-06-07,1472.7496337890625,1478.6075738994743,1418.6355184856213,1422.2367255895786,24075302,0.04167083976277941,0.015515557931242359,1367.4698181152344,1369.4445922851562,1375.7322560734208,50.512908199483945,59.97205541385301,71.15110151101186,8.848977322199744,-1.6890768706410468,1430.1472535523405,1304.7923826781282,93.380126953125,-1.9747741699218295,SELL,MEDIUM
2024-06-10,1440.2427978515625,1469.1005184048513,1437.8900560410068,1464.7790697698574,6810606,-0.022072207788547904,0.016306600352038556,1372.4058654785156,1369.83826171875,1381.8761171951485,-24.536271918294915,31.2104623638445,62.36291511123719,12.692955921808334,1.1873296878488295,1441.3661770413485,1303.4455539156827,54.9892578125,2.5676037597656887,BUY,MEDIUM
2024-06-11,1436.4014892578125,1446.6768867495505,1434.67286293827,1440.530920339611,4853054,-0.0026671257092762968,0.016335761867168657,1377.218115234375,1370.460146484375,1387.069009772545,-4.12943108179843,12.004023811280376,61.39784264499073,15.253541820897226,4.000572114458509,1449.840268619099,1304.595961849651,55.1961669921875,6.7579687500001455,BUY,MEDIUM
2024-06-12,1426.270263671875,1448.8858948702687,1423.9175215369614,1447.2053312805267,9564320,-0.0070531990266679,0.016500730672775705,1381.4649536132813,1371.045107421875,1390.8024625248622,-20.935067608651707,24.968373333307227,58.81277073462678,16.277680392291813,6.45599377002517,1455.1230563071574,1307.8068509194052,60.222900390625,10.41984619140635,BUY,MEDIUM
2024-06-13,1434.6729736328125,1445.2845783914581,1430.2555159747842,1435.6813586014816,7307565,0.005891386909592455,0.01643720909161846,1386.355535888672,1371.5307397460938,1394.9806064399052,-1.0083849686691337,15.029062416673924,60.30553602945826,17.56486917995744,8.677768852011624,1460.505161039661,1312.2059107376829,90.75048828125,14.82479614257818,BUY,MEDIUM
2024-06-14,1429.8232421875,1444.0359353932247,1427.0863483292007,1444.0359353932247,4237727,-0.0033803741580440416,0.015815613882335607,1389.43134765625,1371.9683374023436,1398.298952701581,-14.21269320572469,16.949587064023945,58.976936295589596,17.986307810782364,10.539476643765774,1465.4120218826392,1313.4506734298607,78.7462158203125,17.463010253906305,BUY,MEDIUM
2024-06-18,1438.75439453125,1447.2052751454503,1436.0655632280468,1437.6020550051355,5420939,0.0062463331691868795,0.015706449910636442,1393.379736328125,1372.8218115234374,1402.1518519234542,1.1523395261144742,11.139711917403474,60.69431790128671,18.823979200692975,12.196377155151215,1470.9780249142377,1315.7814477420125,88.6376953125,20.557924804687673,BUY,MEDIUM
2024-06-19,1451.3824462890625,1455.5118772535266,1437.313707336635,1445.2844258115615,5493456,0.008777072588491919,0.015575473384843197,1398.4373352050782,1373.969267578125,1406.840479958274,6.098020477500995,18.19816991689163,63.049745139730774,20.273122119899426,13.811726148100856,1477.3022081203999,1319.5724622897565,113.02978515625,24.468067626953143,BUY,MEDIUM
2024-06-20,1455.2718505859375,1457.2885031581282,1439.618556511379,1456.1361637531038,7927010,0.002679792846344231,0.015372199981788279,1402.7173217773438,1375.080595703125,1411.452991446623,-0.8643131671663014,17.669946646749167,63.76988278546001,21.48772364301817,15.346925647084321,1484.1233408200615,1321.3113027346262,81.9154052734375,27.636726074218814,BUY,MEDIUM
2024-06-21,1471.8853759765625,1495.9414872261423,1463.2424786021215,1483.697382612351,17301941,0.011416097538020642,0.015352046457665094,1406.9994750976562,1376.6672998046874,1417.2084566399506,-11.81200663578852,32.699008624020735,66.75075436257674,23.5197556522005,16.981491648107557,1493.3484839341538,1320.6504662611585,58.0513916015625,30.332175292968714,BUY,MEDIUM
2024-06-24,1466.5556640625,1468.428244941943,1455.271881344855,1464.0588504809766,5564989,-0.0036210101690332674,0.015317930987633045,1411.3587829589844,1378.1926000976562,1421.9081906801935,2.4968135815233836,13.156363597087875,64.90580815815025,24.41860991522799,18.468915301531645,1500.4477383154187,1322.26982760255,-6.1939697265625,33.16618286132825,BUY,MEDIUM
2024-06-25,1480.7684326171875,1482.6411308173647,1460.0255012602715,1465.4513439015984,4551525,0.00969125748375399,0.01538607325720488,1416.1345275878907,1379.6603979492188,1427.5139280075261,15.31708871558908,22.615629557093143,67.48658112478424,25.978347813241953,19.970801803873705,1509.2626875128672,1323.0063676629143,40.525634765625,36.47412963867191,BUY,MEDIUM
2024-06-26,1479.5679931640625,1487.3946405637594,1474.0942048965353,1479.8561366420593,4851004,-0.0008106868208983542,0.015347234339878113,1421.0526611328125,1380.879169921875,1432.4714580224343,-0.2881434779967549,13.300435667224065,67.03816324434291,26.808553585359732,21.338352160170913,1516.6395485957955,1325.4657736698296,43.16650390625,40.17349121093753,BUY,MEDIUM
2024-06-27,1510.922607421875,1515.7722804516513,1471.261378838573,1477.40734590662,14757754,0.02119173596798385,0.01542955357923333,1428.2964233398438,1383.1402294921875,1439.9429960604762,33.515261515254906,44.51090161307843,72.2286528612197,29.654711910743345,23.001624110285398,1527.9817762361697,1328.611070443518,84.65234375,45.15619384765637,BUY,MEDIUM
2024-06-28,1504.58447265625,1525.4714758668922,1502.1836676895095,1510.15438706981,8197544,-0.004194877179341416,0.014774558132015144,1436.329522705078,1385.5870971679688,1446.0993271648356,-5.5699144135599,23.287808177382658,69.83471444288023,31.04105640760963,24.609510569750245,1533.382229271091,1339.276816139065,69.9114990234375,50.742425537109284,BUY,LOW
2024-07-01,1527.68017578125,1536.4190819140294,1497.6220524294586,1497.6220524294586,6801771,0.015350220306491691,0.014928119834208844,1445.1596801757812,1389.5070385742188,1453.8689317949702,30.058123351791437,38.797029484570885,73.30657421690452,33.6158717879739,26.41078281339498,1541.7139750832544,1348.605385268308,97.85693359375,55.652641601562436,BUY,LOW
2024-07-02,1556.72998046875,1568.9740856185726,1523.550809426941,1532.86588566981,10493173,0.019015632426233386,0.015093654230715788,1455.4903442382813,1393.9175903320313,1463.665222144854,23.86409479893996,45.42327619163166,76.90684178209696,37.56745376432218,28.642117003580424,1553.3616583238877,1357.619030152675,117.9755859375,61.57275390625,BUY,MEDIUM
2024-07-03,1562.8280029296875,1571.086748455425,1542.2770892539197,1560.5232067482063,7269965,0.0039171998596065905,0.014648144801266074,1466.714111328125,1398.6007421875,1473.1092965053142,2.3047961814811515,28.809659201505383,77.59012443540533,40.7217553521989,31.058044673304124,1559.6384330318774,1373.7897896243726,111.445556640625,68.11336914062508,BUY,LOW
2024-07-04,1585.1553955078125,1594.13438198508,1563.4040806456085,1563.5960981382616,8008311,0.01428653219437459,0.014099147529012333,1477.3040588378906,1403.3256005859375,1483.7803535531712,21.559297369550904,30.730301339471453,79.93147377334492,44.510111213865,33.7484579814163,1573.4751481002772,1381.132969575504,129.883544921875,73.97845825195304,BUY,LOW
2024-07-05,1582.0823974609375,1599.7523453204356,1568.5418810019864,1585.9236853770542,7065022,-0.0019386099656750755,0.013220169911501628,1485.7164794921875,1407.807294921875,1493.1424529729584,-3.8412879161166984,31.210464318449112,78.71254125052457,46.72581911070324,36.34393020727369,1587.479995072728,1383.9529639116472,110.197021484375,77.90918457031262,BUY,LOW
2024-07-08,1595.7191162109375,1599.8964935741276,1574.9281209253115,1577.9050957573086,5880533,0.008619474416683648,0.010213500367175452,1491.8649536132812,1412.7810888671875,1502.911658995623,17.814020453628927,24.968372648816057,80.15853948893513,49.01711404001276,38.878566973821506,1604.074963713796,1379.6549435127663,129.1634521484375,79.0838647460937,BUY,LOW
2024-07-09,1591.3975830078125,1600.61665051487,1585.491579421059,1594.0384684368905,5191182,-0.0027082041940981183,0.00835364461017448,1499.4226928710937,1417.5234643554688,1511.3388898539267,-2.6408854290780255,15.125071093810902,78.34238255286525,49.90895084831095,41.0846437487194,1616.9428534638269,1381.9025322783605,110.629150390625,81.89922851562483,BUY,LOW
2024-07-10,1582.8507080078125,1607.5789990626897,1572.575309683498,1591.2535253565572,9852770,-0.005370672351937333,0.00850534303828354,1506.7451538085938,1422.2493041992188,1518.1495392019158,-8.402817348744748,35.003689379191655,74.7358747056117,49.35711842349269,42.739138683674064,1625.8846801211248,1387.6056274960629,103.28271484375,84.495849609375,BUY,LOW
2024-07-11,1587.1240234375,1598.9360301908912,1576.896688557358,1590.2931327303997,8857679,0.0026997589905783936,0.008051405408533245,1514.787841796875,1426.9758764648439,1524.7185377005428,-3.1691092928997477,22.03934163353324,75.34696142239487,48.70318805743068,43.93194855842539,1632.8234226940253,1396.7522608997247,76.201416015625,87.81196533203115,BUY,LOW
2024-07-12,1643.8310546875,1651.5136300854847,1600.520559326722,1613.340833576749,17078316,0.035729426568177125,0.010531947833738108,1525.2457458496094,1433.1039721679688,1536.062586937396,30.49022111075101,50.99307075876277,81.67965927663428,52.159465185929776,45.57745188392627,1649.9120166186556,1400.5794750805633,139.24658203125,92.14177368164064,BUY,LOW
2024-07-15,1639.317626953125,1659.4363248574064,1635.092186939841,1657.7076984616265,6942230,-0.0027456761578416033,0.01050031339732027,1535.7204650878907,1439.2566625976563,1545.8964002722273,-18.390071508501478,24.344137917565376,79.92000210473884,53.91291924014945,47.244545355170914,1661.7529532234814,1409.6879769523,111.637451171875,96.46380249023446,BUY,LOW
2024-07-16,1657.563720703125,1668.943512173137,1632.547287437264,1650.4092519603355,6886281,0.011130298027669294,0.010540742538861902,1546.6609313964843,1445.7394360351564,1556.5313831704082,7.154468742789504,36.39622473587292,81.64183683702191,56.127844633168706,49.021205210770475,1675.0902305201457,1418.231632272823,100.833740234375,100.92149536132797,BUY,LOW
2024-07-18,1688.2939453125,1695.3522877574176,1650.7933286237846,1650.7933286237846,11248896,0.018539392619150385,0.010841517498761239,1558.5065063476563,1452.6560473632812,1569.080198612512,37.500616688715354,44.558959133632925,84.11274785161693,59.674965412684514,51.15195725115329,1693.151218353043,1423.8617943422696,125.4659423828125,105.85045898437511,BUY,LOW
2024-07-19,1721.8092041015625,1770.8336868455729,1715.5671113876276,1770.8336868455729,29819116,0.01985155421667928,0.011104465909870688,1571.8333740234375,1459.9595825195313,1583.6258181828975,-49.024482744010356,55.26657545794524,86.28144011124436,64.44757395630222,53.81108059218308,1715.4329988541283,1428.2337491927467,136.65380859375,111.8737915039062,BUY,LOW
2024-07-22,1738.9990234375,1750.6669588687384,1721.8092366549201,1728.7236252048558,8462126,0.009983579652721897,0.011089292785206468,1585.1890563964844,1467.863935546875,1598.4232663023836,10.275398232644193,28.857722213818306,87.2432775264614,68.82361952631936,56.81358837901034,1738.480627107355,1431.8974856856137,156.9166259765625,117.32512084960945,BUY,LOW
2024-07-23,1764.015380859375,1766.9442924167647,1712.494085746934,1738.1826974355533,7113056,0.014385492507307474,0.010786140756112887,1600.0620422363281,1476.0379541015625,1614.1939438792397,25.832683423821663,54.45020666983078,88.50624593658124,73.46343736524227,60.14355817625673,1761.909122310962,1438.2149621616943,168.2962646484375,124.02408813476563,BUY,LOW
2024-07-24,1761.182373046875,1769.249100779416,1747.4017766683005,1764.5915628208677,6002845,-0.0016059994959453094,0.01105866124729219,1614.0827392578126,1484.4311645507812,1628.192841895205,-3.4091897739926935,21.84732411111554,87.45034472412584,76.035437187159,63.321933978437194,1780.6778072812067,1447.4876712344185,169.7847900390625,129.6515747070314,BUY,LOW
2024-07-25,1752.4434814453125,1758.2534761150766,1740.1033678723722,1747.7859434479678,5815599,-0.004961945869605855,0.011284526004373241,1627.726513671875,1492.676904296875,1640.0262361380724,4.657537997344662,18.15010824270439,84.11665906338975,76.48691649608986,65.95493048196774,1792.7089429820112,1462.7440843617387,169.5927734375,135.04960937500005,BUY,LOW
2024-07-26,1804.3489990234375,1808.2862957121283,1752.923709894062,1752.923709894062,11369047,0.029618939570773772,0.01192047985020307,1642.3978332519532,1501.9372143554688,1655.6760230795355,51.425289129375415,55.362585818066236,87.23039882010755,80.10960491819583,68.78586536921335,1815.2234143199537,1469.5722521839527,217.2249755859375,140.46061889648445,BUY,LOW
2024-07-29,1796.8585205078125,1827.492816601406,1790.0402575643832,1818.465766106095,4635931,-0.004151346840150727,0.011917951380660841,1657.0115356445312,1511.137158203125,1669.1219752155619,-21.60724559828259,37.452559037022866,84.6513759380283,81.43743254773676,71.31617880491804,1830.1806916475307,1483.8423796415318,153.0274658203125,145.8743774414063,BUY,LOW
2024-07-30,1802.6683349609375,1805.3571660297775,1786.1987904104494,1796.8583403917328,2721265,0.0032333176968675215,0.011885134465072018,1670.7609436035157,1519.824384765625,1681.8406761436931,5.809994569204719,19.158375619328126,85.02128858042275,82.01315241275188,73.45557352648481,1844.338684752846,1497.1832024541854,163.3507080078125,150.93655883789074,BUY,LOW
2024-07-31,1794.1214599609375,1810.350924152097,1791.048476651269,1802.5242769151237,5004209,-0.004741235442062175,0.01195282833744392,1682.630517578125,1528.5110815429687,1692.5340841262878,-8.402816954186164,19.30244750082784,81.89439100197652,80.84779017123651,74.93401685543515,1855.8605275811688,1509.400507575081,136.5577392578125,154.11943603515624,BUY,LOW
2024-08-01,1779.092529296875,1793.7855029159562,1771.8901142339544,1782.453656326238,7475014,-0.008376763223371553,0.012436263838441835,1693.4437438964844,1537.0883227539061,1700.7777455711057,-3.361127029362933,21.895388682001794,76.56219894614577,77.81452568207578,75.51011862076328,1862.3561127442229,1524.531375048746,90.798583984375,156.35542114257828,BUY,LOW
2024-08-02,1748.938232421875,1785.7186088193323,1744.0886770658112,1769.8732971519382,7400938,-0.016949257207503066,0.013344860756199995,1701.6328857421875,1544.6736450195312,1705.3644586045125,-20.93506473006323,41.62993175352108,67.11930932040781,72.14579021270993,74.83725293915262,1864.524857751455,1538.7409137329198,27.1290283203125,156.9592407226562,BUY,LOW
2024-08-05,1682.3880615234375,1726.1787193591779,1650.3613476722035,1714.1266318965754,10736703,-0.03805175601100608,0.01642301738793715,1706.6481689453126,1550.5965600585937,1703.1762303110768,-31.738570373137918,75.81737168697441,51.90412978152303,61.573453460337305,72.18449304338957,1860.429803365106,1552.8665345255192,-56.6109619140625,156.0516088867189,BUY,MEDIUM
2024-08-06,1681.619873046875,1725.6506144088735,1675.617860395926,1690.3587800212945,7690163,-0.0004566059960428026,0.016390935109425287,1710.9432067871094,1556.6415673828126,1701.1232439049622,-8.738906974419479,50.03275401294741,51.758277671912104,52.52731187034419,68.2530568087805,1856.6800719090818,1565.206341665137,-82.3955078125,154.3016394042968,BUY,MEDIUM
2024-08-07,1720.560791015625,1726.5628030142375,1692.183231395466,1724.7381679213,5094329,0.0231567898268199,0.0169482994603829,1717.4013671875,1563.3477124023439,1702.9744388678826,-4.177376905674919,34.37957161877148,58.174443878509784,47.94767517061632,64.19198048114767,1852.4297748092804,1582.3729595657196,-40.62158203125,154.05365478515614,BUY,MEDIUM
2024-08-08,1673.9853515625,1709.3251315403352,1658.572136260406,1709.3251315403352,6227910,-0.02706991795717495,0.018228996750940668,1721.9580993652344,1569.2033129882811,1700.2135734102271,-35.33977997783518,50.75299527992911,49.66604505840913,40.09780879513164,59.37314614394447,1844.0475327234399,1599.8686660070289,-78.4581298828125,152.75478637695323,BUY,MEDIUM
2024-08-09,1700.490234375,1710.0934546736023,1686.3254844345618,1700.9703953899302,4258524,0.01583340187998683,0.018454265731218143,1727.6264099121095,1575.8921704101563,1700.2399220735388,-0.4801610149302178,23.76797023904055,53.80651763269845,35.605023126502374,54.61952154045605,1833.6143290307293,1621.6384907934896,-103.8587646484375,151.7342395019532,BUY,MEDIUM
2024-08-12,1726.082763671875,1731.9407043499043,1697.9452825491308,1702.698946723047,4315329,0.015050088956424457,0.017089221831689646,1731.738995361328,1583.5353759765626,1702.7011450829038,23.3838169488281,33.995421800773556,57.446475809495425,33.720848394119,50.43978691118864,1830.5414741768213,1632.9365165458348,-70.7757568359375,148.2036193847655,BUY,MEDIUM
2024-08-13,1726.130615234375,1738.1827024097588,1718.0640047615366,1738.1827024097588,4176918,2.772263503647565e-05,0.017054919330239022,1736.0796447753905,1591.0364477539063,1704.9325231925677,-12.052087175383804,20.118697648222224,57.45322652675574,31.864177165538422,46.7246649620586,1825.435751385871,1646.72353816491,-76.5377197265625,145.04319702148427,BUY,MEDIUM
2024-08-14,1750.906982421875,1752.5875458219782,1726.1306294039184,1730.5001411349067,7450718,0.014353703577719035,0.017153503364399796,1740.746807861328,1599.0522534179688,1709.3110431191687,20.4068412869683,26.45691641805979,60.91098973163729,32.022858033709554,43.78430357638879,1822.6516554910802,1658.841960231576,-43.2144775390625,141.69455444335927,BUY,MEDIUM
2024-08-16,1785.1904296875,1787.9753867685558,1756.9089953467567,1776.5955951852964,7335657,0.0195803932532177,0.01720501158662559,1745.5916320800782,1607.9890087890626,1716.5376513637718,8.59483450220364,31.066391421799153,65.13348088814693,34.51710968627276,41.93086479836559,1825.961410757781,1665.2218534023752,6.097900390625,137.60262329101556,BUY,MEDIUM
2024-08-19,1790.8084716796875,1793.449357119504,1775.8273550396493,1786.1988792940135,2585989,0.0031470267254183337,0.01673976686897005,1749.0415954589844,1616.3380493164063,1723.6110628224305,4.609592385673977,17.62200207985461,65.78571973691129,36.52610097257207,40.849912033206884,1830.9408266886153,1667.1423642293535,41.8702392578125,132.70354614257803,BUY,MEDIUM
2024-08-20,1797.914794921875,1810.8791418743747,1794.0735069359491,1805.405353385153,3870333,0.003968220697282199,0.016644439059613762,1751.9873840332032,1624.0196655273437,1730.6876087366634,-7.490558463277921,16.805634938425555,66.63592124132137,38.25073131622821,40.330075889811155,1836.4286101570294,1667.546157909377,115.5267333984375,127.96771850585947,BUY,MEDIUM
2024-08-21,1798.3948974609375,1804.4449727328276,1793.0171179008144,1800.6996936229339,1966902,0.00026703297643382307,0.016379841210544387,1753.7063598632812,1630.5325708007813,1737.1359219484991,-2.3047961619963644,11.427854832013281,66.6961332130831,39.20433043398998,40.10492679864692,1840.426012057329,1666.9867076692335,116.7750244140625,123.17378906249996,BUY,MEDIUM
2024-08-22,1805.645263671875,1818.5136006570308,1795.5138206733318,1809.2464708192063,4300287,0.004031576280145055,0.016379447367093063,1755.9295043945312,1637.8406201171874,1743.6606211602493,-3.6012071473312517,22.999779983699,67.64574424094639,40.08305604525685,40.10055264796891,1845.533524289694,1666.3254844993685,85.08447265625,118.08888427734382,BUY,MEDIUM
2024-08-23,1788.2154541015625,1807.9020537953018,1783.3178356718943,1803.67661383031,5015935,-0.009652953390672181,0.01650805644333327,1757.7181030273437,1644.8768994140626,1747.9039385832316,-15.461159728747589,24.58421812340748,62.995477713384275,38.92431715907037,39.865305550189206,1848.3940649995889,1667.0421410550985,114.2301025390625,112.8412036132811,BUY,MEDIUM
2024-08-26,1801.7081298828125,1813.8081635443523,1790.0401942272256,1795.8021261828926,3728589,0.007545330038560172,0.01518908755103115,1757.5860595703125,1652.3856567382813,1753.02814727843,5.906003699919893,23.7679693171267,65.0012430051034,38.64923014920578,39.62209046999252,1847.997324012102,1667.174795128523,101.2178955078125,105.20040283203116,BUY,MEDIUM
2024-08-27,1824.7076416015625,1827.2525181137994,1799.5472543971127,1801.7079786991785,3830679,0.01276539265005483,0.015412933891566168,1758.978515625,1660.1863500976563,1759.8547657853949,22.99966290238399,27.70526371668666,68.16852868746116,39.82797795494798,39.66326796698361,1852.5682432651865,1665.3887879848135,98.6248779296875,98.79216552734374,BUY,MEDIUM
2024-08-28,1862.1602783203125,1873.588133022963,1822.1148997127973,1831.2379582795415,6514531,0.020525280798340706,0.01602457666160595,1761.9531127929688,1668.8330908203125,1769.5981479315774,30.922320040770956,51.4732333101656,72.5283425260057,43.28529294892019,40.387672963370925,1864.281893565431,1659.6243320205067,136.0296630859375,93.12002197265633,BUY,MEDIUM
2024-08-29,1856.638427734375,1873.1079727033768,1844.6824662886909,1856.3023384955793,7228284,-0.0029652928645423904,0.01599161375681088,1765.0789611816406,1677.190771484375,1777.8876983889868,0.33608923879569375,28.42550641468597,70.98464369385357,45.06024632538856,41.322187635774455,1874.7064984293124,1655.4514239339687,105.7314453125,87.88818969726549,BUY,MEDIUM
2024-08-30,1866.5777587890625,1872.6278340667684,1851.5007508106305,1861.1039704725115,13466759,0.005353401559622162,0.01582392473295476,1769.45322265625,1685.494677734375,1786.3343708080417,5.473788316551008,21.127083256137894,72.1343354469245,46.73025334179465,42.4038007769785,1887.6174534288623,1651.288991883638,81.3873291015625,83.95854492187505,BUY,MEDIUM
2024-09-02,1886.5526123046875,1897.3562350526781,1865.7136713170646,1866.241778093103,5573739,0.010701324079090968,0.015229861426805113,1776.3339416503907,1694.12029296875,1795.8789652362939,20.310834211584506,31.64256373561352,74.33524297306025,49.09956050584583,43.742952722751966,1904.5200902972783,1648.147793003503,95.744140625,82.21364868164073,BUY,MEDIUM
2024-09-03,1864.2249755859375,1888.95326566776,1859.6153833595768,1888.95326566776,4694322,-0.011835151891933515,0.012268950448890785,1785.4257873535157,1701.9670849609374,1802.3881090791172,-24.72829008182248,29.337882308183225,67.88128296058596,48.61519412398161,44.7174010029979,1911.445004786615,1659.4065699204164,66.3101806640625,83.45870239257829,BUY,LOW
2024-09-04,1846.1708984375,1850.7324277310104,1824.6597803927025,1844.8744872415468,4778310,-0.009684494835588753,0.012660777788025332,1793.653338623047,1709.5593896484374,1806.5578985418204,1.2964111959531692,26.07264733830789,63.109880167375685,46.24147420470854,45.02221564334003,1912.787434909515,1674.5192423365788,47.7760009765625,84.09394897460948,BUY,LOW
2024-09-05,1856.4464111328125,1863.0245930805459,1833.8307821972226,1849.8201661965988,4081810,0.005565851300120217,0.01190348946153051,1800.4476196289063,1717.07294921875,1811.309185455248,6.626244936213652,29.193810883323295,64.6335820465153,44.67445278262835,44.9526630711977,1917.615762775164,1683.2794764826485,50.8011474609375,83.37467041015634,BUY,LOW
2024-09-06,1826.38818359375,1859.6633609018768,1821.586574089743,1845.7386933402568,5848106,-0.016191271322893108,0.010591231680896268,1808.0677612304687,1724.0093530273436,1812.7452805160578,-19.35050974650676,38.07678681213383,57.19193180431685,40.53981154816597,44.07009276659135,1910.2056536068712,1705.9298688540662,38.1727294921875,84.05840820312505,BUY,LOW
2024-09-09,1819.4739990234375,1844.634387126065,1814.0481565814205,1815.0084785277315,4772612,-0.0037857146867362745,0.01038497341400992,1814.0169494628906,1730.180380859375,1813.3861108500942,4.4655204957059595,30.586230544644422,55.60596286210406,36.28686923010741,42.51344805929456,1903.4709224984394,1724.5629764273417,17.765869140625,83.83656860351562,BUY,LOW
2024-09-10,1836.423828125,1858.2230908792164,1820.770532458395,1829.3174217997903,6909600,0.009315785282262956,0.010123380189814976,1819.534002685547,1736.81716796875,1815.58017916199,7.1064063252097185,37.45255842082133,58.63433317597296,33.89338945933014,40.78943633930167,1899.7474131786075,1739.3205921924864,11.7161865234375,82.71683471679694,BUY,LOW
2024-09-11,1834.35888671875,1849.5799652721262,1829.4132055261682,1838.728280994298,5312946,-0.001124436186584643,0.010145347232892976,1824.9454162597656,1742.9507421875,1817.3686275007287,-4.369394275548075,20.16675974595796,58.114224760915995,31.467181897575074,38.924985450956356,1892.8878515656347,1757.0029809538964,-27.8013916015625,81.99467407226552,BUY,LOW
2024-09-12,1873.0599365234375,1878.773922571952,1834.9832642548035,1848.6197893164426,8555092,0.021097861538924345,0.010639342540599056,1831.0530639648437,1749.2773413085938,1822.6725616933675,24.44014720699488,43.79065831714843,64.47457298057486,32.29496989603149,37.598982339971386,1892.9693344302236,1769.1367934994637,16.4215087890625,81.77572265624985,BUY,LOW
2024-09-13,1866.9620361328125,1880.8867055756825,1858.8473618654502,1873.060057581397,3843127,-0.0032555820941551072,0.010022505625659093,1835.1416442871093,1755.3600219726563,1826.8906068780764,-6.098021448584404,22.039343710232288,62.85501488142479,32.08904570530217,36.49699501303755,1895.1747451898298,1775.108543384389,0.38427734375,79.78162231445299,BUY,LOW
2024-09-16,1872.867919921875,1874.548483367517,1856.3504289468578,1868.5464710616527,1570181,0.0031633657646814584,0.010022579872157066,1839.2446166992188,1761.1142724609374,1831.2693985965334,4.32144886022229,18.19805442065922,63.80335820769372,32.033146590834804,35.604225328597,1897.7954835544956,1780.693749843942,-13.6846923828125,78.1303442382814,BUY,LOW
2024-09-17,1875.07666015625,1880.7424658489679,1865.0892884852562,1870.467067930622,2793127,0.0011793358254901243,0.010017405473243313,1843.1027099609375,1766.9741577148438,1835.441518745078,4.609592225627921,15.65317736371162,64.17177139632531,31.800496686904808,34.84347960025856,1900.4073407430294,1785.7980791788457,10.8516845703125,76.1285522460937,BUY,LOW
2024-09-18,1817.0731201171875,1861.824097546446,1806.6536508696367,1861.824097546446,6385468,-0.0309339566064617,0.012458350168034262,1844.03662109375,1771.4012377929687,1833.6921474471835,-44.750977429258455,55.170446676809206,49.82873009263625,26.628759275445873,33.20053553529603,1898.95548997172,1789.11775221578,-29.0977783203125,72.63538330078131,BUY,LOW
2024-09-19,1819.041748046875,1848.5237015550497,1804.2528841458939,1834.7910511020839,7976570,0.0010834060049056404,0.012432911164207089,1844.7064453125,1775.95412109375,1832.296871313821,-15.749303055208884,44.270817409155825,50.23527883513155,22.4304081551561,31.046510059268044,1898.0398960885993,1791.3729945364005,-37.4046630859375,68.75232421874989,BUY,LOW
2024-09-20,1830.1336669921875,1839.0166455673825,1793.305341425795,1829.4134254860905,15242974,0.006097671456535947,0.012257327481104478,1846.8023559570313,1780.8997802734375,1832.0908518546178,0.7202415060969543,45.71130414158756,52.56745669699743,19.770309977858005,28.791270042986035,1894.0370080883108,1799.5677038257518,3.7454833984375,65.9025756835938,BUY,LOW
2024-09-23,1821.2025146484375,1842.761812755645,1803.9167195535472,1833.2546020080952,3636672,-0.004880054667497746,0.012235306601574292,1847.7770751953126,1785.5813500976562,1831.0538673587912,-12.052087359657662,38.845093202097814,50.5146732586333,16.748428199244472,26.382701674237723,1891.954949539237,1803.599200851388,1.728515625,62.19572509765635,BUY,LOW
2024-09-24,1823.267333984375,1835.079341528414,1797.1466223571958,1813.0879441837894,7277616,0.0011337670134592415,0.011898914997365699,1847.705059814453,1789.1700756835937,1830.3122927517038,10.179389800585568,37.932719171218196,50.99116979752555,14.354706659331669,23.977102671256514,1892.037548649002,1803.3725709799041,-13.156494140625,58.53498413085936,BUY,LOW
2024-09-25,1820.09814453125,1826.1481021670697,1802.3321893756809,1811.5031931874792,4268341,-0.0017381924164677764,0.010878031039458192,1845.601953125,1792.7856860351562,1829.3395167307083,8.594951343770845,23.815912791388882,50.19230863689598,12.062884565881632,21.594259050181538,1890.9706099395544,1800.2332963104454,-14.2607421875,52.81626708984368,BUY,LOW
2024-09-26,1824.851806640625,1841.8494584619364,1817.8894724224197,1822.499064726573,8952803,0.002611761417184111,0.010898759754866857,1844.0126220703125,1796.1314477539063,1828.912115769748,2.3527419140521033,23.959986039516707,51.42168143781177,10.509038198646067,19.377214879874444,1889.9469674974016,1798.0782766432235,-48.2081298828125,47.88117431640626,BUY,LOW
2024-09-27,1831.0938720703125,1896.2516927156676,1827.7808082445556,1855.4380099764576,14908931,0.0034205875824944165,0.010849725481104308,1842.238427734375,1798.9874462890625,1829.1199020840872,-24.34413790614508,68.47088447111196,53.0600605572069,9.669818621001696,17.435735628099895,1887.2819041647497,1797.1949513040001,-35.8681640625,43.25098144531239,BUY,LOW
2024-09-30,1801.179931640625,1825.8122145485347,1796.282312853667,1805.40537191387,6986955,-0.01633665039568155,0.011011008790933287,1837.969793701172,1800.5748608398437,1826.4589525180434,-4.225440273245113,29.529901694867704,45.19360794446438,6.51581579944218,15.251751662368353,1881.563835178944,1794.3757522234,-71.68798828125,37.39493286132824,BUY,LOW
2024-10-01,1828.7890625,1833.2065199774477,1800.6036370139677,1800.6036370139677,4029072,0.015328358024857103,0.011434241676230418,1836.197998046875,1802.3706616210939,1826.6808677544204,28.185425486032273,32.60288296347994,52.23254507254002,6.172914445982997,13.435984219091281,1878.2321943984234,1794.1638016953266,-46.28759765625,33.82733642578114,BUY,LOW
2024-10-03,1818.273681640625,1835.9915754881,1806.3656655040093,1814.528402429466,7503887,-0.005749914560950087,0.01130823995996286,1834.8031372070313,1803.4558276367188,1825.8801833626305,3.745279211158959,29.62590998409064,49.618709334148576,4.995079135305787,11.747803202334183,1877.2702490838283,1792.3360253302344,1.2005615234375,31.347309570312518,BUY,LOW
2024-10-04,1842.0416259765625,1876.5651542030093,1811.1672509312862,1814.5764408447044,10001483,0.013071708937948179,0.01164661736208681,1834.0828979492187,1805.0730126953124,1827.4193683734811,27.465185131858107,65.39790327172318,55.08934498260084,5.91136806530244,10.580516174927835,1875.5337543395326,1792.6320415589048,22.9998779296875,29.009885253906305,BUY,LOW
2024-10-07,1857.55078125,1864.9452133204372,1840.0249057901142,1846.8911139011777,6112575,0.008419546580667125,0.01117246344718594,1835.6410278320313,1807.1751586914063,1830.2890267426735,10.659667348822268,24.920307530323043,58.27327836534278,7.799089806453367,10.024230901232944,1878.1471333238896,1793.134922340173,27.4171142578125,28.465869140625045,BUY,LOW
2024-10-08,1871.2353515625,1880.2622839615105,1830.7096956078074,1861.007899519078,5637391,0.0073669966122225095,0.0112042508228194,1838.2290954589844,1808.5128857421876,1834.188676725514,10.22745204342209,49.552588353703186,60.90683760271807,10.280842194888692,10.075553159964095,1882.7385690593835,1793.7196218585852,50.0328369140625,29.71620971679681,BUY,LOW
2024-10-09,1875.2686767578125,1898.5564839074102,1867.9221904384558,1875.07665925967,4857163,0.0021554344791234747,0.01105352367959001,1840.171337890625,1810.0810888671874,1838.1010576809708,0.19201749814260438,30.63429346895441,61.67460943279037,12.42982123622437,10.54640677521615,1887.4972117447937,1792.8454640364562,52.0013427734375,30.090249023437536,BUY,LOW
2024-10-10,1842.85791015625,1886.0723999723164,1838.1523089309171,1880.214459242611,4782119,-0.01728326559455906,0.011791048487553312,1840.5962890625,1810.8848803710937,1838.5540912500448,-37.35654908636093,47.920091041399246,52.71522482258557,11.386369631035677,10.714399346380056,1887.8583522680922,1793.334225856908,22.759765625,29.711408691406405,BUY,LOW
2024-10-11,1858.3189697265625,1869.7468243014484,1834.3109211351211,1841.8974879353766,4709431,0.00838971875428074,0.010921501151041539,1839.8592407226563,1812.1688305664063,1840.4364606287606,16.421481791185897,35.43590316632731,55.99896859876062,11.672452246470584,10.906009926398163,1885.5053868701546,1794.213094575158,33.4671630859375,27.690410156249982,BUY,LOW
2024-10-14,1881.1746826171875,1891.354071794841,1854.477685639696,1855.4860705732615,3751378,0.012299133390425432,0.011251633026302693,1840.569873046875,1814.2104736328124,1844.3162912943253,25.688612043926014,36.876386155145155,60.37933007190129,13.586819400875584,11.442171821293648,1888.2776450436577,1792.8621010500924,50.080810546875,26.359399414062636,BUY,LOW
2024-10-15,1881.558837890625,1912.433094709219,1874.3083602991192,1882.2310163628915,5353705,0.00020421031443129678,0.011233376835426138,1841.0044189453124,1816.8628857421875,1847.863200493973,-0.6721784722665234,38.12473441009979,60.450596295250115,14.962489023423132,12.146235261719546,1890.0213799868754,1791.9874579037494,80.37890625,24.141533203124936,BUY,LOW
2024-10-16,1843.9141845703125,1881.7989564876755,1840.312977195666,1877.42944464905,3111512,-0.020007162445430104,0.012110045308657313,1839.4462951660157,1820.093408203125,1847.4871037393384,-33.51526007873758,41.48597929200946,50.80648402607136,12.866787875668706,12.290345784509379,1885.9485670876634,1792.944023244368,15.1251220703125,19.352886962890807,BUY,LOW
2024-10-17,1890.0096435546875,1899.516854492198,1853.5654717255002,1858.415027332384,8162822,0.024998700791011297,0.011201156613631616,1843.0931213378906,1824.2612036132812,1851.5368694360384,31.594616222303557,45.95138276669786,59.35691261784806,14.75535734697155,12.783348097001815,1893.2975292824647,1792.8887133933165,71.7359619140625,18.83191772460941,BUY,LOW
2024-10-18,1805.0211181640625,1859.9995499352583,1795.0818094027522,1818.6577602233042,10526196,-0.04496724431034149,0.015365029540441447,1842.39208984375,1825.95041015625,1847.1067978863266,-13.636642059241694,64.91774053250606,44.12768184743804,9.287142145498365,12.084106906701127,1894.2835011768302,1790.5006785106698,-37.0205078125,16.441679687500027,BUY,MEDIUM
2024-10-21,1779.2364501953125,1823.4593218230411,1765.071701772492,1816.0647726492866,4654601,-0.014284967477264932,0.015594475636093421,1839.8472290039062,1828.0554321289062,1840.6429552490872,-36.828322453974124,58.38762005054923,40.71462852375461,2.8401949884835176,10.235324523057606,1898.451720991136,1781.2427370166765,-78.3143310546875,11.791796875000045,BUY,MEDIUM
2024-10-22,1778.132080078125,1803.2925852339904,1773.666559613223,1784.4701814346959,4125240,-0.000620698905458128,0.015571969328601129,1837.6937072753906,1829.6082690429687,1834.6895385661385,-6.33810135657086,29.62602562076745,40.56989350736724,-2.3312967819272217,7.722000262060641,1901.7886579692426,1773.5987565815385,-93.103271484375,8.085438232421893,BUY,MEDIUM
2024-10-23,1799.067138671875,1811.1671716222952,1770.8336503030287,1772.034052723245,4311910,0.011773624034065122,0.015831149043302236,1836.4836975097655,1831.0679565429687,1831.296929052399,27.03308594863006,40.33352131926654,44.59101806584355,-4.686434699620349,5.240313269724444,1902.507060958364,1770.460334061167,-76.2015380859375,5.415740966796875,BUY,MEDIUM
2024-10-24,1789.4158935546875,1809.2465653946333,1786.198838446931,1787.5433126309072,2906475,-0.005364583071820417,0.015866233488306167,1834.9495849609375,1832.333662109375,1827.3082590049978,1.8725809237803333,23.04772694770236,43.14180197645955,-7.2481214570229895,2.7426263243749576,1903.79033510476,1766.108834817115,-53.4420166015625,2.6159228515625728,BUY,MEDIUM
2024-10-25,1788.1676025390625,1801.9001366151979,1773.1385399992107,1789.5119595392343,4689120,-0.0006975969198224075,0.015846806744090686,1833.1153747558594,1833.0788745117188,1823.5805774368137,-1.34435700017184,28.761596615987173,42.947382556904934,-9.272120092052091,0.33967704108954777,1904.8294551203276,1761.4012943913913,-70.1513671875,0.036500244140597715,BUY,MEDIUM
2024-10-28,1791.3365478515625,1807.2299232087717,1783.3178829165497,1785.9107053224764,7018940,0.0017721746596908172,0.015827458957229184,1831.127508544922,1833.201796875,1820.5097174763137,5.42584252908614,23.912040292221945,43.641739092318,-10.499415463889136,-1.8281414599061891,1905.123316906675,1757.131700183169,-89.838134765625,-2.074288330077934,SELL,MEDIUM
2024-10-29,1786.4317626953125,1798.378144066303,1776.4277753656768,1792.9391324904534,4621252,-0.002738058999651738,0.01541971881417601,1830.3901000976562,1833.1142626953124,1817.264197973361,-6.507369795140903,21.950368700626314,42.77402431522805,-11.732585121366583,-3.809030192198268,1905.8445568060554,1754.935643389257,-95.1270751953125,-2.724162597656232,SELL,MEDIUM
2024-10-30,1750.3009033203125,1786.1402834543007,1744.716179758669,1779.3414895531696,5919715,-0.020225155043418486,0.015572218027751411,1826.4656921386718,1832.1619848632813,1810.8867413397372,-29.040586232857095,41.42410369563163,36.94641724600241,-15.447272807465879,-6.13667871525179,1909.6168457666017,1743.3145385107418,-93.61328125,-5.6962927246095205,SELL,MEDIUM
2024-10-31,1706.7401123046875,1736.5091412479787,1696.2991072073619,1736.5091412479787,7395236,-0.02488760128786449,0.016377145267958578,1820.889013671875,1830.3288891601562,1800.9680147649703,-29.769028943291232,40.21003404061685,31.39316499314279,-21.65653825158256,-9.240650622517945,1919.0884946526016,1722.6895326911485,-183.26953125,-9.439875488281132,SELL,MEDIUM
2024-11-01,1710.236572265625,1715.2385657478123,1701.6895882617994,1713.7816813488193,371966,0.0020486188469643896,0.015987546331551472,1814.298760986328,1828.4207153320312,1792.326925003128,-3.5451090831943475,13.548977486012973,32.27310631632069,-25.99562932058393,-12.591646362131144,1923.0586722561368,1705.5388497165193,-94.7845458984375,-14.121954345703216,SELL,MEDIUM
2024-11-04,1712.956298828125,1716.2099839138373,1668.6184223904768,1674.9315887150042,7336722,0.0015902633627447038,0.015789418117882315,1807.0690368652345,1826.9155322265624,1784.767817748366,38.02471011312082,47.5915615233605,32.99303199146735,-28.881997363156643,-15.849716562336244,1922.3927297120538,1691.7453440184152,-66.2801513671875,-19.846495361327925,SELL,MEDIUM
2024-11-05,1703.77783203125,1717.6182349398387,1694.8423210868225,1709.4111662537578,3160880,-0.005358260921865976,0.015565288456899163,1798.6961608886718,1824.9569262695313,1777.0544857753073,-5.633334222507756,22.775913853016164,31.76582933876088,-31.546442641126305,-18.989061778094257,1918.4019892104257,1678.990332566918,-74.354248046875,-26.26076538085954,SELL,MEDIUM
2024-11-06,1771.280029296875,1774.6794262747362,1711.9849045771186,1713.296076841982,10421494,0.039619131084214665,0.018410263444127814,1793.496728515625,1823.8883740234376,1776.504537539266,57.983952454892915,62.694521697617574,47.293068499072895,-27.88967670790612,-20.769184764056632,1908.383663208719,1678.6097938225307,-27.787109375,-30.391645507812655,SELL,MEDIUM
2024-11-07,1751.2237548828125,1773.22261567757,1735.6350435250165,1760.8390975998175,4550965,-0.011323039882081165,0.01820869025943253,1788.915020751953,1821.6696435546876,1774.0968439529372,-9.615342717004978,37.58757215255355,44.083232839020646,-26.306788802283563,-21.87670557170202,1902.8673581058167,1674.9626833980894,-38.192138671875,-32.7546228027345,SELL,MEDIUM
2024-11-08,1777.350341796875,1787.6942446562714,1761.0333078003775,1765.7438769390867,4210960,0.01491904551957779,0.018468788589372166,1784.8665893554687,1820.0838818359375,1774.4067008904549,11.606464857788296,26.66093685589385,48.9444534762717,-22.682669819807643,-22.037898421323142,1894.3332177612676,1675.3999609496698,-10.8172607421875,-35.217292480468814,SELL,MEDIUM
2024-11-11,1806.6337890625,1814.306737413767,1770.163186757311,1776.427742360696,3804234,0.016475900432786794,0.018662332133452118,1781.1395446777344,1818.8850024414062,1777.4759473830304,30.206046701804098,44.143550656456,53.79323936160509,-17.248766905569255,-21.080072118172364,1881.9715421660785,1680.3075471893903,15.2972412109375,-37.745457763671766,SELL,MEDIUM
2024-11-12,1815.0838623046875,1826.9331420105937,1807.5080155670998,1817.3176807087516,5012450,0.004677247427422593,0.018715019956563016,1777.8157958984375,1817.4556274414062,1781.0576535660455,-2.2338184040640954,19.42512644349381,55.11784540007359,-12.120788501526476,-19.288215394843185,1869.1204449786153,1686.5111468182597,28.652099609375,-39.63983154296875,SELL,MEDIUM
2024-11-13,1814.6953125,1819.3572716489662,1802.943134866599,1807.605094015565,4257495,-0.00021406713637694974,0.018208562525900526,1776.3548522949218,1816.4650341796876,1784.2612401311842,7.090218484434899,16.414136782367223,55.03971351954245,-7.996008385895038,-17.029773993053556,1864.2537821561725,1688.455922433671,64.3944091796875,-40.11018188476578,SELL,MEDIUM
2024-11-14,1810.9560546875,1822.0768923467604,1802.6517655626797,1811.9758027067253,4311431,-0.0020605430491517085,0.017179440427154715,1772.4021728515625,1815.7607373046876,1786.803603422262,-1.0197480192252897,19.425126784080703,54.24281745429144,-4.97150882295432,-14.618120959033709,1845.3384018311815,1699.4659438719434,104.2159423828125,-43.358564453125155,SELL,MEDIUM
2024-11-18,1759.3822021484375,1796.047127993138,1743.4050832115965,1796.047127993138,4839244,-0.028478798480818024,0.015301630944596765,1770.1202270507813,1813.819453125,1784.1920413961836,-36.66492584470052,52.64204478154147,44.642185641444065,-6.659384765954883,-13.026373720417944,1841.6741871087586,1698.566266992804,49.1456298828125,-43.699226074218814,SELL,MEDIUM
2024-11-19,1772.300048828125,1806.2454112988496,1768.2208195271305,1773.0284911005574,4669769,0.007342262905645658,0.015088648091552153,1769.7734069824219,1812.7376904296875,1783.059470675416,-0.7284422724324031,38.02459177171909,47.1646630845071,-6.875420772308416,-11.79618313079604,1841.2144125958043,1698.3324013690394,59.34375,-42.96428344726564,SELL,MEDIUM
2024-11-21,1781.3326416015625,1813.3354888516371,1768.26917339711,1789.0540816629436,5436504,0.0050965369997084675,0.015132110160065682,1769.9334350585937,1811.97486328125,1782.8950107636203,-7.721440061381145,45.06631545452706,48.91744528307962,-6.2457786669006055,-10.686102238016954,1841.4629013289539,1698.4039687882334,77.5548095703125,-42.04142822265635,SELL,MEDIUM
2024-11-22,1847.572265625,1859.0331371970146,1781.2840242640295,1800.80625185363,6301486,0.037185432117766926,0.017094787478569635,1772.35869140625,1812.19783203125,1789.0547493218469,46.7660137713699,77.7491129329851,59.522390709847805,-0.3972197885213973,-8.628325748117843,1850.6449618284244,1694.0724209840757,76.292236328125,-39.83914062500003,SELL,MEDIUM
2024-11-25,1835.3829345703125,1864.1322151458903,1827.9043086809907,1860.9270220152914,12764638,-0.0065974854036705555,0.017122926477630553,1774.6570434570312,1812.2183129882812,1793.4669574407483,-25.544087444978913,36.22790646489966,57.170305562191245,3.2171428928950263,-6.25923201991527,1857.3844987803432,1691.9295881337193,84.1591796875,-37.56126953124999,SELL,MEDIUM
2024-11-26,1868.8428955078125,1882.8775020849253,1842.764686697864,1850.1947027907097,6850495,0.018230506728195817,0.017518972630301635,1778.6908081054687,1812.1339721679688,1800.64561820904,18.648192717102802,40.112815387061346,61.650183713183836,8.68141660248989,-3.271102295434239,1870.975339524766,1686.4062766861714,91.4925537109375,-33.443164062500045,SELL,MEDIUM
2024-11-27,1869.182861328125,1885.5971174937745,1856.799342761259,1874.6218732216507,4447143,0.00018191246633403324,0.017525358617181373,1782.5831237792968,1812.178388671875,1807.1729746965718,-5.439011893525731,28.797774732515563,61.69402489546584,12.890728986243175,-0.03873603909875589,1882.8907189384158,1682.2755286201777,62.549072265625,-29.595264892578143,SELL,MEDIUM
2024-11-28,1803.282958984375,1859.8586361338635,1798.4266776839897,1859.8586361338635,8468790,-0.035255995390908734,0.01942075289844423,1783.42568359375,1810.786689453125,1806.802497009696,-56.575677149488456,61.43195844987372,49.807654509780875,10.784748142830722,2.12596079728714,1884.1307393240572,1682.7206278634426,-11.8009033203125,-27.361005859375155,SELL,MEDIUM
2024-11-29,1804.448486328125,1823.0480681141644,1791.9678666332622,1797.8925063282472,5244346,0.0006463363599944483,0.018790626618472975,1786.1330627441407,1809.3741259765625,1806.578305516213,6.5559799998777635,31.080201480902133,49.99117105231344,9.104836579056382,3.5217359536409885,1886.038668570428,1686.2274569178535,-10.246826171875,-23.241063232421766,SELL,MEDIUM
2024-12-02,1825.7677001953125,1828.6814691911163,1782.4495729417774,1805.5655210664468,2868263,0.011814808806523525,0.017825643217861335,1792.0844421386719,1809.548017578125,1808.4058669142225,20.202179128865737,46.23189624933889,53.35097330962868,9.385585758335992,4.69450591457999,1886.3870783160764,1697.7818059612673,14.8116455078125,-17.463575439453052,SELL,MEDIUM
2024-12-03,1837.714111328125,1845.1442460985531,1817.3663382733384,1832.7607276683614,4715792,0.006543226244792644,0.017834354171778925,1798.458319091797,1809.92146484375,1811.1971282869752,4.953383659763631,27.777907825214697,55.168582288532235,10.451577761148883,5.8459202838937685,1886.8160043368878,1710.1006338467062,78.3319091796875,-11.463145751953107,SELL,MEDIUM
2024-12-04,1834.946044921875,1858.9360291550868,1821.105642042353,1829.8469491241563,4705573,-0.0015062551836474425,0.017867516216069107,1804.5578063964845,1810.0177124023437,1813.4589298712515,5.099095797718746,37.83038711273366,54.637366030262356,10.946835967285324,6.866103420572079,1884.9469679406059,1724.168644852363,62.64599609375,-5.459906005859239,SELL,MEDIUM
2024-12-05,1879.2352294921875,1893.8526842407528,1834.654541582606,1845.386971128795,9050038,0.024136505099362937,0.018301421110142584,1813.3306762695313,1811.1783666992187,1819.7233393589595,33.84825836339246,59.19814265814671,61.09267164531461,14.74314887551077,8.441512511559818,1885.7087611292516,1740.952591409811,97.902587890625,2.152309570312582,BUY,MEDIUM
2024-12-06,1867.1431884765625,1882.2461532385446,1857.4306251975142,1877.2442779990854,3573331,-0.0064345542409252054,0.016538175833365514,1818.1238342285155,1812.0558837890626,1824.239515465398,-10.101089522522898,24.815528041030348,58.63913412560959,16.584847752498035,10.070179559747462,1891.4190975606334,1744.8285708963977,19.5709228515625,6.067950439452943,BUY,MEDIUM
2024-12-09,1868.3572998046875,1874.7189577548504,1842.667498232043,1868.8914196597946,4274645,0.0006502507872017116,0.016214760465634647,1823.9805114746093,1813.0210668945313,1828.441209211997,-0.5341198551070647,32.05145952280736,58.81797011362865,17.935625294802776,11.643268706758526,1893.5833062671406,1754.377716682078,32.974365234375,10.95944458007807,BUY,MEDIUM
2024-12-10,1892.54150390625,1909.101352624084,1876.4671647750902,1883.2659588503623,6174921,0.012944100201867537,0.016146580505175902,1829.7400695800782,1814.3748608398437,1834.5459991828784,9.275545055887733,32.63418784899386,62.313470935891075,20.71875645662135,13.458366256731093,1901.9696092190493,1757.510529941107,23.6986083984375,15.365208740234493,BUY,MEDIUM
2024-12-11,1917.4056396484375,1921.1449526741415,1895.8922889888395,1898.806057875605,5025612,0.01313796061585304,0.016019634923688183,1835.278662109375,1816.1010961914062,1842.4373935129317,18.599581772832607,25.252663685301968,65.55093768347214,24.646624959342034,15.696017997253282,1916.0541086438648,1754.5032155748854,48.2227783203125,19.177565917968877,BUY,MEDIUM
2024-12-12,1929.8863525390625,1941.3472248051385,1913.9092331296335,1918.4254802729865,6462130,0.006509166674253386,0.01603434644868924,1841.0187866210938,1818.675224609375,1850.7658658011346,11.460872266075967,27.437991675504918,67.0796788041585,28.438754017314295,18.244565201265484,1931.0267511301518,1751.0108221120358,126.6033935546875,22.34356201171886,BUY,MEDIUM
2024-12-13,1942.22119140625,1948.7771714843159,1897.6406217246506,1913.132112410419,5362693,0.0063914845819594834,0.016028491272847837,1847.3950805664062,1820.9438671875,1859.4758968111455,29.08907899583096,51.136549759665286,68.56443969401394,32.069682687269506,21.00958869846629,1946.6352209636004,1748.154940169212,137.772705078125,26.451213378906232,BUY,MEDIUM
2024-12-16,1923.1361083984375,1942.1240981650324,1920.7564592966078,1938.0933607570853,3119221,-0.009826420951567383,0.016263240522145003,1853.004083251953,1823.0411157226563,1865.5387741051734,-14.957252358647793,21.367638868424592,63.77188615198116,33.026504138180826,23.412971786409194,1955.9824400050052,1750.025726498901,97.368408203125,29.962967529296748,BUY,MEDIUM
2024-12-17,1919.78515625,1925.029963920521,1901.7198129951464,1911.432375880719,5811050,-0.0017424414911683117,0.014534809462611702,1861.0242309570312,1824.595986328125,1870.7050962142043,8.352780369280936,23.3101509253745,62.940019392135326,33.13246773445326,25.35687097601801,1958.421263255741,1763.6271986583215,82.071044921875,36.428244628906214,BUY,LOW
2024-12-18,1922.261962890625,1927.8951783904936,1905.216367108079,1910.2669710918078,3064095,0.0012901478233444674,0.014534915940318574,1868.5223266601563,1825.8902099609375,1875.615273992911,11.994991798817182,22.678811282414472,63.320867780100414,33.03548968309883,26.892594717434175,1960.3749913329282,1776.6696619873844,87.31591796875,42.63211669921884,BUY,LOW
2024-12-19,1890.2589111328125,1903.4194810568974,1864.8120442042316,1878.4096320265542,5323592,-0.016648642263975,0.015257295428891279,1873.9686401367187,1826.2706811523437,1877.0099061014728,11.849279106258336,38.60743685266584,55.39891631722735,30.03008691365858,27.520093156679057,1956.9888200349392,1790.9484602384982,11.023681640625,47.697958984374964,BUY,MEDIUM
2024-12-20,1866.900390625,1923.038935729017,1856.313672846486,1918.3769764514818,11056720,-0.012357312731203551,0.013328975338647363,1874.9350463867188,1826.1033154296874,1876.0470951037134,-51.47658582648182,66.72526288253107,50.438833014851156,25.46984565021239,27.110043655385724,1957.149721590919,1792.7203711825186,-0.2427978515625,48.83173095703137,BUY,LOW
2024-12-23,1868.988525390625,1884.2372017118134,1854.1282567360063,1874.5732490554924,2781793,0.0011185035774330387,0.01322074829064886,1876.6153259277344,1826.625927734375,1875.3748503691336,-5.584723664867397,30.108944975807162,50.86237816217898,21.773327255309596,26.0427003753705,1956.8783795336883,1796.3522723217804,0.6312255859375,49.98939819335942,BUY,LOW
2024-12-24,1854.1768798828125,1886.1797274213886,1787.111585198432,1871.6594932162752,2360544,-0.007924952618270753,0.012709450146029888,1875.8820251464845,1826.5430859375,1873.3559960371028,-17.482613333462723,99.06814222295657,47.74549814975974,17.447509757194666,24.323662251735335,1956.6819106121507,1795.0821396808183,-38.3646240234375,49.33893920898436,BUY,LOW
2024-12-26,1852.5743408203125,1864.5693327398988,1847.6209572676305,1854.1769374712999,3623321,-0.0008642859696327276,0.012709443314658104,1875.0515991210937,1825.9710791015625,1871.376790778361,-1.6025966509873797,16.948375472268253,47.40700031425286,13.731666609729245,22.20526312333412,1956.4490003835838,1793.6541978586035,-64.831298828125,49.08052001953115,BUY,LOW
2024-12-27,1861.655517578125,1868.8428379280153,1849.1748978049127,1854.5168074679777,3937500,0.004901922993163943,0.009730878020330213,1877.9702270507812,1825.5730126953124,1870.4509552354814,7.138710110147258,19.667940123102653,49.58809617735429,11.388331616073856,20.041876821882067,1952.7847098401817,1803.1557442613807,-68.2308349609375,52.397214355468805,BUY,LOW
2024-12-30,1851.214599609375,1860.9271630910612,1832.2751008200871,1860.6357387619842,7789055,-0.005608404922481491,0.00986405723867692,1880.3085327148438,1825.7190209960938,1868.6189213663285,-9.421139152609157,28.652062270974056,47.16618187681217,8.589710097998022,17.75144347710526,1948.4071346807427,1812.2099307489448,-91.006591796875,54.58951171874992,BUY,LOW
2024-12-31,1825.9617919921875,1842.473148621904,1792.0164326986576,1837.9082915665463,3613063,-0.013641210274873639,0.010079439582376887,1880.3182373046875,1824.4380639648436,1864.5563376164105,-11.946499574358768,50.45671592324652,41.84312487206834,4.284700493599075,15.058094880404022,1948.3857947461302,1812.2506798632448,-97.17431640625,55.88017333984385,BUY,LOW
