Date,Close,High,Low,Open,Volume,Daily_Return,Volatility,MA20,MA50,EMA20,Price_Change,HL_Spread,RSI,MACD,MACD_Signal,BB_High,BB_Low,Momentum,Trend_Strength,Signal,Risk_Level
2020-03-12,1527.1458740234375,1646.6961965549096,1517.2228987467024,1642.8995588611901,8728786,-0.09410350209265894,0.030202927813889377,1806.7537841796875,1847.9107543945313,1775.298453861788,-115.75368483775264,129.47329780820723,23.91241336016732,-51.42770840533376,-28.12877967122276,1992.6244496670827,1620.8831186922923,-305.2391357421875,-41.156970214843795,SELL,HIGH
2020-03-13,1558.5975341796875,1570.4187762422782,1299.5215794726853,1456.434005911892,8029720,0.020595059510187586,0.03070823932891443,1791.0301879882813,1841.7604321289064,1754.5342144185731,102.16352826779553,270.89719676959294,28.317028655206954,-62.13682132739382,-34.93038800245697,2003.152156543456,1578.9082194331068,-258.1697998046875,-50.73024414062502,SELL,HIGH
2020-03-16,1463.76806640625,1589.6172374014968,1446.0361017724435,1514.332067656196,7844271,-0.060842819068970044,0.03248326919331481,1769.6504760742187,1833.884833984375,1726.689257013463,-50.56400124994593,143.58113562905328,23.836571012727532,-77.38378390834282,-43.42106718363414,2019.798739577715,1519.5022125707223,-262.096435546875,-64.2343579101564,SELL,HIGH
2020-03-17,1430.634033203125,1493.6233482959044,1400.563127817395,1492.7604809658662,5713248,-0.022636122459259278,0.03249552963565957,1746.9484313964845,1824.6061743164062,1698.3527011032754,-62.126447762741236,93.06022047850934,22.4971477727006,-91.09071411864215,-52.95499657063574,2031.2949229521157,1462.6019398408532,-296.2227783203125,-77.6577429199217,SELL,HIGH
2020-03-18,1427.52783203125,1478.5664592497835,1404.532395006362,1446.8560826461996,7258778,-0.002171205982651192,0.032199283526359035,1723.2691955566406,1815.2688232421874,1672.4433610000312,-19.32825061494964,74.03406424342143,22.370241037225085,-101.0394793157086,-62.57189311965032,2030.2914932147014,1416.2468978985798,-329.442626953125,-91.99962768554678,SELL,HIGH
2020-03-19,1422.2694091796875,1464.9457280046643,1344.3916286068034,1355.6473622071496,5135111,-0.003683586921090165,0.03196994994173072,1698.7877319335937,1805.7333349609376,1648.5199485871428,66.62204697253787,120.55409939786091,22.142524300132678,-108.10212419255822,-71.6779393342319,2019.5201448426437,1378.0553190245437,-375.255859375,-106.94560302734385,SELL,HIGH
2020-03-20,1562.2928466796875,1624.4821328909024,1414.1425522811655,1416.7500677432697,8547498,0.09845071306199316,0.04071790467689327,1682.1444091796875,1798.1477392578124,1640.277506334135,145.5427789364178,210.3395806097369,39.734761754893526,-101.23364155541708,-77.58907977846894,1994.834498524311,1369.454319835064,-271.3431396484375,-116.00333007812492,SELL,HIGH
2020-03-23,1451.2562255859375,1521.0507690276384,1406.1027894825497,1408.0584261855852,7003490,-0.07107286020654457,0.04301241463981257,1661.65556640625,1789.0456274414062,1622.2153309982893,43.197799400352324,114.94797954508863,33.30766133719122,-103.5563142026806,-82.78252666331127,1978.4481808106489,1344.8629520018512,-374.9593505859375,-127.39006103515612,SELL,HIGH
2020-03-24,1480.3302001953125,1538.4343227468346,1419.227370812281,1436.7847075341913,6350865,0.020033660560275335,0.04353274860150128,1644.408740234375,1780.538779296875,1608.6616249628778,43.545492661121216,119.20695193455367,36.21685898091456,-101.87665161614018,-86.60135165387706,1961.2522410698284,1327.5652393989217,-221.546142578125,-136.13003906249992,SELL,HIGH
2020-03-25,1521.3114013671875,1573.200913933702,1460.2085830986846,1477.5920186117642,2765520,0.027683824302488835,0.04386430548135661,1627.4507385253905,1773.2510131835938,1600.3198163722254,43.71938275542334,112.99233083501736,40.1780245090669,-96.1305335233319,-88.50718802776802,1932.300672164738,1322.600804886043,-164.47265625,-145.8002746582033,SELL,HIGH
2020-03-26,1556.6435546875,1592.3666088531206,1497.192274625216,1591.9754177921252,4556067,0.023224800187890526,0.04442156459893136,1613.6636657714844,1766.384931640625,1596.149887812139,-35.3318631046252,95.17433422790464,43.43940283587513,-87.71456513990074,-88.34866345019456,1904.8273120089327,1322.500019534036,29.4976806640625,-152.72126586914055,SELL,HIGH
2020-03-27,1585.803955078125,1607.9678360616779,1521.398345675345,1581.8926819633803,4331250,0.018732869386067552,0.04479452797024456,1602.115496826172,1759.7576879882813,1595.1623572319716,3.911273114744745,86.56949038633297,46.05344280561439,-77.79507574690706,-86.23794590953706,1878.0644789841158,1326.166514668228,27.2064208984375,-157.64219116210938,SELL,HIGH
2020-03-30,1545.822021484375,1655.7722524193052,1532.8279457230028,1534.957374158789,8513547,-0.025212406278669053,0.04383837865523468,1593.1133728027344,1752.125908203125,1590.4537712060796,10.86464732558602,122.94430669630242,43.111423013864076,-72.32628444936927,-83.4556136175035,1864.0279638189832,1322.1987817864856,82.053955078125,-159.01253540039056,SELL,HIGH
2020-03-31,1587.1947021484375,1612.3137899613828,1547.1259008793863,1597.0163865434904,3927593,0.026764194123935603,0.04438785147645562,1586.1302673339844,1745.6607885742187,1590.1428156620532,-9.821684395052898,65.18788908199645,46.89216171502031,-63.91700295873079,-79.54789148574896,1850.0037317631416,1322.2568029048273,156.5606689453125,-159.5305212402343,SELL,HIGH
2020-04-01,1485.1976318359375,1594.7133021278632,1479.3307209274415,1587.0211512678543,4941878,-0.0642624815811419,0.04610876352899791,1572.5416259765625,1737.9951196289062,1580.1314904730534,-101.8235194319168,115.38258120042178,39.85919123197017,-64.7366540897549,-76.58564400655015,1827.670624130773,1317.412627822352,57.6697998046875,-165.4534936523437,SELL,HIGH
2020-04-03,1437.783935546875,1512.358917722895,1434.133456461366,1512.358917722895,5735369,-0.031924166368654694,0.045837978445792286,1554.5545593261718,1729.3691186523438,1566.5542784014374,-74.57498217602006,78.22546126152906,37.07546843055469,-68.42338041672451,-74.95319128858503,1793.93932611987,1315.1697925324736,15.5145263671875,-174.814559326172,SELL,HIGH
2020-04-07,1542.953857421875,1552.2105590348212,1481.938034736679,1486.2838940760826,5427577,0.07314723671258538,0.04909648809015557,1540.0204528808595,1722.2292431640626,1564.3035742933603,56.66996334579244,70.27252429814234,46.07216211724481,-62.14246419378924,-72.39104586962588,1742.281997049947,1337.758908711772,-19.3389892578125,-182.20879028320314,SELL,HIGH
2020-04-08,1482.3291015625,1569.7243742522928,1478.4613292376248,1529.7424688172953,6285615,-0.03929136024888846,0.049598119343867236,1522.8261291503907,1714.06583984375,1556.4869136830405,-47.413367254795276,91.26304501466802,42.31626723631137,-61.34950506552764,-70.18273770880624,1677.7818707663341,1367.8703875344472,31.0728759765625,-191.23971069335926,SELL,HIGH
2020-04-09,1535.0877685546875,1546.0828128496296,1504.7101510235993,1521.4417078767501,5307397,0.03559173663700954,0.04852668795836274,1514.4867004394532,1707.087900390625,1554.4466403153115,13.646060677937385,41.37266182603025,46.41059201054167,-55.82043254041264,-67.31027667512753,1646.2113045775272,1382.7620963013792,54.757568359375,-192.6011999511718,SELL,HIGH
2020-04-13,1529.09033203125,1553.2098470028955,1517.5738068646085,1530.6113825249574,2990438,-0.003906901381335426,0.04850984419789672,1506.6520141601563,1700.2342016601563,1552.029331672111,-1.5210504937074347,35.636040138286944,46.01078983681596,-51.33083581131859,-64.11438850236574,1612.8590685156503,1400.4449598046624,7.7789306640625,-193.58218749999992,SELL,HIGH
2020-04-15,1508.1434326171875,1574.9392625719265,1501.755041265511,1551.4716245534707,4761399,-0.013698928686728729,0.043722773538798713,1505.7018920898438,1692.7113452148437,1547.8459296907718,-43.32819193628325,73.18422130641557,44.56675449741122,-48.89935643766512,-61.071382089425626,1611.4977931184776,1399.90599106121,-48.5001220703125,-187.00945312499994,SELL,HIGH
2020-04-16,1491.5421142578125,1534.001129900537,1455.906075130439,1486.2400820929606,6245533,-0.011007784803707676,0.04352039098082777,1502.34912109375,1685.3594995117187,1542.4792596495997,5.30203216485188,78.09505477009816,43.40408506869848,-47.76141529965139,-58.409388731470784,1605.4428573354958,1399.2553848520042,-94.2618408203125,-183.0103784179687,SELL,HIGH
2020-04-17,1569.898193359375,1609.6628065183957,1523.6582921915412,1564.5093701909723,9895823,0.052533601533975016,0.0427338076027897,1507.6556274414063,1679.8638403320313,1545.092526008553,5.388823168402723,86.0045143268544,50.03031710161988,-40.074948949234795,-54.742500775023586,1613.1570885234269,1402.1541663593857,24.076171875,-172.20821289062496,SELL,HIGH
2020-04-20,1580.71923828125,1590.584316510633,1566.6820931750906,1590.584316510633,3244282,0.006892832266224502,0.04225930888277235,1515.1598876953126,1675.5993359375,1548.4878259502007,-9.865078229383016,23.90222333554243,50.88552605433235,-32.732876869536994,-50.34057599392627,1619.0179430044584,1411.3018323861668,-6.4754638671875,-160.43944824218738,SELL,HIGH
2020-04-21,1510.316650390625,1559.8159501836424,1501.6683258838823,1534.088481849694,5122541,-0.04453832545694536,0.043718768068681586,1519.2993286132812,1669.5220947265625,1544.8502661180928,-23.771831459069062,58.14762429976008,45.43699586461938,-32.2236778141023,-46.717196357961484,1615.1469771065028,1423.4516801200596,25.1190185546875,-150.2227661132813,SELL,HIGH
2020-04-22,1537.9993896484375,1555.8174102688347,1494.2366138812797,1510.3162910265162,3829836,0.018329096253194788,0.04379950906448845,1525.0858276367187,1663.9079052734376,1544.1974428790786,27.683098621921317,61.58079638755498,47.80362682941404,-29.249201601225877,-43.22359740661437,1610.1729291349654,1439.998726138472,100.2154541015625,-138.82207763671886,SELL,HIGH
2020-04-23,1632.5220947265625,1651.4265832452913,1530.481294099705,1547.1259569350625,5934366,0.06145822014905433,0.04027703718331732,1528.5972900390625,1659.5145849609376,1552.6134996808444,85.3961377915,120.94528914558623,54.98348552934438,-19.045174515375493,-38.387912828366595,1624.6292181285678,1432.5653619495572,89.5682373046875,-130.91729492187505,SELL,HIGH
2020-04-24,1580.632568359375,1609.6628243364232,1571.2889706284175,1599.884640664491,2987102,-0.03178488458735296,0.03732547627839701,1535.0661071777345,1654.3975610351563,1555.2831835736786,-19.252072305115917,38.373853708005754,50.84842982235248,-14.972862810563356,-33.70490282480595,1626.717374597883,1443.414839757586,98.303466796875,-119.33145385742182,SELL,HIGH
2020-04-27,1596.3209228515625,1629.697141530114,1586.238551089311,1592.583547733698,3374741,0.009925364570003259,0.03717846239073157,1540.8656433105468,1649.4527978515625,1559.193131342697,3.7373751178645307,43.458590440803164,52.02322596212617,-10.360181625814448,-29.035958585007652,1632.6079068988495,1449.1233797222442,61.233154296875,-108.5871545410157,SELL,HIGH
2020-04-28,1615.834228515625,1623.613275376776,1592.8445657475825,1621.0057594098969,2678505,0.012223924014730825,0.036828668134936245,1545.5917846679688,1644.459951171875,1564.5895090743345,-5.171530894271882,30.76870962919361,53.511585936079385,-5.071575896746026,-24.243082047355326,1642.415755655109,1448.7678136808286,86.743896484375,-98.8681665039062,SELL,HIGH
2020-04-29,1656.33740234375,1662.334709492323,1608.0114673858327,1628.828091321007,4241510,0.025066416537872893,0.03688242302790142,1550.5764770507812,1640.4247265625,1573.33031637335,27.509311022743077,54.3232421064904,56.52630200147873,2.36073677068498,-18.922318283747266,1658.7614240992436,1442.3915300023189,148.1939697265625,-89.84824951171868,SELL,HIGH
2020-04-30,1750.9034423828125,1766.1574529822194,1688.1057671968058,1720.9605102877924,5915544,0.05709346411259553,0.03865724193533497,1558.8314514160156,1637.98140625,1590.2471429832142,29.94293209502007,78.05168578541361,62.6210965717267,15.700600467421737,-11.997734533513468,1697.4293876452057,1420.2335151868256,259.361328125,-79.14995483398434,SELL,HIGH
2020-05-04,1677.8927001953125,1708.7918008863655,1663.2906772557187,1708.7918008863655,3729348,-0.04169889693525264,0.03951666003588863,1565.4349853515625,1633.7120141601563,1598.5966164806237,-30.899100691053036,45.501123630646816,56.08369248019596,20.148917656831372,-5.5684040954445,1713.205849949381,1417.664120753744,107.9945068359375,-68.27702880859374,SELL,HIGH
2020-05-05,1679.89208984375,1718.3529487109527,1674.8943511208931,1699.3180617464882,2905528,0.0011916075731210896,0.0391824288849608,1570.0698547363281,1629.616357421875,1606.340953827614,-19.425971902738183,43.458597590059526,56.21848655177932,23.563944627249157,0.258065649094231,1725.8764305470509,1414.2632789256054,99.1728515625,-59.546502685546784,SELL,HIGH
2020-05-06,1654.555419921875,1698.1009059519174,1645.8637019078915,1686.019502792539,3517431,-0.015082319915103337,0.036125524734449466,1578.537744140625,1624.68521484375,1610.9338333148105,-31.464082870664015,52.23720404402593,53.95832135939613,23.949841722814426,4.996420863838271,1733.3788619451097,1423.69662633614,144.23876953125,-46.14747070312501,SELL,HIGH
2020-05-07,1644.169189453125,1681.369686362083,1636.9550196130212,1660.1184739910832,3166754,-0.006277354232861132,0.035149520348033945,1588.8570068359375,1619.330625,1614.0997449373513,-15.949284537958192,44.41466674906178,53.01735905000707,23.150718877413055,8.627280466553227,1731.8569838592753,1445.8570298125996,106.1697998046875,-30.4736181640626,SELL,HIGH
2020-05-08,1645.6900634765625,1685.7588660381168,1639.4754632969311,1685.411176065115,2686530,0.0009250106577798345,0.031555690541903506,1593.9938171386718,1614.341240234375,1617.1088967431922,-39.72111258855239,46.28340274118568,53.146207298592046,22.38212290778688,11.378248954799957,1737.4093866858007,1450.578247591543,13.16796875,-20.347423095703107,SELL,HIGH
2020-05-11,1682.1083984375,1696.102044623859,1659.2491353274238,1659.2491353274238,2449841,0.02212952230142462,0.030107330176243334,1603.9827819824218,1610.7627465820312,1623.3003494223256,22.8592631100762,36.8529092964352,56.24092310714304,24.430045972253993,13.988608358290765,1742.6476371566175,1465.317926808226,101.475830078125,-6.779964599609457,SELL,HIGH
2020-05-12,1694.4501953125,1700.534397091001,1660.3352067687629,1680.4565524419597,3256595,0.007337099610503328,0.02933669373854843,1611.9509033203126,1608.146416015625,1630.0775392929436,13.99364287054027,40.19919032223811,57.27093537932848,26.740669822223936,16.5390206510774,1752.1705318669062,1471.731274773719,98.1292724609375,3.8044873046876546,BUY,MEDIUM
2020-05-13,1694.5806884765625,1733.128433569902,1673.720566909021,1733.128433569902,2656665,7.701209774335638e-05,0.02928396980505948,1620.2254211425782,1604.8286010742188,1636.2215281288527,-38.54774509333947,59.40786666088093,57.2823845834796,28.25666038645909,18.88254859815374,1759.4376155549369,1481.0132267302195,78.7464599609375,15.396820068359375,BUY,MEDIUM
2020-05-14,1653.46923828125,1671.5045562483178,1643.6910538412735,1660.1184249204525,2263146,-0.024260544496274128,0.02974110816145406,1627.4917114257812,1601.2502856445312,1637.8643684164342,-6.649186639202526,27.813502407044325,52.50880903694657,25.842843173211804,20.274607513165353,1757.4047401042549,1497.5786827473075,-2.8681640625,26.241425781249973,BUY,MEDIUM
2020-05-15,1645.2552490234375,1666.5499571861421,1621.1791275631138,1665.3330954996882,3173682,-0.004967730313719554,0.029600050824305512,1635.1773681640625,1597.8200439453126,1638.568339822357,-20.07784647625067,45.370829623028385,51.58387096090953,23.001923499266695,20.82007071038562,1749.2289696521136,1521.1257666760114,-105.648193359375,37.35732421874991,BUY,MEDIUM
2020-05-18,1691.0606689453125,1697.449060591619,1627.1765402820972,1657.5106579694077,3727694,0.027840920093744392,0.027999159651521225,1641.2354919433594,1597.1239672851561,1643.568110572518,33.5500109759048,70.27252030952172,56.215640214400665,24.167995161604722,21.48965560062944,1753.633351690302,1528.8376321964167,13.16796875,44.11152465820328,BUY,MEDIUM
2020-05-19,1693.711669921875,1709.1828644902926,1654.0339555485282,1654.0339555485282,3198693,0.0015676557472157349,0.027996463302851184,1646.8851135253906,1596.461064453125,1648.3441209205344,39.67771437334682,55.148908941764375,56.47516075049022,25.01764118394135,22.195252717291822,1757.8982318457042,1535.871995205077,13.819580078125,50.42404907226569,BUY,MEDIUM
2020-05-20,1698.0140380859375,1706.0973784127127,1678.9791541003613,1694.885040769148,2778505,0.0025402010510211515,0.02559173090398104,1656.2699829101562,1595.2819360351561,1653.074977519478,3.128997316789537,27.118224312351458,56.9214293985414,25.741425799327544,22.904487333698967,1749.887575842621,1562.6523899776914,43.4586181640625,60.98804687500001,BUY,MEDIUM
2020-05-21,1730.6947021484375,1736.6051123381628,1687.1927208272325,1691.40818248752,3400908,0.019246403933938616,0.025615458246968318,1665.9047485351562,1593.9453247070312,1660.4678812483173,39.28651966091752,49.41239151093032,60.25500021279284,28.622148476774782,24.04801956231413,1747.777576704931,1584.0319203653812,86.5255126953125,71.95942382812495,BUY,MEDIUM
2020-05-22,1756.0313720703125,1766.1572456089036,1704.6633356055424,1718.4396885700246,3663418,0.014639595239080982,0.022216185602181304,1672.0802124023437,1592.393232421875,1669.5697776290917,37.5916835002879,61.49391000336118,62.66703844882026,32.57410545741118,25.75323674133354,1761.2558588285196,1582.9045659761678,110.34130859375,79.68697998046878,BUY,MEDIUM
2020-05-26,1688.8011474609375,1759.2040774374357,1673.1560519106044,1751.3815296622693,4575317,-0.0382853209109314,0.022805265749432514,1677.4886413574218,1589.6449438476564,1671.4014480068001,-62.58038220133176,86.04802552683122,53.40542271748949,29.93605833143647,26.58980105935413,1756.3472180255474,1598.6300646892962,6.6927490234375,87.84369750976543,BUY,MEDIUM
2020-05-27,1742.9505615234375,1747.0356272665613,1687.280055438414,1702.7078576194992,3482160,0.03206381884801068,0.023651967900726455,1684.8201232910155,1590.4664282226563,1678.2160240951969,40.24270390393826,59.75557182814737,58.699786364583545,31.84767200887586,27.641375249258477,1759.2720238552536,1610.3682227267775,48.5003662109375,94.35369506835923,BUY,MEDIUM
2020-05-28,1742.0811767578125,1750.5121012403388,1713.3985057841626,1728.3482191243363,3475681,-0.0004988005883913571,0.023609119469409027,1691.132470703125,1591.5923706054687,1684.298722273048,13.73295763347619,37.1135954561762,58.584688976606685,32.91308596848512,28.69571739310381,1762.4602877975497,1619.8046536087002,47.50048828125,99.54010009765625,BUY,MEDIUM
2020-05-29,1714.3109130859375,1740.6468600608957,1705.6626964460127,1722.698441855855,7237735,-0.015940855134867093,0.023466482469430436,1694.0311462402344,1595.3356713867188,1687.1571548540717,-8.38752876991748,34.98416361488307,54.88284409069939,31.157442413516492,29.188062397186346,1764.1692734879011,1623.8930189925677,60.8416748046875,98.69547485351563,BUY,MEDIUM
2020-06-01,1777.6739501953125,1790.494236598139,1721.9165477724925,1729.6521994321827,3747773,0.036961228342946795,0.021310793864036844,1695.3696716308593,1599.7171997070313,1695.7781532035376,48.02175076312983,68.57768882564642,60.94650202070456,34.4814688858587,30.24674369492082,1770.632693161437,1620.1066501002817,132.418701171875,95.65247192382799,BUY,MEDIUM
2020-06-02,1779.3253173828125,1808.7467656570238,1773.1542179703627,1790.667947279619,2443886,0.0009289482963501516,0.018802152127978426,1700.4413024902344,1606.0283447265624,1703.735319245774,-11.342629896806557,35.59254768666119,61.09326284362471,36.824544913211184,31.562303938578896,1783.5692631065685,1617.3133418739003,88.2646484375,94.41295776367201,BUY,MEDIUM
2020-06-03,1783.683837890625,1799.0262085014485,1760.8881604714359,1788.6527445668567,3699799,0.0024495354869806807,0.01879751169332423,1705.6308898925781,1613.0893408203126,1711.349717782384,-4.968906676231654,38.13804803001267,61.50445123033646,38.588323551637814,32.96750786119068,1795.6527787780235,1615.6090010071327,89.97216796875,92.54154907226552,BUY,MEDIUM
2020-06-04,1823.26025390625,1830.6263028935837,1784.2068502130678,1784.2068502130678,4048593,0.02218802187635882,0.018740174676447365,1714.0661315917969,1621.0039892578125,1722.0081856403442,39.05340369318219,46.41945268051586,65.11020825751483,42.68754144280115,34.911514577512776,1814.3902064567712,1613.7420567268225,125.2462158203125,93.06214233398441,BUY,MEDIUM
2020-06-05,1785.5140380859375,1828.8824371557657,1778.583854065686,1823.3034719527168,3573289,-0.020702593466535024,0.019462091862786038,1721.1333740234375,1628.2688818359375,1728.0565271604592,-37.78943386677929,50.298583090079774,59.395895368986466,42.40161754345627,36.409535170701474,1820.6772362127977,1621.5895118340773,54.8193359375,92.86449218749999,BUY,MEDIUM
2020-06-08,1805.999755859375,1826.2674012430991,1797.5876784963345,1811.665979299986,2957841,0.011473288552465322,0.01950834820159078,1729.148858642578,1633.1430200195311,1735.4798751296073,-5.66622344061102,28.679722746764583,61.37706930936665,43.3285820880792,37.793344554177025,1828.9191470895187,1629.3785701956374,49.9683837890625,96.00583862304688,BUY,MEDIUM
2020-06-09,1806.26171875,1826.7036714587532,1795.9752990326397,1798.4598057626267,2909439,0.00014505145406307207,0.019097890167372424,1735.3565246582032,1640.2431298828126,1742.221153723997,7.801912987373271,30.728372426113538,61.40300390295319,43.58196067029121,38.951067777399864,1838.0535920304887,1632.6594572859176,117.4605712890625,95.11339477539059,BUY,MEDIUM
2020-06-10,1838.25390625,1858.5215545346769,1807.525536270006,1810.6202090029894,5168397,0.0177118228039177,0.01934009563618199,1742.5467102050782,1647.4016040039062,1751.367315058033,27.63369724701056,50.996018264670965,64.5350120584728,45.83589946637994,40.32803411519588,1852.6503034509642,1632.4431169591921,95.3033447265625,95.14510620117198,BUY,MEDIUM
2020-06-11,1802.4259033203125,1834.9849857021306,1797.3264290354057,1830.6263515318167,2269513,-0.01949023625510793,0.02004486473643169,1747.9389709472657,1653.0238940429688,1756.230126695761,-28.20044821150418,37.65855666672496,58.78221959133572,44.221385190105366,41.10670433017778,1858.67943802025,1637.1985038742814,60.3447265625,94.91507690429694,BUY,MEDIUM
2020-06-12,1777.886962890625,1786.342671019653,1753.042746934566,1753.2170497449072,2842642,-0.013614396233700088,0.019406179658479884,1754.1598571777345,1657.4487622070312,1758.292716657796,24.66991314571783,33.299924085087014,55.15568767558497,40.494982629515334,40.98435999004529,1856.6446058570534,1651.6751084984155,63.5760498046875,96.71109497070324,BUY,MEDIUM
2020-06-15,1769.5181884765625,1794.8854161548834,1744.281634683936,1777.5380321811451,2399022,-0.004707146510853466,0.01940006068358183,1760.3730041503907,1661.123046875,1759.361825219696,-8.019843704582627,50.6037814709473,53.933618416684595,36.44636064013025,40.07676012006228,1849.9489153277632,1670.7970929730182,-8.15576171875,99.24995727539067,BUY,MEDIUM
2020-06-16,1783.3785400390625,1807.9175617155925,1770.4769422085574,1800.1156502514382,2146528,0.007832839273854919,0.01859570016499532,1764.9888977050782,1665.8741772460937,1761.649162379466,-16.737110212375683,37.44061950703508,55.68489354938177,33.96468928431409,38.854345952912645,1849.1531950288986,1680.8246003812578,4.05322265625,99.1147204589845,BUY,MEDIUM
2020-06-17,1785.1221923828125,1794.7548161349644,1766.597997791723,1783.5530415703113,2703527,0.0009777241929309621,0.018598267993583203,1769.559423828125,1669.8327270507812,1763.8847164471592,1.5691508125012206,28.15681834324141,55.91196438816002,31.772392662201128,37.43795529477035,1847.437863583111,1691.6809840731391,1.4383544921875,99.72669677734393,BUY,MEDIUM
2020-06-18,1776.666015625,1795.0594261559406,1765.4207208643204,1782.6809506283348,1944389,-0.004737029652029046,0.018674565365514276,1773.4920227050782,1675.6620947265626,1765.1019965345197,-6.014935003334813,29.638705291620226,54.45468227746979,29.018135992831958,35.75399143438267,1844.128715210862,1702.8553301992943,-46.59423828125,97.82992797851557,BUY,MEDIUM
2020-06-19,1782.33251953125,1821.9089358801286,1771.3487835925462,1780.0660512283362,5681758,0.003189402992129997,0.018254068913400326,1776.0739135742188,1682.55306640625,1766.7430151895705,2.266468302913836,50.56015228758247,55.29552677782658,26.981580384077233,33.999509224321585,1843.98699356458,1708.1608335838575,-3.1815185546875,93.52084716796867,BUY,MEDIUM
2020-06-22,1767.818115234375,1789.0011165676256,1760.1469841365847,1787.039731496471,3196138,-0.008143488455617853,0.018109743326311486,1776.6632507324218,1687.0503515625,1766.8454065995145,-19.22161626209595,28.854132431040853,52.61599773223717,23.92066176796243,31.983739733049756,1844.0731024448496,1709.253399019994,-38.181640625,89.61289916992177,BUY,MEDIUM
2020-06-23,1774.2254638671875,1781.8094438864625,1752.1707349372748,1766.9900894118687,4205944,0.003624438836550281,0.01564366940107097,1780.9344665527344,1692.8882788085937,1767.548274969253,7.2353744553188335,29.63870894918773,53.683017702440665,21.761033549202693,29.939198496280348,1835.0487316984331,1726.8202014070357,-32.0362548828125,88.04618774414075,BUY,MEDIUM
2020-06-24,1780.240234375,1799.4618507849095,1770.9999525844485,1773.0921179588256,2560937,0.0033900823938703972,0.014030671068504053,1782.7989501953125,1697.791328125,1768.7570419902613,7.148116416174389,28.461898200461064,54.713951144531464,20.30083890493779,28.01152657801184,1834.0433594382105,1731.5545409524145,-58.013671875,85.00762207031244,BUY,LOW
2020-06-25,1757.488037109375,1795.7568574411155,1751.516730977457,1773.9636916954707,3043931,-0.0127804084113472,0.0143713479461726,1783.5692932128907,1702.3592822265625,1767.6837962144243,-16.475654586095743,44.2401264636585,50.16529883166464,17.110473075222217,25.831315877453918,1832.7643825481275,1734.3742038776538,-44.9378662109375,81.21001098632814,BUY,LOW
2020-06-26,1847.0584716796875,1858.5215943199587,1760.8445608341817,1765.246823873319,6300722,0.05096503229554461,0.017728531042997486,1790.2066711425782,1709.1375830078125,1775.2433351004397,81.81164780636846,97.67703348577697,63.152569505489794,21.561127412817996,24.97727818452673,1835.9315897810154,1744.481752504141,69.1715087890625,81.0690881347657,BUY,MEDIUM
2020-06-29,1832.06494140625,1854.6864270312615,1823.042694763971,1837.6004929163028,3076341,-0.008117517936398921,0.016091782088465092,1792.926220703125,1715.9480395507812,1780.6549464370055,-5.5355515100527555,31.64373226729049,60.31881179745821,23.606331360200784,24.703088819661545,1841.7134477637758,1744.1389936424741,62.5467529296875,76.97818115234372,BUY,MEDIUM
2020-06-30,1815.065673828125,1840.999543303903,1808.8765419164827,1830.626080643153,3071725,-0.009278747272504884,0.01627598494418062,1794.7132385253906,1720.8513891601563,1783.9321748884379,-15.560406815028045,32.123001387420345,57.18573945615822,23.583614174736113,24.47919389067646,1843.9925846674432,1745.433892383338,31.6871337890625,73.86184936523432,BUY,MEDIUM
2020-07-01,1823.6962890625,1842.78702288959,1812.756073990578,1812.930376804388,2503466,0.004754987854611592,0.016294059874225813,1796.7138610839843,1725.7109301757812,1787.7192504429581,10.765912258111939,30.030948899011946,58.36807399532259,23.98553880112013,24.380462872765197,1847.2719257395393,1746.1557964284293,38.5740966796875,71.0029309082031,BUY,MEDIUM
2020-07-02,1880.4454345703125,1887.2885752730463,1828.8828780244116,1832.3697853228375,3758699,0.031117651468702157,0.017005270122784556,1799.5731201171875,1733.113505859375,1796.5503515951532,48.075649247474985,58.405697248634624,65.17754754889597,28.554094901604003,25.21518927853296,1861.0927880142424,1738.0534522201326,103.7794189453125,66.45961425781252,BUY,MEDIUM
2020-07-03,1917.494140625,1922.1579650348299,1883.148183204758,1886.1119697672884,4185208,0.01970209045877125,0.016601442375565434,1806.1721252441407,1740.7034008789062,1808.0688501731988,31.38217085771157,39.009781830071915,68.76900893933514,34.76349751572934,27.12485092597224,1885.8717106979568,1726.4725397903246,135.16162109375,65.4687243652345,BUY,MEDIUM
2020-07-06,1972.8917236328125,1978.7322496583154,1922.1572748611202,1922.1572748611202,5190366,0.028890613970666834,0.017464999360413853,1814.5167236328125,1747.5107934570312,1823.7663190715605,50.734448771692314,56.57497479719518,73.21708448755484,43.65142929077297,30.430166598932388,1922.3711328499244,1706.6623144157006,205.0736083984375,67.00593017578126,BUY,MEDIUM
2020-07-07,1978.7325439453125,2007.325225055256,1945.8248578148325,1983.1784356779397,5630055,0.0029605376932420047,0.01743876878212386,1823.1402648925782,1755.47279296875,1838.5250517107504,-4.44589173262716,61.50036724042343,73.64331533906969,50.58339079995767,34.460811439137444,1952.426187711712,1693.8543420734445,204.507080078125,67.66747192382832,BUY,MEDIUM
2020-07-08,1934.2745361328125,1982.6553741516789,1924.424193425952,1978.819861312187,2793358,-0.02246792167467815,0.018161798824749047,1827.9412963867187,1762.231865234375,1847.6440751351759,-44.54532517937446,58.23118072572697,65.14506729735719,51.89145813065852,37.94694077744166,1965.9526402804997,1689.9299524929377,154.0343017578125,65.70943115234377,BUY,MEDIUM
2020-07-09,1921.5911865234375,1956.5909347782892,1909.9971767354143,1943.0791684654964,3443998,-0.00655716102985715,0.01754993539462762,1833.899560546875,1768.3470043945313,1854.6866745765305,-21.487981942058923,46.593758042874924,62.91449930947762,51.31316438238969,40.62018549843127,1977.1789405148797,1690.62018057887,164.1031494140625,65.55255615234364,BUY,MEDIUM
2020-07-10,1937.2822265625,1961.2547146446677,1896.8776024289814,1922.3756124800143,9610320,0.008165649462334779,0.017112141249768117,1841.8693237304688,1773.9659008789063,1862.5529352112865,14.906614082485703,64.37711221568634,64.5324581458444,51.52702672652117,42.80155374404925,1989.4668343140318,1694.2718131469057,90.2237548828125,67.90342285156248,BUY,MEDIUM
2020-07-13,1935.2333984375,1956.9829384362376,1926.5161308769707,1935.2333984375,2963503,-0.001057578548395277,0.017028731142970734,1850.1550842285155,1777.6525,1869.4748980930474,0.0,30.466807559266954,64.13897708755232,50.94394082974077,44.43003116118756,1999.1746888348061,1701.135479622225,103.16845703125,72.50258422851562,BUY,MEDIUM
2020-07-14,1893.346923828125,1951.796246577372,1887.2884653148774,1926.5161701366646,2976738,-0.021644146201276748,0.017984944537526845,1855.6535034179688,1781.9615844726563,1871.7484285148325,-33.16924630853964,64.50778126249452,56.54772019787807,46.56517822576325,44.8570605741027,2002.5112500080136,1708.795756827924,78.28125,73.69191894531241,BUY,MEDIUM
2020-07-15,1947.3504638671875,1970.1026190665104,1901.323457893274,1904.7231073718253,5569321,0.02852279176067407,0.018844175052358064,1863.7649169921874,1787.310751953125,1878.9486342815205,42.627356495362164,68.77916117323639,62.68053890127926,46.91184116621048,45.268016692524256,2012.0577049377757,1715.472129046599,123.6541748046875,76.45416503906245,BUY,MEDIUM
2020-07-16,1952.46142578125,2038.300707617253,1939.6620660239462,1960.5429866665734,8582118,0.0026245722117799186,0.018725261628569453,1872.5546875,1793.2688720703125,1885.9498630094888,-8.08156088532337,98.63864159330683,63.20976976453058,47.056547370061935,45.6257228280318,2019.9924069097715,1725.1169680902285,72.0159912109375,79.28581542968755,BUY,MEDIUM
2020-07-17,1922.7559814453125,1960.455280697943,1913.4076251500062,1954.426959215342,4509135,-0.015214356577647248,0.0192580035153393,1879.575860595703,1798.8406079101562,1889.4552123742737,-31.670977770029594,47.047655547936756,58.05654507928191,44.26399915118077,45.3533780926616,2022.462947774201,1736.688773417205,5.2618408203125,80.73525268554681,BUY,MEDIUM
2020-07-20,1929.00341796875,1945.6033847075048,1914.0635758846997,1922.9750943157549,2952646,0.003249209251577234,0.019048099048015726,1887.6351257324218,1804.506875,1893.2217127647687,6.028323652995141,31.53980882280507,58.816982563549786,42.07004321345744,44.696711116820765,2022.348045009318,1752.9222064555256,-43.8883056640625,83.12825073242175,BUY,MEDIUM
2020-07-21,1943.98681640625,1955.8687675351046,1923.1056817547967,1948.3115010689828,2665286,0.007767429698635642,0.019060113575468943,1896.123193359375,1809.744443359375,1898.0564899052306,-4.324684662732807,32.76308578030785,60.65917882252723,41.06695802976037,43.97076049940869,2022.3061311101935,1769.9402556085563,-34.7457275390625,86.37874999999985,BUY,MEDIUM
2020-07-22,1914.1939697265625,1949.184984429133,1908.2966148879714,1949.184984429133,2861534,-0.015325642349141022,0.01958265253779893,1902.8208801269532,1814.1393188476563,1899.5933942884112,-34.99101470257051,40.88836954116164,55.35675193677967,37.43642821589424,42.663894042705806,2017.3732101005867,1788.2685501533197,-20.08056640625,88.68156127929683,BUY,MEDIUM
2020-07-23,1896.9388427734375,1914.1940670675217,1889.7746910432481,1914.1940670675217,2265766,-0.009014304310858257,0.019432214502926575,1909.7934204101562,1818.1864819335938,1899.3405796287616,-17.2552242940842,24.41937602427356,52.49465656407318,32.788892699187045,40.688893774002054,2003.122749407829,1816.4640914124834,-24.65234375,91.60693847656239,BUY,MEDIUM
2020-07-24,1884.8818359375,1889.7745414300118,1856.662072372267,1882.3482429546743,3665100,-0.006356033502012859,0.01607892337717054,1911.684588623047,1822.8147338867188,1897.9635552883358,2.5335929828256667,33.112469057744875,50.52877084862199,27.81218606301195,38.113552231804036,2001.3118179234264,1822.0573593226675,-52.400390625,88.86985473632808,BUY,MEDIUM
2020-07-27,1928.0421142578125,1935.2062663533447,1890.2116285577704,1891.5221519887095,4248480,0.02289813477821845,0.01662585423780353,1916.483447265625,1828.4704711914062,1900.8281820822212,36.51996226910296,44.99463779557436,56.76984539148103,27.039094107936307,35.89866060703049,1998.4991783138205,1834.4677162174296,-7.1912841796875,88.01297607421884,BUY,MEDIUM
2020-07-28,2017.9874267578125,2026.9426691538588,1935.206039730947,1935.206039730947,8092319,0.046651114016056594,0.019036295982931675,1926.6295349121094,1835.0090063476562,1911.986212891531,82.78138702686556,91.73662942291185,66.30882308004513,33.300382102017466,35.37900490602789,2006.1173099344066,1847.1417598898122,124.6405029296875,91.62052856445325,BUY,MEDIUM
2020-07-29,1988.5445556640625,2046.1638581994637,1962.3340877964347,2002.479745086751,6090431,-0.014590215332042078,0.019559541533095186,1934.8719482421875,1840.9056640625,1919.2774880699967,-13.935189422688609,83.82977040302899,61.52318183972958,35.477739023211825,35.39875172946468,2003.3861818487571,1866.3577146356179,41.194091796875,93.96628417968759,BUY,MEDIUM
2020-07-30,1991.558349609375,2060.142394550957,1985.2241543759167,1997.1498297363237,7098496,0.0015155777811104443,0.01853373223106156,1940.4275939941406,1846.7765502929688,1926.161383436355,-5.591480126948682,74.91824017504018,61.82688166292739,37.019757335760005,35.72295285072374,2008.4052370079153,1872.4499509803659,39.096923828125,93.65104370117183,BUY,MEDIUM
2020-07-31,1993.21875,2039.8735136458017,1972.294101196288,2012.2213403691687,4723290,0.0008337191782257225,0.01811625724959936,1944.2138244628907,1852.02703125,1932.5478024817912,-19.00259036916873,67.57941244951371,62.00481523733842,37.938467357256286,36.16605575203025,2015.0362104637752,1873.3914384620061,70.4627685546875,92.18679321289073,BUY,MEDIUM
2020-08-03,1969.4107666015625,2012.8329452458786,1948.9229604152245,2001.12547506702,4012337,-0.011944490988978207,0.01721582472616943,1944.039776611328,1856.294619140625,1936.0585625521296,-31.714708465457534,63.90998483065414,57.84154486518074,36.32669485391193,36.19818357240659,2014.596009409768,1873.4835438128882,40.4073486328125,87.74515747070313,BUY,MEDIUM
2020-08-04,1965.5225830078125,1982.9524982895362,1943.9864045052793,1974.4778245569514,2927928,-0.001974287771595473,0.017207288874578692,1943.3792785644532,1861.8290478515626,1938.8646608829642,-8.955241549138918,38.96609378425683,57.16645852218544,34.33976220872614,35.8264992996705,2012.8632445501662,1873.8953125787402,21.5357666015625,81.55023071289065,BUY,MEDIUM
2020-08-05,1974.085205078125,2009.4693390925813,1968.406269989385,1974.5220462387972,3800641,0.00435640991578401,0.016406719090745002,1945.3698120117188,1866.4517407226563,1942.218999663257,-0.436841160672202,41.06306910319631,58.32015154349099,33.07477044720963,35.27615352917833,2015.96842498073,1874.7711990427074,59.8912353515625,78.91807128906248,BUY,MEDIUM
2020-08-06,2016.5458984375,2026.5057898378861,1979.1959857340855,1987.626933339595,4748047,0.02150904796315234,0.01690592517950766,1950.1175476074218,1871.94103515625,1949.2977542910407,28.918965097904902,47.309804103800616,63.56138107733323,35.093937392670114,35.239710301876684,2026.2366820596542,1873.9984131551894,119.6070556640625,78.17651245117167,BUY,MEDIUM
2020-08-07,2005.40625,2033.9318846249328,1998.1109193029301,2016.4582430044436,3165491,-0.00552412342616726,0.016943627530689353,1953.523748779297,1877.7629418945312,1954.641422163341,-11.051993004443602,35.82096532200262,61.38062330404789,35.387341962986284,35.269236634098604,2033.0607391249823,1873.9867584336116,120.5244140625,75.76080688476577,BUY,MEDIUM
2020-08-10,1994.4420166015625,2031.3113673617959,1988.5446610188992,2025.1955912019969,2929353,-0.005467337801723482,0.017012202439288082,1956.4841796875,1882.0983032226563,1958.431956003031,-30.753574600434376,42.76670634289667,59.22673409855258,34.33930308500567,35.08324992428002,2037.4720168841461,1875.496342490854,66.39990234375,74.3858764648437,BUY,MEDIUM
2020-08-11,1991.908203125,2019.9534904540037,1988.1515398521685,1994.6167035927726,2774423,-0.001270437272917091,0.016131534200666892,1961.4122436523437,1886.3499609375,1961.6201708030753,-2.7085004677726374,31.801950601835188,58.71397356402258,32.92473134389866,34.65154620820375,2038.325156663318,1884.4993306413694,-26.0792236328125,75.0622827148436,BUY,MEDIUM
2020-08-12,1972.2066650390625,2006.3237854419292,1962.7708543051888,1999.290814139235,3415751,-0.009890786159235998,0.015147241007859759,1962.6550537109374,1890.1204174804689,1962.6284085749455,-27.084149100172453,43.552931136740426,54.745228066606195,29.86960535932235,33.695158038427465,2039.4220717391004,1885.8880356827744,-16.337890625,72.53463623046855,BUY,MEDIUM
2020-08-13,1969.6729736328125,2009.4692441500517,1966.2219712868223,1985.8798225882902,2695682,-0.0012846987342474137,0.015146887719119964,1963.5156311035157,1893.048671875,1963.2993196686525,-16.206848955477653,43.247272863229455,54.237478528076316,26.933475938892798,32.34282161852053,2040.1921001998037,1886.8391620072277,-21.8853759765625,70.46695922851563,BUY,MEDIUM
2020-08-14,1958.9267578125,1993.131549133702,1951.0201033391352,1989.374672441154,2270405,-0.005455837575154665,0.014764829994584942,1965.324169921875,1896.5169262695313,1962.88288512989,-30.44791462865396,42.11144579456686,52.03318122071681,23.468907456435772,30.568038786103582,2039.7428463815397,1890.9054934622102,-34.2919921875,68.80724365234369,BUY,LOW
2020-08-17,1968.75537109375,1983.258580838026,1955.5191711721197,1977.1428054786138,2625630,0.005017345973784781,0.014784072218063824,1967.311767578125,1899.7720385742186,1963.44216960008,-8.387434384863809,27.73940966590635,53.87941567877773,21.271098936132603,28.708650816109387,2039.843501681509,1894.780033474741,-0.6553955078125,67.53972900390636,BUY,LOW
2020-08-18,1983.0404052734375,1999.8587895895575,1964.2999625528864,1976.96835593386,3493374,0.007255870581702295,0.014772408713660057,1969.2644470214843,1903.3076123046876,1965.3086685154803,6.072049339577461,35.55882703667112,56.50006131937466,20.4463103840053,27.05618272968857,2041.2801950445794,1897.2486989983893,17.517822265625,65.95683471679672,BUY,LOW
2020-08-19,1971.5521240234375,1996.015235378432,1967.969940254466,1988.8073543541925,2843005,-0.005793266349717108,0.014362757639736747,1972.1323547363281,1905.9735766601561,1965.9032834064217,-17.255230330755012,28.045295123965843,53.84998986521722,18.65065805246377,25.375077794243612,2039.570204524095,1904.6945049485612,-2.5330810546875,66.15877807617198,BUY,LOW
2020-08-20,1968.27490234375,1988.981126484852,1957.0917282464661,1971.9005979188255,2895164,-0.0016622546468614274,0.014170302859817028,1975.6991577148438,1909.290556640625,1966.1291519043648,-3.625695575075497,31.889398238385866,53.085069022921914,16.769834034187625,23.654029042232416,2033.7434372743035,1917.654878155384,-48.27099609375,66.40860107421872,BUY,LOW
2020-08-21,1964.562255859375,1984.1326555606536,1957.9659113279085,1974.5221495231515,1975294,-0.0018862438778008972,0.014067429191471813,1979.6831787109375,1913.0240625,1965.9799236930332,-9.959893663776484,26.16674423274503,52.18078688003893,14.80897921160863,21.88501907610766,2020.681930228675,1938.6844271932,-40.843994140625,66.65911621093755,BUY,LOW
2020-08-24,1964.125244140625,1974.4782513104003,1948.311509349583,1966.3094498685953,2167966,-0.0002224473759722123,0.013196993376555981,1981.4873352050781,1916.9162036132811,1965.8032875274387,-2.184205727970266,26.166741960817262,52.068352385400445,13.069072313658125,20.121829723617754,2015.8810506403177,1947.0936197698386,-30.3167724609375,64.57113159179698,BUY,LOW
2020-08-25,1959.3636474609375,1965.7852980885693,1951.4132660139264,1961.4168863150392,1663419,-0.0024242836315516714,0.007668051116856874,1978.5561462402343,1920.4359057617187,1965.1899884177383,-2.0532388541016644,14.372032074642902,50.784358007883284,11.177119626415106,18.332887704177228,2009.8611037016046,1947.251188778864,-32.5445556640625,58.1202404785156,BUY,LOW
2020-08-26,1968.8433837890625,1974.4348660994192,1936.4734066404867,1958.7960357022757,2618149,0.004838170974749589,0.00712665461798069,1977.5710876464843,1924.1103295898438,1965.5379308626702,10.04734808678677,37.961459458932495,53.25577260379136,10.323664212426365,16.731043005827058,2008.796604235465,1946.3455710575035,-3.36328125,53.46075805664054,BUY,LOW
2020-08-27,1964.38671875,1998.4168066737877,1958.576818192973,1979.7636087990527,3579393,-0.0022635955077775494,0.007121232794071718,1976.2125061035156,1927.8647436523438,1965.4282916056864,-15.37689004905269,39.83998848081478,51.93537673068896,9.181836529263137,15.221201710514274,2007.2493669017526,1945.1756453052785,-5.2862548828125,48.347762451171775,BUY,LOW
2020-08-28,1955.7818603515625,1991.9522278922032,1952.7676986067383,1981.8611530931173,2941136,-0.00438042994096044,0.007158911628975388,1974.3406616210937,1931.33373046875,1964.5095838053487,-26.07929274155481,39.184529285464805,49.38920371957541,7.496178426291181,13.676197053669656,2005.564231436518,1943.1170918056694,-3.1448974609375,43.00693115234367,BUY,LOW
2020-08-31,1972.1192626953125,1988.6754987051431,1946.564056832498,1957.0482438531399,6018154,0.008353386783541028,0.006949985893571428,1974.4760864257812,1935.4197534179686,1965.2343151723464,15.071018842172634,42.11144187264517,54.00029414252159,7.3933481516546635,12.419627273266657,2005.636383314042,1943.3157895375205,3.3638916015625,39.056333007812555,BUY,LOW
2020-09-01,1962.59619140625,1990.248149069943,1958.1840534199073,1982.3850088848556,3610908,-0.004828851616228924,0.007023564795764075,1974.329766845703,1939.18716796875,1964.9830652760147,-19.78881747860555,32.064095650035824,51.07896003580542,6.468853239331565,11.22947246647964,2005.683742684987,1942.975791006419,-20.4442138671875,35.142598876953116,BUY,LOW
2020-09-02,1979.021240234375,1982.1665816183006,1958.4897075983288,1963.16399290196,2084137,0.008369041425865698,0.0072109102696807075,1974.5765686035156,1943.1627880859376,1966.3200343863311,15.857247332415,23.67687401997182,55.54591053757361,6.981075043722512,10.379792981928215,2005.9965969122147,1943.1565402948165,7.4691162109375,31.41378051757806,BUY,LOW
2020-09-03,2009.0325927734375,2030.4378106568684,1981.5115983518835,1981.5115983518835,4654146,0.01516474504109322,0.006304388610141706,1974.2009033203126,1948.1936791992186,1970.3878972733771,27.52099442155395,48.9262123049848,62.316550135917886,9.696900021290503,10.243214389800674,2003.7273706382348,1944.6744360023904,40.7576904296875,26.00722412109394,BUY,LOW
2020-09-04,1999.68408203125,2030.6560767686142,1977.0993093558811,1987.627223684456,5231303,-0.004653239960274669,0.006268350119460589,1973.914794921875,1951.24619140625,1973.178010221342,12.056858346793888,53.55676741273305,59.28739250114462,10.968426995549407,10.388256910950421,2002.3156503205514,1945.5139395231986,35.121826171875,22.66860351562491,BUY,LOW
2020-09-07,2033.1021728515625,2047.4742021457685,1994.922303997522,1999.8585230260994,4620401,0.01671168517097299,0.007170322814279416,1975.847802734375,1955.2669360351563,1978.8850735397377,33.24364982546308,52.55189814824644,65.70500016935912,14.505471875628245,11.211699903885986,2013.371372471604,1938.3242329971458,68.9769287109375,20.58086669921863,BUY,LOW
2020-09-08,2051.580810546875,2088.4938890955514,2033.1025145347644,2040.8782019735902,7453998,0.009088887878859087,0.007370223246580261,1978.8314331054687,1959.9972387695314,1985.8084772955508,10.702608573284806,55.39137456078697,68.64795203571028,18.585435721747672,12.686447067458323,2028.5096022281693,1929.153263982768,92.2171630859375,18.834194335937354,BUY,LOW
2020-09-09,2033.62646484375,2061.0164895227153,2026.942880751462,2031.311292132392,3866535,-0.008751468921343153,0.007281393974131844,1981.9024230957032,1964.1958422851562,1990.3625714854295,2.3151727113579454,34.07360877125325,62.991804614739955,20.137933257669147,14.176744305500488,2036.8743992249663,1926.93044696644,64.7830810546875,17.70658081054694,BUY,LOW
2020-09-10,2036.6842041015625,2051.8426758071255,2030.699608927457,2040.0479659398075,2308813,0.0015035894303467856,0.00725069686844614,1985.2529846191405,1967.3206176757812,1994.7741556647688,-3.3637618382449546,21.143066879668595,63.54273005597792,21.368707584069398,15.61513696121427,2044.8122822028815,1925.6936870353995,72.2974853515625,17.932366943359284,BUY,LOW
2020-09-11,2074.20947265625,2081.98516070131,2035.8109605074674,2036.5099490882446,4145424,0.018424686791952194,0.007943618764914454,1991.0171203613281,1970.4549243164063,2002.3394241368812,37.69952356800536,46.17420019384281,69.53630040563395,25.082940145194698,17.508697598010357,2060.719675511448,1921.3145652112084,118.4276123046875,20.562196044921848,BUY,LOW
2020-09-14,2176.692138671875,2189.2295658140006,2080.9804071140484,2082.946192417084,7512131,0.04940805997013631,0.01309786199956758,2001.4139587402344,1974.5309326171875,2018.944444940558,93.74594625479085,108.2491586999522,79.46523252966178,35.88236134794715,21.183430347997717,2107.3478748869575,1895.4800425935114,204.5728759765625,26.883026123046875,BUY,LOW
2020-09-15,2176.692138671875,2217.4058218241776,2153.277622147914,2176.692138671875,7318770,0.0,0.013135805843387152,2011.0965454101563,1978.4901245117187,2033.9680351240618,0.0,64.12819967626365,79.46523252966178,43.93453053702183,25.73365038580254,2141.1886482847312,1881.0044425355813,214.095947265625,32.60642089843759,BUY,LOW
2020-09-16,2186.826904296875,2190.84592839479,2164.373310744429,2174.5516247187575,3074003,0.004656039981466575,0.012900084600586786,2021.860284423828,1983.541171875,2048.526022931143,12.275279578117534,26.472617650360917,80.20518529928084,50.55100302234223,30.69712091311048,2171.2724742693695,1872.4480945782866,207.8056640625,38.319112548828116,BUY,LOW
2020-09-17,2150.08837890625,2180.492565116982,2141.045895227648,2166.732069113539,4828176,-0.01679992381584383,0.013744794700358628,2030.9509582519531,1988.1111157226562,2058.198628422498,-16.643690207289183,39.44666988933386,70.31399257881736,52.228060601932384,35.003308850874866,2188.1376347872997,1873.7642817166065,141.0557861328125,42.8398425292969,BUY,LOW
2020-09-18,2140.4345703125,2184.555534478168,2128.639857119698,2171.1009099343387,4183256,-0.004489958965622098,0.0138207408498033,2039.7445739746095,1992.1741625976563,2066.0306230057154,-30.666339621838688,55.91567735847002,67.94288189206225,52.176698639979804,38.437986808695854,2200.7233951630114,1878.7657527862077,140.75048828125,47.57041137695319,BUY,LOW
2020-09-21,2153.888916015625,2188.486605495123,2142.399866327681,2153.6267686776287,4598809,0.006285800972257949,0.013783110601110274,2049.2327575683594,1996.5472729492187,2074.39807959643,0.26214733799633905,46.08673916744192,69.48721336852628,52.615132673001426,41.27341598155697,2213.5988365343665,1884.8666786023523,120.7867431640625,52.68548461914065,BUY,LOW
2020-09-22,2204.25634765625,2232.257903350715,2147.510734417244,2171.100152573983,7499613,0.023384414705005963,0.014279186328542574,2061.477392578125,2002.7654614257813,2086.765533849253,33.156195082267004,84.74716893347113,74.44955271454025,56.37694724373205,44.29412223399199,2233.546143009509,1889.4086421467414,152.675537109375,58.71193115234382,BUY,LOW
2020-09-23,2155.76708984375,2201.5481648521236,2104.700408195574,2192.9423099090454,7502280,-0.0219980121023845,0.015594523912665439,2070.8235778808594,2006.9337939453126,2093.337110683655,-37.175220065295434,96.84775665654979,63.707747935522626,54.81367658625595,46.39803310444479,2242.054847342333,1899.5923084193857,122.140625,63.8897839355468,BUY,MEDIUM
2020-09-24,2037.645263671875,2140.52134033491,2011.7406723634492,2140.52134033491,8424708,-0.054793408215743966,0.020480179524216005,2074.486505126953,2008.637470703125,2088.0331252006386,-102.87607666303484,128.78066797146062,46.21472590246591,43.541410859864754,45.82670865552879,2239.4740155868926,1909.4989946670137,0.9610595703125,65.84903442382802,BUY,MEDIUM
2020-09-25,2116.3203125,2131.7844438793554,2054.987868291273,2068.879329141932,8228267,0.038610768140451945,0.02197334210289404,2082.513427734375,2012.5087573242188,2090.7271430631777,47.440983358068024,76.7965755880823,55.06486663850146,40.48973749516517,44.75931442345607,2239.022237745828,1926.004617722922,42.11083984375,70.00467041015622,BUY,MEDIUM
2020-09-28,2119.815673828125,2135.2798098232815,2067.1325818501978,2131.785080183636,4347166,0.0016516220666029646,0.021957480857119176,2089.8982482910155,2016.3250024414062,2093.4974793493047,-11.969406355511182,68.14722797308377,55.41586643214549,37.91623604762799,43.39069874829046,2238.6187327253374,1941.1777638566937,-56.87646484375,73.5732458496093,BUY,MEDIUM
2020-09-29,2174.070556640625,2193.8595851359632,2119.8150236079905,2127.2850485816925,6995811,0.025594151171890456,0.022374639015924718,2100.4719665527346,2020.9266772460937,2101.1711058151386,46.785508058932464,74.04456152797275,60.5649994754015,39.79589096639393,42.671737191911156,2241.349222275681,1959.594710829788,-2.62158203125,79.54528930664083,BUY,MEDIUM
2020-09-30,2177.478271484375,2188.5739931807548,2149.2582927044537,2174.5950774558473,3917166,0.0015674352579502226,0.022378320088029344,2110.3948181152346,2026.19236328125,2108.4384549754527,2.8831940285276687,39.31570047630112,60.87067819285211,41.08688114992674,42.35476598351428,2243.392892021199,1977.3967442092703,-9.3486328125,84.20245483398458,BUY,MEDIUM
2020-10-01,2204.6943359375,2219.1538257696293,2177.4792080010893,2192.9433475125074,2610337,0.012498891405502643,0.02232263641634441,2120.1779052734373,2032.3474731445312,2117.6056817896188,11.750988424992556,41.674617768539974,63.31637363944348,43.801196194255226,42.644052025662475,2250.674158677014,1989.6816518698606,54.60595703125,87.83043212890607,BUY,MEDIUM
2020-10-05,2364.010009765625,2383.493171010589,2274.239138259943,2289.0480130889255,17412105,0.07226202346112509,0.026772974148169253,2138.3942016601563,2041.9300366210937,2141.0727607738895,74.96199667669953,109.25403275064582,73.68500115177979,58.13758001078213,45.742757622686405,2295.5215547355815,1981.2668485847312,223.575439453125,96.46416503906266,BUY,MEDIUM
2020-10-06,2371.4365234375,2390.3953915950615,2315.3461479178077,2390.3953915950615,9846367,0.0031414899434420995,0.02673225878154053,2155.310919189453,2050.7979248046877,2163.012166851318,-18.958868157561483,75.0492436772538,74.05316786240428,69.29968147036698,50.45414239222252,2334.7231992551565,1975.8986391237502,217.547607421875,104.51299438476553,BUY,MEDIUM
2020-10-07,2390.3515625,2420.1004939030204,2361.563767155186,2395.6373842173584,9656101,0.007976194545187276,0.026731167554301175,2172.2494567871095,2058.245207519531,2184.663537963218,-5.285821717358431,58.536726747834564,75.01207871146103,78.76406970186054,56.11612785415013,2372.094255889694,1972.4046576845249,186.09521484375,114.00424926757842,BUY,MEDIUM
2020-10-08,2468.764404296875,2520.5738151507157,2446.3108084651662,2446.3108084651662,19839329,0.03280389505335579,0.026973944510728414,2194.0063537597657,2067.8496044921876,2211.720763438839,22.453595831708753,74.2630066855495,78.55096272188753,91.53674792170614,63.200251867661336,2421.570519447414,1966.4421880721175,312.997314453125,126.1567492675781,BUY,MEDIUM
2020-10-09,2457.62451171875,2472.38987014055,2428.836723430444,2455.047191668902,7739245,-0.004512335222727648,0.027107878660566135,2215.053369140625,2077.170927734375,2235.140168123469,2.5773200498479127,43.55314671010592,76.8850336736024,99.61202577521954,70.48260664917298,2457.8751082124572,1972.2316300687926,419.979248046875,137.8824414062501,BUY,MEDIUM
2020-10-12,2472.52099609375,2493.4893720323544,2446.965787918576,2459.8526022975097,4623203,0.006061334554554154,0.027041341327872205,2234.9689453125,2086.75697265625,2257.7478661009873,12.668393796240252,46.52358411377827,77.5700803634865,105.99195417725741,77.58447615478987,2493.1673020447465,1976.7705885802538,356.20068359375,148.21197265625005,BUY,MEDIUM
2020-10-13,2469.50634765625,2494.275108867815,2456.9689233618215,2485.625740819581,4209878,-0.0012192610061806386,0.025395466173797537,2249.609655761719,2096.758884277344,2277.915340595828,-16.119393163331097,37.30618550599365,77.07227148659453,109.54210328723275,83.97600158127845,2525.528685896623,1973.6906256268148,349.690673828125,152.85077148437495,BUY,MEDIUM
2020-10-14,2465.16357421875,2493.591484344709,2445.816700894613,2493.591484344709,4395936,-0.0017585593337801075,0.02542267431319637,2264.0332275390624,2106.7517041015626,2295.7485057515805,-28.427910125958988,47.77478345009604,76.31250646282223,110.72878401613434,89.32655806824964,2553.0461320814857,1975.0203229966392,291.093017578125,157.2815234374998,BUY,MEDIUM
2020-10-15,2404.6220703125,2481.088016139685,2392.6892476396147,2466.3914466868196,6629355,-0.024558818140673067,0.026359064140452082,2274.922985839844,2115.36244140625,2306.1174166878204,-61.76937637431956,88.39876850007022,66.47450336708916,105.56713146630045,92.57467274785981,2567.8649475343227,1981.981024145365,227.143798828125,159.5605444335938,BUY,MEDIUM
2020-10-16,2424.53955078125,2431.8657729555116,2396.462518155747,2412.9578176653818,5273773,0.008282998278462017,0.025854863344780737,2288.645544433594,2123.522314453125,2317.3957151981767,11.581733115868246,35.403254799764454,67.93888972056078,101.90891629836733,94.44152145796131,2582.6218120935773,1994.6692767736104,219.84521484375,165.12322998046875,BUY,MEDIUM
2020-10-19,2379.133544921875,2433.9275819251575,2374.7904221077406,2433.9275819251575,3331194,-0.018727682064309525,0.026359814869583782,2300.5804931640623,2130.9968603515626,2323.2755085171143,-54.79403700328248,59.13715981741689,61.35894943282279,94.25930661051098,94.40507848847125,2588.845286399357,2012.3156999287673,15.12353515625,169.58363281249967,BUY,MEDIUM
2020-10-20,2403.21875,2421.556478070708,2384.749282299319,2390.935047006207,3406273,0.010123519602139863,0.026378819511388256,2313.046984863281,2139.1723950195315,2330.8891505770666,12.283702993793213,36.80719577138916,63.38470824728873,89.11316943553948,93.34669667788489,2596.381020852333,2029.7129488742291,31.7822265625,173.87458984374962,BUY,MEDIUM
2020-10-21,2347.4150390625,2411.992291967158,2336.5791891219355,2403.218220333956,4570143,-0.02322040427551586,0.02680062125880927,2320.2049194335937,2146.2825317382812,2332.463044721148,-55.8031812714562,75.41310284522251,56.052553400847295,79.61418280559792,90.6001939034275,2599.386551927029,2041.0232869401582,-42.9365234375,173.9223876953124,BUY,MEDIUM
2020-10-22,2343.686279296875,2357.2860916088785,2314.6881411873023,2334.7806814349287,5262294,-0.0015884535557522117,0.026159979495059073,2329.60087890625,2153.7121240234374,2333.5319242061555,8.905597861946262,42.597950421576115,55.58982258005554,70.96722175746754,86.67359947423552,2598.4717821223,2060.7299756902,-125.078125,175.88875488281246,BUY,MEDIUM
2020-10-23,2357.41748046875,2370.7540257805153,2342.7648244839015,2358.294887584139,3499091,0.0058588051195975765,0.022128291496459784,2345.589489746094,2161.4670141601564,2335.806739091397,-0.8774071153889054,27.989201296613828,56.997664456616775,64.47916038295716,82.23471165597985,2578.7764454296903,2112.4025340624976,-100.20703125,184.12247558593754,BUY,MEDIUM
2020-10-26,2358.646728515625,2377.73034107311,2343.1166590696266,2360.182191594963,2672752,0.0005214384202456568,0.020919738212519277,2357.705810546875,2169.4614135742186,2337.981976182092,-1.5354630793381148,34.61368200348352,57.128689349183496,58.759175841049,77.53960449299367,2565.8167486347866,2149.5948724589634,-113.874267578125,188.24439697265643,BUY,MEDIUM
2020-10-27,2307.712158203125,2384.9239816588565,2302.404016709115,2368.7797769842164,3537502,-0.02159482795651846,0.021780949356045,2367.100634765625,2176.240549316406,2335.0991363713656,-61.06761878109137,82.51996494974173,50.2909933857015,49.544929626978046,71.94066951979055,2546.3731683248575,2187.828101206392,-161.794189453125,190.8600854492188,BUY,MEDIUM
2020-10-28,2300.737060546875,2330.349552820302,2286.5231070977775,2325.129022950541,3569445,-0.003022516318361368,0.021254185634260087,2373.4339599609375,2182.594482421875,2331.826557718122,-24.391962403666184,43.82644572252457,49.41868698952134,41.204758225974274,65.7934872610273,2532.8293797227884,2214.0385401990866,-164.426513671875,190.8394775390625,BUY,MEDIUM
2020-10-29,2309.906494140625,2329.5166351148914,2281.4785802099796,2288.278487525287,3105968,0.003985433081853618,0.021252216951983788,2380.05537109375,2189.361569824219,2329.738932613603,21.62800661533811,48.03805490491186,50.630987215703044,34.932330797042596,59.62125596823036,2515.5505699494406,2244.5601722380597,-94.715576171875,190.69380126953138,BUY,MEDIUM
2020-10-30,2338.159423828125,2346.4947949418333,2300.21155007361,2312.933958615586,3427003,0.01223120059585403,0.021246112977122502,2386.728625488281,2196.759260253906,2330.5408841585036,25.225465212538893,46.28324486822339,54.268008665405624,31.873741523839726,54.071753079352234,2498.0011520405665,2275.4560989359957,-86.380126953125,189.9693652343749,BUY,MEDIUM
2020-11-02,2285.295166015625,2338.1589564594406,2281.302919911739,2333.9034453203194,2571196,-0.0226093470247416,0.014534937522618625,2382.7928833007813,2203.173918457031,2326.2317681416853,-48.608279304694406,56.85603654770148,47.25333855896085,24.897085583736498,48.23681958022909,2502.267303739261,2263.3184628623017,-93.83837890625,179.6189648437503,BUY,LOW
2020-11-03,2310.740234375,2338.290741289744,2282.180580415025,2284.768889425326,2879269,0.011134259039167427,0.014779733666677224,2379.7580688476564,2210.106218261719,2324.756383972435,25.97134494967395,56.110160874718986,50.56555847271749,21.177123156953712,42.82488029557402,2503.248231231656,2256.267906463657,-92.478515625,169.6518505859376,BUY,LOW
2020-11-04,2327.89306640625,2388.1711186140983,2290.0330275168576,2290.0330275168576,4893928,0.007423089699171381,0.014762183337891307,2376.635144042969,2217.476806640625,2325.0551156329802,37.8600388893924,98.1380910972407,52.72087241260337,19.38960502841155,38.137825242141524,2502.039931999333,2251.230356086605,-19.52197265625,159.15833740234393,BUY,LOW
2020-11-05,2356.4521484375,2377.7731832921886,2340.0446789078474,2355.8380063245486,2816502,0.012268210444622785,0.01286318292659833,2371.01953125,2225.228981933594,2328.045309235061,0.6141421129514129,37.72850438434125,56.14897454205252,20.046381072320855,34.519536408177395,2489.2740489546277,2252.7650135453723,12.765869140625,145.7905493164062,BUY,LOW
2020-11-06,2375.536865234375,2380.625871516987,2352.5927450621925,2368.122814788297,3884421,0.008098919729615295,0.013053935367003127,2366.915148925781,2233.4519848632813,2332.568314570587,7.414050446077908,28.033126454794456,58.32367703240887,21.854927961490375,31.986614718839995,2478.3635400015046,2255.4667578500575,18.119384765625,133.4631640624998,BUY,LOW
2020-11-09,2392.33837890625,2407.6051773641375,2364.7000541661005,2396.2867110119855,3646592,0.007072722767540451,0.013087156601618587,2362.9060180664064,2242.183115234375,2338.2607016527454,-3.948332105735517,42.90512319803702,60.19523192365808,24.363113333251476,30.461914441722293,2464.173981834284,2261.638054298529,33.691650390625,120.72290283203165,BUY,LOW
2020-11-10,2324.778564453125,2380.537629318562,2314.9077319175917,2366.543025143672,4760020,-0.028240074668706594,0.014380424394697146,2355.66962890625,2249.2363012695314,2336.97668858559,-41.76446069054691,65.6298974009701,50.3952079576767,20.661186607364925,28.50176887485082,2445.468034590634,2265.8712232218663,17.06640625,106.43332763671879,BUY,LOW
2020-11-11,2358.29541015625,2362.6824467053125,2319.3383970741124,2340.8787893721637,3242441,0.014417220726142377,0.014894636492262492,2350.326220703125,2257.1502856445313,2339.007043021642,17.416620784086263,43.34404963120005,54.364619237199165,20.19907003653634,26.841229107187925,2424.8456124878917,2275.806828918358,57.558349609375,93.1759350585935,BUY,LOW
2020-11-12,2343.59912109375,2380.4063193487827,2335.4391892836798,2356.7163191193627,2437505,-0.006231742214825586,0.013976101587256548,2347.2750732421873,2264.4418432617185,2339.4443837905606,-13.117198025612652,44.96713006510299,52.38518895602269,18.434470518376656,25.159877389425674,2417.5270815090557,2277.023064975319,33.692626953125,82.83322998046879,BUY,LOW
2020-11-13,2331.139892578125,2338.2028506467973,2312.845862947507,2330.174658771943,2548093,-0.005316279735507967,0.013820874626864803,2342.605090332031,2270.8839892578126,2338.6534798653274,0.9652338061819137,25.35698769929013,50.69980709610781,15.847971521211548,23.29749621578285,2403.4838108929885,2281.7263697710737,-7.01953125,71.7211010742185,BUY,LOW
2020-11-14,2342.98486328125,2359.348425097145,2333.94752450064,2349.653030787036,298819,0.005081192570568938,0.013308384271959241,2340.79765625,2277.7500048828124,2339.0659925717187,-6.668167505786187,25.400900596504925,52.27194647644324,14.585806476716698,21.55515826796962,2399.3323860422324,2282.262926457767,57.689697265625,63.04765136718743,BUY,LOW
2020-11-17,2339.2119140625,2364.6128140653127,2325.1733964279747,2364.6128140653127,2827273,-0.001610317368190839,0.013063418383178708,2337.597314453125,2283.872199707031,2339.0798898565586,-25.400900002812705,39.43941763733801,51.706335485689415,13.129734706722502,19.8700735557202,2388.6518947378577,2286.542734168392,28.4716796875,53.72511474609382,BUY,LOW
2020-11-18,2304.641357421875,2337.5880380683093,2287.4443061623165,2334.7803780882514,2893762,-0.01477871946222542,0.0124381794241301,2335.458630371094,2288.9334106445312,2335.8000296239484,-30.139020666376382,50.14373190599281,46.71812607169968,9.081545927483603,17.71236803007288,2388.2432471368456,2282.674013605342,-23.251708984375,46.52521972656268,BUY,LOW
2020-11-19,2313.635498046875,2348.073738655715,2308.3273546210253,2313.7233244715967,4167501,0.003902620507974186,0.01248143316982087,2333.956091308594,2294.5335913085937,2333.689121854275,-0.08782642472169755,39.74638403468953,48.1204083687021,6.523875954547293,15.474669614967764,2387.4247386833763,2280.4874439338114,-42.816650390625,39.42250000000013,BUY,LOW
2020-11-20,2334.123046875,2347.9422134902734,2305.4318676016383,2329.5166580032424,2711471,0.008855132472431526,0.01258025730611394,2332.791369628906,2300.4823681640623,2333.730448046733,4.606388871757645,42.51034588863513,51.26668515048541,6.079991683355729,13.595734028645357,2385.1687327191926,2280.4140065386196,-41.413818359375,32.30900146484373,BUY,LOW
2020-11-23,2390.276611328125,2395.3217028267527,2338.29023371183,2360.2254141406465,3706418,0.024057671050506713,0.013722045486259821,2334.3728637695312,2306.8037109375,2339.115796931569,30.051197187478465,57.03146911492286,58.665831145794904,10.142418074742181,12.905070837864722,2391.4744780675146,2277.271249471548,-2.061767578125,27.56915283203125,BUY,LOW
2020-11-24,2388.3466796875,2406.728320518279,2373.386841779783,2399.182531751046,3120516,-0.0008074093314047737,0.01268830173010001,2338.40458984375,2311.0368017578126,2343.8044524328384,-10.835852063546099,33.34147873849588,58.33799530956841,13.05569300179286,12.93519527065035,2398.7042665557783,2278.1049131317213,63.568115234375,27.367788085937264,BUY,LOW
2020-11-25,2370.140625,2397.910483203922,2358.646502508863,2394.4447668562366,3302249,-0.007622869344027672,0.012821244366918607,2341.8747680664064,2314.905771484375,2346.3126593443376,-24.304141856236583,39.26398069505922,55.203986326590055,13.737055684646293,13.095567353449539,2401.0824457510507,2282.667090381762,11.84521484375,26.96899658203165,BUY,LOW
2020-11-26,2387.074462890625,2396.155500211432,2351.4516396798226,2356.716083649255,2341099,0.007144655347454343,0.012871987967771305,2345.7331665039064,2318.91072265625,2350.1947358730326,30.35837924137013,44.70386053160928,57.491425305860695,15.465186670354342,13.5694912168305,2406.1501220518353,2285.3162109559776,43.475341796875,26.82244384765636,BUY,LOW
2020-11-27,2351.144287109375,2384.5296763157157,2341.8438986460687,2373.3866469154177,6086808,-0.015051971080005777,0.013142658279585434,2346.3824096679687,2322.9318408203126,2350.285169324123,-22.242359806042714,42.685777669646995,51.48421456425143,13.776669156147364,13.610926804693873,2406.738902115374,2286.0259172205633,20.00439453125,23.450568847656086,BUY,LOW
2020-12-01,2392.513916015625,2400.4981927429167,2302.7112064061052,2350.5738104121124,3605017,0.017595529603634974,0.012503816785153712,2351.7433471679688,2327.973427734375,2354.3069547237187,41.94010560351262,97.78698633681142,57.049018319073525,15.596898832339775,14.008121210223056,2408.375850955199,2295.1108433807385,49.529052734375,23.769919433593714,BUY,LOW
2020-12-02,2412.4755859375,2416.994148412678,2371.1496112605146,2385.6707467317315,2509032,0.008343387174574168,0.012416119917140877,2356.830114746094,2333.1451611328125,2359.8468243636307,26.80483920576853,45.84453715216341,59.46501709034887,18.437646192556713,14.894026206689787,2416.0345873903498,2297.625642101838,73.263671875,23.684953613281323,BUY,LOW
2020-12-03,2377.290771484375,2433.8396197394422,2369.7012852836265,2433.8396197394422,2852548,-0.014584526640692208,0.012897543913704726,2359.3,2336.605849609375,2361.5081526609815,-56.54884825506724,64.13833445581577,53.72822409775494,17.646421504813134,15.444505266314458,2417.584006296089,2301.0159937039116,72.6494140625,22.694150390625055,BUY,LOW
2020-12-04,2393.17236328125,2403.0871087763203,2368.12234161248,2378.475790764759,2686527,0.006680542400355316,0.012702610825833363,2361.1360107421874,2341.353955078125,2364.5237917678987,14.69657251649096,34.964767163840406,55.80095974954878,18.09232490983777,15.974069195019121,2421.230827451183,2301.041194033192,79.536865234375,19.782055664062227,BUY,LOW
2020-12-07,2402.07763671875,2407.605344893562,2374.3953968534997,2382.1605362193955,1996400,0.003721116612465769,0.012608499259527926,2362.4630493164063,2348.6426025390624,2368.100348430126,19.917100499354547,33.209948040062045,56.9650508183482,18.94589127163954,16.568433610343206,2424.897889712437,2300.0282089203756,67.95458984375,13.820446777343932,BUY,LOW
2020-12-08,2454.37158203125,2461.6101925479306,2397.4716306491555,2404.096098873242,4277818,0.0217702977260692,0.013406739104483579,2365.5647094726564,2355.4036279296874,2376.316656392639,50.27548315800777,64.13856189877515,63.10943372860363,23.570329029927052,17.968812694259977,2438.848791822899,2292.280627122414,64.094970703125,10.161081542968986,BUY,LOW
2020-12-09,2466.216552734375,2491.8368037903465,2450.7301849167493,2469.901620658389,3659996,0.004826070669104565,0.011461235136512765,2372.636608886719,2362.3316455078125,2384.878551282801,-3.68506792401422,41.1066188735972,64.35100466844102,27.86975423533113,19.94900100247421,2455.485667215176,2289.787550558262,77.869873046875,10.30496337890645,BUY,LOW
2020-12-10,2442.96533203125,2480.6938481520456,2439.4117894149263,2472.5339169395784,2127801,-0.009427890943861206,0.011453434698582177,2376.8701049804686,2367.709541015625,2390.4106256400723,-29.568584908328376,41.282058737119314,60.07676190823428,29.06584749703279,21.772370301385926,2464.8494683154668,2288.8907416454704,72.82470703125,9.160563964843732,BUY,LOW
2020-12-11,2442.350341796875,2463.4957231038743,2425.6356947088134,2450.334617398425,1795408,-0.0002517392393217577,0.011309120886838081,2381.807666015625,2373.006982421875,2395.357265274277,-7.984275601550053,37.86002839506091,59.96331396563793,29.622663823008224,23.342429005710386,2472.7966265870946,2290.818705444155,55.27587890625,8.800683593749909,BUY,LOW
2020-12-14,2454.72216796875,2460.2498763676463,2418.3536810764354,2458.495061905187,2483658,0.005065541155235165,0.011187129853482254,2387.986779785156,2378.0075390625,2401.0110655311246,-3.772893936436958,41.896195291210915,61.53687971513817,30.708262020055827,24.815595608579475,2481.132501232579,2294.841058337733,103.577880859375,9.979240722655959,BUY,LOW
2020-12-15,2423.004150390625,2452.0901164400307,2417.257089785099,2444.456715840757,2365509,-0.012921225054308816,0.011693607241370951,2391.987744140625,2379.187421875,2403.1056450416304,-21.45256545013217,34.83302665493147,55.51297387662489,28.678637985640762,25.588204083991734,2483.9241532062683,2300.051335074982,30.490234375,12.800322265625255,BUY,LOW
2020-12-16,2469.199951171875,2474.1135184731647,2422.039301723273,2438.315252421648,2565149,0.01906550625338488,0.012280544439991955,2398.4871459960937,2381.1426904296877,2409.400340863769,30.884698750227017,52.07421674989155,61.43437196751822,30.446789724866903,26.55992121216677,2492.925600816204,2304.048691175983,56.724365234375,17.34445556640594,BUY,LOW
2020-12-17,2490.25732421875,2503.8571371950884,2461.1274450728747,2466.3918888056505,2863460,0.00852801452425167,0.011614503450127354,2407.7679443359375,2383.1408056640626,2417.101005945429,23.865435413099476,42.72969212221369,63.799690030272195,33.164912273870414,27.8809194245075,2499.947310753216,2315.588577918659,112.966552734375,24.627138671874945,BUY,LOW
2020-12-18,2510.26220703125,2542.7262761190364,2497.2765365539835,2516.40405793975,6076692,0.008033259301335915,0.011650391558838244,2417.5992797851563,2383.97076171875,2425.973501287179,-6.141850908500146,45.44973956505282,65.93709737379616,36.51237885686305,29.60721131097861,2509.4646500530057,2325.733909517307,117.08984375,33.628518066406286,BUY,LOW
2020-12-21,2474.42041015625,2532.636477224189,2443.5796255220394,2510.26258837291,2705195,-0.014278108786646704,0.012289586076767011,2424.614147949219,2384.3066796875,2430.587492608157,-35.84217821666016,89.05685170214974,59.193557977933736,35.85976769559693,30.857722587902273,2511.1848394802905,2338.0434564181473,72.3427734375,40.307468261718896,BUY,LOW
2020-12-22,2520.35205078125,2530.135054867614,2473.103589836881,2486.571875339969,2881737,0.018562585580232716,0.011847363972518173,2431.117919921875,2385.26330078125,2439.136498148643,33.78017544128079,57.031465030733216,64.24078579553387,38.6038668334013,32.40695143700208,2525.577563983097,2336.658275860653,65.98046875,45.85461914062489,BUY,LOW
2020-12-23,2552.158935546875,2561.152361963499,2514.1671498910728,2523.467754601367,2790988,0.012620016618617003,0.01201623014686602,2439.3085327148438,2386.9163525390627,2449.900539805836,28.691180945508222,46.98521207242629,67.26065431328114,42.8511732977895,34.49579580915956,2545.2263758714353,2333.3906895582522,85.9423828125,52.39218017578105,BUY,LOW
2020-12-24,2552.685302734375,2563.2141915255484,2529.7409707171346,2552.378124460316,1807144,0.0002062438902878938,0.011763413330177011,2448.4357666015626,2388.666787109375,2459.689564846829,0.3071782740589697,33.47322080841377,67.30985478583803,45.73249200367445,36.74313504806254,2560.236403494808,2336.635129708317,109.719970703125,59.768979492187555,BUY,LOW
2020-12-28,2570.276611328125,2588.0880206444162,2546.235739308409,2553.254997032209,2108994,0.006891295442844614,0.01175973776345745,2457.5958740234373,2391.9798779296875,2470.2216645118892,17.02161429591615,41.85228133600731,68.98724332839058,48.87206270660499,39.16892057977103,2577.5114631181395,2337.680284928735,127.92626953125,65.6159960937498,BUY,LOW
2020-12-29,2571.24169921875,2590.1059532822896,2562.0289239784165,2562.0289239784165,1994151,0.0003754801667539276,0.0109373873792822,2468.6007446289063,2394.9139208984375,2479.8426201984016,9.212775240333485,28.077029303873132,69.08097707710505,50.85188080750777,41.50551262531838,2587.814864788044,2349.386624469769,116.51953125,73.68682373046886,BUY,LOW
2020-12-30,2552.64111328125,2586.333468082579,2546.2359971176083,2574.6639080930568,2637968,-0.007234086917286553,0.010785741841251487,2476.6071044921873,2398.384072265625,2486.77581001591,-22.02279481180676,40.09747096497085,65.00310004397105,50.339704306848034,43.27235096162431,2595.8141297349757,2357.400079249399,129.636962890625,78.22303222656228,BUY,LOW
2020-12-31,2511.79736328125,2548.8678160272575,2496.2233860920987,2544.4807801993275,4040956,-0.016000584566115528,0.011534245727956945,2481.573193359375,2400.55564453125,2489.1588150888288,-32.683416918077455,52.64442993515877,57.04069719085714,46.10656369457229,43.83919350821391,2597.9208071767193,2365.225579542031,42.597412109375,81.0175488281252,BUY,LOW
2021-01-01,2569.267333984375,2579.5768673829293,2526.0550344202225,2526.9324415179717,2681440,0.022880018724141804,0.011725620345661322,2491.172021484375,2404.9926904296876,2496.7881978408705,42.33489246640329,53.52183296270687,63.766190229601804,46.8490686989403,44.441168546359194,2603.115332999914,2379.228709968836,79.010009765625,86.17933105468728,BUY,LOW
2021-01-04,2666.83544921875,2676.7501940827437,2580.4108342495947,2588.3514127818057,5113293,0.037975073260698045,0.013979767405717115,2504.85517578125,2411.455673828125,2512.9831741627363,78.48403643694428,96.33935983314905,71.829496204514,54.68012233987474,46.48895930506231,2631.477178269399,2378.2331732931016,156.5732421875,93.39950195312531,BUY,LOW
2021-01-05,2713.821044921875,2732.465951874539,2666.9675761933777,2666.9675761933777,5801309,0.017618483253958983,0.01422879760748213,2520.442346191406,2418.5837451171874,2532.1105904256856,46.85346872849732,65.49837568116118,74.7442442162426,63.94056661789455,49.97928076762876,2667.6904170599855,2373.194275322827,239.400634765625,101.85860107421877,BUY,LOW
2021-01-06,2677.408935546875,2731.808199516695,2664.861965692319,2719.9631984910084,3726716,-0.013417284622777359,0.014378860431338859,2531.5942138671876,2424.9589892578124,2545.948528056389,-42.55426294413337,66.94623382437612,68.80297285020177,67.5625633343725,53.49593728097751,2690.4626204914184,2372.7258072429568,157.056884765625,106.6352246093752,BUY,LOW
2021-01-07,2661.000732421875,2703.160193337854,2632.4410837877763,2698.027275276198,3717827,-0.006128388871477597,0.014571366290412753,2541.3334228515623,2432.0247607421875,2556.905880853184,-37.026542854323,70.71910955007752,66.24750155623204,68.32144981925558,56.46103978863313,2706.7242434874306,2375.942602215694,108.841796875,109.30866210937484,BUY,LOW
2021-01-08,2738.30029296875,2744.5299703376445,2684.8662753303042,2711.1884937158957,5879039,0.029049056471518453,0.01524253752656103,2556.1001708984377,2440.776025390625,2574.1815391500213,27.111799252854325,59.663695007340266,71.59923553710641,74.30377369212874,60.02958656933225,2735.838395785388,2376.3619460114874,185.614990234375,115.32414550781277,BUY,MEDIUM
2021-01-11,2787.0400390625,2834.025237152171,2760.80564964127,2834.025237152171,9508039,0.0177992699408831,0.015396987568074056,2573.3346557617188,2450.3186962890627,2594.453777237048,-46.98519808967103,73.21958751090096,74.35981737790365,82.03208383713263,64.43008602289234,2771.315865549165,2375.3534459742723,216.763427734375,123.01595947265605,BUY,MEDIUM
2021-01-12,2785.63623046875,2816.4770067115314,2763.83257667954,2787.0399534098296,3611458,-0.0005036915774708772,0.015478903411453273,2589.8803588867186,2459.268232421875,2612.661629925882,-1.40372294107965,52.644430031991305,74.13630024230275,87.04020438956195,68.95210969622627,2800.3610599826334,2379.3996577908038,214.39453125,130.61212646484364,BUY,MEDIUM
2021-01-13,2771.685791015625,2787.523035871465,2742.994614697251,2785.7682212439095,3572801,-0.005007990383144034,0.015052796711332877,2607.3144409179686,2468.996044921875,2627.8067881249813,-14.082430228284466,44.52842117421369,71.82574001613324,88.8591788330732,72.93352352359567,2817.3797781505723,2397.249103685365,219.044677734375,138.3183959960934,BUY,MEDIUM
2021-01-14,2857.615966796875,2871.5054282930505,2743.072174506408,2773.4883288732813,6931542,0.031002856117309907,0.015781606799232767,2626.735241699219,2479.9335595703124,2649.6933765700223,84.12763792359374,128.43325378664258,76.65262488722863,96.12648988295359,77.57211679546725,2853.3049312223416,2400.1655521760963,345.818603515625,146.80168212890658,BUY,MEDIUM
2021-01-15,2842.36328125,2878.0976701403415,2821.8367505041224,2843.8136722370205,4131692,-0.005337556104143659,0.016034223974769533,2644.340539550781,2490.2229638671874,2668.042891301524,-1.4503909870204552,56.260919636219114,74.22192177237788,99.50805507917266,81.95930445220833,2880.280964355384,2408.400114746178,273.095947265625,154.1175756835937,BUY,MEDIUM
2021-01-18,2832.166259765625,2862.9339540596566,2801.969879661121,2857.000184445808,4160906,-0.003587515203155367,0.016195221672934985,2660.4357421875,2499.73724609375,2683.6736882981627,-24.833924680182918,60.96407439853556,72.56521714164683,100.20999697968864,85.6094429577044,2901.4584843715306,2419.4130000034697,165.330810546875,160.69849609375024,BUY,MEDIUM
2021-01-19,2866.406494140625,2882.493647080035,2841.177025728171,2842.0561027782105,2975735,0.012089768479140561,0.01550101791626014,2680.035046386719,2509.554638671875,2701.0768126641697,24.350391362414484,41.31662135186389,74.61425892751964,102.34937190055234,88.95742874627399,2921.1156983093133,2438.9543944641246,152.58544921875,170.48040771484375,BUY,MEDIUM
2021-01-20,2908.68994140625,2925.5241796509895,2872.0324744270283,2874.5817118103246,3453446,0.014751378547340988,0.015380727846591264,2699.451940917969,2519.881669921875,2720.8494915920464,34.10822959592542,53.49170522396116,76.90792691309015,106.2321842625829,92.41237984953578,2948.3870689024366,2450.516812933501,231.281005859375,179.57027099609377,BUY,MEDIUM
2021-01-21,2877.966552734375,2908.9978016243012,2867.6373971573257,2905.349717629565,2778546,-0.010562620729874461,0.01582596950362261,2715.742321777344,2530.9454296875,2735.81302122469,-27.38316489519002,41.360404466975524,71.82952451974839,105.61278192553345,95.05246026473532,2966.6240456047517,2464.860597949936,216.9658203125,184.79689208984382,BUY,MEDIUM
2021-01-22,2903.678955078125,2922.930653081142,2849.8792778289644,2849.8792778289644,3052459,0.00893422556260104,0.015773900130628026,2733.2920043945314,2541.8531005859377,2751.800253020295,53.799677249160595,73.05137525217742,73.41187244534379,105.97506253873644,97.23698071953555,2985.197127895833,2481.3868808932298,165.378662109375,191.43890380859375,BUY,MEDIUM
2021-01-25,2893.305908203125,2935.9411388007775,2882.185456399921,2908.821529985637,2272887,-0.003572380774692352,0.01593570746982827,2749.443469238281,2552.847236328125,2765.2769820853564,-15.515621782511971,53.755682400856585,71.66302742654037,104.22372808282762,98.63433019219397,2998.8804315893017,2500.0065068872605,106.265869140625,196.59623291015623,BUY,MEDIUM
2021-01-27,2866.7138671875,2906.6238739856344,2836.781254779704,2900.9538707074753,2786662,-0.00919088470397511,0.016255550401094564,2764.217077636719,2563.5587158203125,2774.93763780939,-34.24000351997529,69.84261920593053,67.24073468688869,99.54256273768851,98.8159767012929,3004.519086046714,2523.9150692267235,81.07763671875,200.65836181640634,BUY,MEDIUM
2021-01-28,2810.013427734375,2878.976970563586,2798.8051967802726,2839.418508372636,3083938,-0.019778897399604478,0.017000876043455886,2777.085693359375,2572.899287109375,2778.278189230823,-29.405080638261097,80.17177378331326,58.895241952861205,90.21748289281277,97.09627793959687,2997.4245995045944,2556.7467872141556,38.32763671875,204.1864062499999,BUY,MEDIUM
2021-01-29,2735.115966796875,2827.858578666377,2725.138358250766,2821.8808128923442,5445659,-0.026653773323029095,0.017838126012130105,2788.2516235351563,2580.8173681640624,2774.167501379964,-86.76484609546924,102.72022041561104,50.057279883654964,75.90866296357581,92.85875494439267,2973.527724392574,2602.975522677739,-122.5,207.43425537109397,BUY,MEDIUM
2021-02-01,2759.730224609375,2782.2784618413975,2675.9981476771814,2725.138461835176,3985846,0.008999347051937168,0.01734523113820419,2797.774768066406,2589.9191455078126,2772.792522639906,34.591762774199196,106.28031416421618,52.575969863139164,65.7965236084633,87.4463086772068,2954.4155757992576,2641.1339603335546,-82.633056640625,207.8556225585935,BUY,MEDIUM
2021-02-02,2816.078857421875,2834.1439306728867,2769.0922399564497,2790.190085594213,2881837,0.020418167076630134,0.015905027492505237,2805.2369384765625,2599.9680126953126,2776.915030714385,25.888771827661913,65.05169071643695,57.820271073666994,61.61913700350715,82.28087434246687,2949.9835916041843,2660.4902853489407,-16.08740234375,205.2689257812499,BUY,MEDIUM
2021-02-03,2813.089599609375,2844.692365880203,2780.2120003550785,2824.473600609732,2505866,-0.0010614964863721044,0.015536080598480693,2810.2003662109373,2609.54734375,2780.360227752007,-11.384001000356875,64.4803655251244,57.457277541185206,57.40558406012451,77.3058162859984,2948.7428177218135,2671.657914700061,-53.31689453125,200.65302246093734,BUY,MEDIUM
2021-02-04,2802.892822265625,2846.3193518083062,2791.9483573025227,2827.155431621027,2057261,-0.0036247609550601467,0.015177716924261463,2816.474560546875,2617.79966796875,2782.506189134259,-24.26260935540222,54.37099450578353,56.16205031568654,52.63675454076383,72.37200393695149,2941.0559236816703,2691.89319741208,-105.797119140625,198.6748925781253,BUY,MEDIUM
2021-02-05,2776.081298828125,2818.189217864985,2750.632061413705,2812.1234575107587,2366135,-0.009565661314094753,0.015298371683135716,2822.2285888671877,2625.5543603515625,2781.8942948193885,-36.042158682633726,67.5571564512802,52.792175863822145,46.16183205575771,67.12996956071274,2926.535738885618,2717.9214388487576,-101.88525390625,196.67422851562515,BUY,MEDIUM
2021-02-08,2825.441650390625,2835.902581505412,2773.619886265713,2803.8162689744304,2526592,0.017780585742692923,0.01444220749953917,2826.585656738281,2634.660380859375,2786.041662016653,21.625381416194614,62.282695239699024,57.81109766571199,44.50040422712618,62.60405649399543,2923.5254234267845,2729.645890049778,-78.2373046875,191.92527587890618,BUY,LOW
2021-02-09,2792.7392578125,2853.3077836933403,2781.3992518932832,2808.6506352082934,2658751,-0.011574258691062989,0.014206885317567869,2826.8706176757814,2642.7736767578126,2786.679528282925,-15.911377395793352,71.90853180005706,53.73504288542861,40.08285077422033,58.099815350040416,2923.376255455419,2730.3649798961437,-100.566650390625,184.09694091796882,BUY,LOW
2021-02-10,2824.73828125,2830.1005223957927,2775.5099672593133,2799.860358220309,2127983,0.011457934480630483,0.014425894330989718,2828.825720214844,2652.245556640625,2790.3041714226492,24.87792302969092,54.59055513647945,56.93466374394727,38.717648647736496,54.22338200957963,2923.4772012046324,2734.1742392250553,-41.9755859375,176.58016357421866,BUY,LOW
2021-02-11,2818.3203125,2830.012077244088,2799.9036958644483,2826.2320039574233,1165882,-0.0022720578372166234,0.014380863550157115,2831.1574462890626,2660.7616845703124,2792.97237533478,-7.911691457423331,30.108381379639468,56.09669240006564,36.694844361770265,50.717674480017756,2922.2959863480964,2740.0189062300287,8.306884765625,170.39576171875024,BUY,LOW
2021-02-12,2804.958251953125,2853.043709228122,2797.222333311935,2799.1562593176436,2777404,-0.0047411433283898186,0.012551926474481707,2828.524560546875,2668.611337890625,2794.1138873936707,5.801992635481383,55.82137591618721,54.304643345732785,33.6259319646183,47.299325976937865,2919.4958418945866,2737.553279199163,69.84228515625,159.91322265625013,BUY,LOW
2021-02-15,2760.17041015625,2820.9585077972442,2752.874027059699,2820.9585077972442,2630853,-0.01596738267519271,0.01296983621126454,2824.4149169921875,2676.2689306640623,2790.8811752758193,-60.78809764099424,68.08448073754516,48.68998119185075,27.265492627331696,43.29255930701663,2919.8317566298706,2728.9980773545044,0.440185546875,148.14598632812522,BUY,LOW
2021-02-16,2732.874755859375,2784.6083111002467,2725.1388349526,2769.092687129255,3435770,-0.00988911923569602,0.013102001320729313,2819.450341796875,2683.062978515625,2785.3567543790123,-36.217931269879955,59.469476147646674,45.59590796004799,19.79409345760041,38.592866137133385,2922.7445275773425,2716.1561560164073,-83.2041015625,136.3873632812497,BUY,LOW
2021-02-17,2701.49169921875,2754.0165516150078,2677.2730841859975,2729.6221641004277,3678426,-0.011483532706114241,0.012854052840501347,2811.2046020507814,2689.051259765625,2777.3696062685076,-28.130464881677653,76.74346742901025,42.27000413244462,11.211367726990375,33.11656645510479,2924.0744037844497,2698.334800317113,-111.597900390625,122.15334228515621,BUY,LOW
2021-02-18,2687.645751953125,2723.292147305242,2664.481990601862,2694.3706041552973,4189909,-0.005125296986708938,0.012169279360729344,2800.152392578125,2693.7167431640623,2768.8244772860867,-6.724852202172315,58.81015670338002,40.85410714380147,3.2547250766688194,27.144198179417597,2915.92659702855,2684.3781881276996,-115.2470703125,106.43564941406248,BUY,LOW
2021-02-19,2700.392578125,2713.8422835830916,2651.4278209785657,2688.2172766850695,3725028,0.004742747872412911,0.012207683347551743,2791.2736938476564,2698.400263671875,2762.3071535564573,12.175301439930536,62.41446260452585,42.75518370502838,-1.9993618074699953,21.315486182040082,2909.035048558458,2673.5123391368547,-75.688720703125,92.87343017578132,BUY,LOW
2021-02-22,2600.705078125,2721.622151723607,2587.2551582887345,2721.622151723607,5366696,-0.03691592874589267,0.014000633661244523,2776.125,2701.55505859375,2746.916479705837,-120.9170735986072,134.3669934348727,33.64678697955604,-14.045306097807043,14.243327726070659,2909.1140817751425,2643.1359182248575,-224.736572265625,74.56994140625011,BUY,LOW
2021-02-23,2619.825439453125,2661.8453662965508,2609.100742129512,2610.8588962684134,3832829,0.007351991384547896,0.014285919733420268,2762.4509765625,2705.104560546875,2734.812571110337,8.966543184711554,52.74462416703864,36.443532717212236,-21.797680280895293,7.035126124677469,2900.5734500397953,2624.3285030852044,-172.913818359375,57.34641601562498,BUY,LOW
2021-02-24,2591.606689453125,2640.175688079094,2567.915395351724,2612.616541472933,3774549,-0.010771232913094564,0.014315506186986718,2748.6956176757812,2707.8422509765624,2721.1739157144084,-21.009852019808022,72.26029272737014,34.15542196140542,-29.874139480968097,-0.3467269964516442,2896.966930148433,2600.4243052031293,-233.131591796875,40.853366699218896,BUY,LOW
2021-02-25,2633.099365234375,2663.5153004809417,2609.496062078548,2614.3749823229737,4224073,0.016010406189376658,0.014596271674822811,2739.8499145507812,2712.0441552734374,2712.7858632877364,18.724382911401335,54.01923840239351,40.1097287469758,-32.55144660410588,-6.787670917982491,2893.446529737717,2586.2532993638456,-185.220947265625,27.805759277343896,BUY,LOW
2021-02-26,2544.312744140625,2612.924750692814,2531.7418994246586,2602.068063297566,5553153,-0.033719434316086705,0.01526540670903557,2730.3097534179688,2713.5464111328124,2696.7408043213413,-57.755319156940914,81.18285126815545,33.192766456783104,-41.360788664138454,-13.702294467213685,2906.0093164488953,2554.610190387042,-260.6455078125,16.76334228515634,BUY,MEDIUM
2021-03-01,2570.596435546875,2606.462813304554,2550.905200308886,2572.178816772049,3265871,0.010330369749858681,0.015325538419638822,2720.853063964844,2715.153193359375,2684.7270549142468,-1.5823812251737763,55.55761299566802,36.674289458695945,-45.69464209000034,-20.100763991771018,2909.1113347092155,2532.594793220472,-189.573974609375,5.699870605468732,BUY,MEDIUM
2021-03-02,2642.813720703125,2659.2084239821147,2591.519482280752,2602.068408260185,3306469,0.028093591105009974,0.01603391341504288,2712.189807128906,2717.8042236328124,2680.735308798901,40.74531244293985,67.68894170136264,45.134557939584774,-42.80845160389481,-24.64230151419578,2898.0537517203184,2526.325862537494,-90.06103515625,-5.614416503906341,SELL,MEDIUM
2021-03-03,2689.1845703125,2693.49196181922,2634.505808531232,2667.9987284991294,3509857,0.017546015160326167,0.01668195705146428,2705.9945556640623,2722.0995068359375,2681.5400003716245,21.185841813370644,58.98615328798769,49.774542678158454,-36.36024653507093,-26.98589051837081,2886.165518629532,2525.8235926985926,-12.30712890625,-16.1049511718752,SELL,MEDIUM
2021-03-04,2680.9208984375,2708.8315912558814,2651.340045282069,2657.4495870855635,3916760,-0.003072928487775628,0.01667978787734694,2699.895959472656,2725.3108837890627,2681.4810382826604,23.471311351936492,57.49154597381266,48.97958237621615,-31.55308252490886,-27.89932891967842,2874.7121121506825,2525.07980679463,-6.724853515625,-25.41492431640654,SELL,MEDIUM
2021-03-05,2644.307373046875,2692.7883793543356,2634.2419852330613,2651.383985179007,3203686,-0.013657070379049285,0.01680095890381003,2693.307263183594,2727.1538525390624,2677.9406892125853,-7.076612132132141,58.54639412127426,45.51132877771453,-30.347943715915335,-28.389051878925805,2866.0620621433072,2520.5524642238806,-56.085205078125,-33.846589355468495,SELL,MEDIUM
2021-03-08,2643.3408203125,2666.2408214953202,2633.7149690735178,2651.2965109231404,2003125,-0.0003655220812175397,0.016136662859220066,2684.2022216796877,2728.966962890625,2674.645463603053,-7.955690610640431,32.52585242180248,45.41989417645177,-29.13500505274078,-28.5382425136888,2847.0519784083435,2521.352464951032,42.6357421875,-44.764741210937245,SELL,MEDIUM
2021-03-09,2682.019775390625,2696.0410098074835,2630.2862256983,2643.3403896236246,1942397,0.014632602342043999,0.016481307855941475,2678.6662475585936,2731.201826171875,2675.3477790113934,38.67938576700044,65.75478410918367,49.76897024365874,-24.76717344370536,-27.784028699692115,2833.722205846454,2523.610289270733,62.1943359375,-52.53557861328136,SELL,MEDIUM
2021-03-10,2699.6015625,2719.161026418552,2689.9757119446654,2703.161867395375,3053778,0.006555427842367179,0.016307869399433683,2672.4094116210936,2733.7690234375,2677.6576631531657,-3.560304895374884,29.185314473886592,51.65474347569667,-19.660300437089063,-26.159283047171506,2812.787500701129,2532.031322541058,107.994873046875,-61.359611816406414,SELL,MEDIUM
2021-03-12,2688.17333984375,2740.0828771190104,2673.5807911171387,2703.16164489604,2938317,-0.00423329976356468,0.016314626637973208,2665.902062988281,2736.47966796875,2678.6591561713167,-14.988305052289888,66.5020860018717,50.33204064366942,-16.346793188676656,-24.19678507547254,2789.7096864869563,2542.094439489606,55.073974609375,-70.577604980469,SELL,MEDIUM
2021-03-15,2695.38134765625,2724.2591074890815,2673.2726511372366,2673.2726511372366,3097083,0.002681377612694824,0.016338996535066333,2660.4232177734375,2740.15134765625,2680.2517458365487,22.108696519013392,50.986456351844936,51.181144679819894,-12.989454485491024,-21.955318957476237,2767.7299629661734,2553.1164725807016,151.068603515625,-79.72812988281248,SELL,MEDIUM
2021-03-16,2733.973388671875,2761.180778120956,2689.975543155086,2689.975543155086,4894756,0.014317840794284109,0.016366377853891004,2659.1133666992187,2743.44546875,2685.3680927732466,43.99784551678886,71.20523496586975,55.56151672084928,-7.132465568809039,-18.9907482797428,2762.0691813708504,2556.157552027587,163.376953125,-84.33210205078149,SELL,MEDIUM
2021-03-17,2736.5224609375,2773.487688424811,2712.216069895808,2729.5338423325,3838390,0.0009323690845663979,0.016212521499648753,2659.295751953125,2744.839208984375,2690.239937360319,6.988618604999829,61.27161852900326,55.84334763582768,-2.259030133480792,-15.644404650490397,2762.7851320129507,2555.8063718932995,93.708740234375,-85.54345703125,SELL,MEDIUM
2021-03-18,2669.3173828125,2765.9718586572135,2625.8470669085596,2747.9507796690177,3656306,-0.024558569894572058,0.01695475364134534,2657.6870361328124,2743.9491357421875,2688.2473131176694,-78.63339685651772,140.12479174865393,47.32218560816568,-3.7761564076990908,-13.270755001932136,2759.48923130901,2555.884840956615,-19.8671875,-86.26209960937513,SELL,MEDIUM
2021-03-19,2681.36083984375,2724.2598438450864,2641.6265991463324,2663.603525927916,5776626,0.004511811562310619,0.01695216742026203,2657.3727905273436,2744.028173828125,2687.591458520153,17.757313915833947,82.63324469875397,48.82908521610638,-3.9610233675402924,-11.408808675053768,2758.841390632,2555.904190422687,0.43994140625,-86.65538330078152,SELL,MEDIUM
2021-03-22,2751.203125,2759.818122141022,2653.6255823341885,2680.041887934514,2821646,0.026047327953189647,0.017906981957378786,2659.9133178710936,2745.8322216796873,2693.6497124706148,71.16123706548615,106.19253980683334,56.5852319044019,1.510742056644176,-8.82489852871418,2767.898250148342,2551.928385593845,106.895751953125,-85.91890380859377,SELL,MEDIUM
2021-03-23,2762.587158203125,2785.794702569668,2745.225389387804,2760.3014724104632,3305973,0.004137838133316585,0.015514760911346842,2668.007421875,2746.317958984375,2700.215183492759,2.285685792661752,40.56931318186389,57.71040352796868,6.6886493304668875,-5.722188956877966,2781.1707900086712,2554.844053741329,119.246337890625,-78.31053710937476,SELL,MEDIUM
2021-03-24,2743.687255859375,2771.1144147890072,2734.940268188996,2734.984264961801,2207104,-0.0068413777598398395,0.015636027012179442,2674.2005126953127,2745.4509033203126,2704.3553808610086,8.702990897574182,36.17414660001123,55.15469196120307,9.161505847146145,-2.7454499960731438,2789.6722285398523,2558.728796850773,61.66748046875,-71.25039062499991,SELL,MEDIUM
2021-03-25,2694.239501953125,2752.258589824629,2681.1851213346645,2735.8636733444264,3179786,-0.018022372557458977,0.01603713327615427,2679.3321533203125,2743.62296875,2703.391963822163,-41.62417139130139,71.0734684899644,49.036177030908384,7.049974249775914,-0.7863651469033321,2788.6223473388427,2570.0419593017823,-5.362060546875,-64.29081542968743,SELL,MEDIUM
2021-03-26,2695.95361328125,2740.962316543266,2675.0755327751876,2716.919472723651,3697370,0.0006362134201070013,0.015698462226321583,2682.4748657226564,2742.1083251953123,2702.683549484933,-20.96585944240087,65.8867837680782,49.24636499911991,5.4520370159057165,0.46131528565847746,2789.864811206576,2575.0849202387367,7.7802734375,-59.633459472655886,SELL,MEDIUM
2021-03-30,2776.608642578125,2802.89295847513,2690.76664657172,2710.1943337083953,4694008,0.029917068639289335,0.014640952556227166,2694.0896606445312,2740.4881787109375,2709.7240345414275,66.41430886972967,112.12631190341017,58.01976333309097,10.571979844779435,2.483448197482669,2788.680705504684,2599.4986157843787,81.227294921875,-46.39851806640627,SELL,LOW
2021-03-31,2793.57470703125,2817.441559826417,2753.2689439551755,2773.487713339265,3530069,0.006110354982318267,0.014582484780135437,2705.23857421875,2739.5124072265626,2717.7098128737916,20.086993691984844,64.1726158712413,59.60173167359734,15.816270908165734,5.1500127396192825,2791.143243673343,2619.3339047641566,59.601318359375,-34.273833007812755,SELL,LOW
2021-04-01,2782.2783203125,2826.2321642352886,2764.6967827433846,2805.222312687547,4285076,-0.004043703105672369,0.013553289890049175,2712.211804199219,2738.5146484375,2723.859194534621,-22.943992375046946,61.53538149190399,58.03362456556546,18.84366729185058,7.888743650065543,2799.348251894825,2625.075356503613,45.755859375,-26.302844238281068,SELL,LOW
2021-04-05,2847.24267578125,2868.4285193103187,2769.971886100771,2787.553427745333,5317862,0.023349337481612276,0.013945183579295733,2720.114709472656,2738.1313720703124,2735.610002272396,59.68924803591699,98.45663320954782,63.91366005554257,26.183158145044672,11.54762654906137,2824.438980023238,2615.7904389220744,177.92529296875,-18.01666259765625,SELL,LOW
2021-04-06,2869.92236328125,2878.9768984351203,2839.4184372352483,2878.9768984351203,2291562,0.007965491558873605,0.01391259099649493,2729.5647827148437,2737.3560205078124,2748.401655701811,-9.054535153870347,39.558461199872,65.71947232567103,33.44429376341577,15.92695999193225,2850.839568024961,2608.2899974047264,188.5615234375,-7.791237792968786,SELL,LOW
2021-04-07,2875.81201171875,2881.2184632873655,2843.637926767542,2864.9115442831585,2491268,0.0020521978269705254,0.013323743510304697,2741.1400146484375,2737.3129296875,2760.535975322472,10.900467435591509,37.580536519823454,66.19260018595702,39.22191563306933,20.585951120159667,2871.5068616316894,2610.7731676651856,124.60888671875,3.8270849609375546,BUY,LOW
2021-04-08,2916.2060546875,2931.721677267056,2871.1093634748245,2874.5816745617008,2578118,0.014046134727912385,0.013447890681905356,2754.7832763671877,2737.5634716796876,2775.3616971667607,41.624380125799235,60.61231379223136,69.32010199893367,46.52388587451469,25.77353807103067,2897.8484629902405,2611.718089744135,153.618896484375,17.219804687500073,BUY,LOW
2021-04-09,2920.512939453125,2948.7313909732657,2907.986094878753,2948.4236282416377,2911129,0.0014768794402240104,0.0132730366268878,2766.7079345703123,2738.1076123046873,2789.1856250035576,-27.910688788512743,40.74529609451247,69.64256617180376,52.058185151828184,31.03046748719018,2922.699013035991,2610.7168561046337,176.82568359375,28.600322265624982,BUY,LOW
2021-04-12,2853.96728515625,2934.4468220123777,2824.649983332408,2920.5133666529578,3791828,-0.022785605020923416,0.014574385206887055,2774.426220703125,2737.8526806640625,2795.3553069228615,-66.54608149670776,109.79683867996982,59.27574290213886,50.492433699809226,34.92286072971399,2931.642996576508,2617.2094448297426,159.727783203125,36.573540039062664,BUY,LOW
2021-04-13,2728.69970703125,2825.354205132549,2701.448313017837,2825.354205132549,8654596,-0.043892436600982854,0.01791007766549436,2776.4525390625,2736.22640625,2789.007154552232,-96.65449810129894,123.90589211471206,45.53476372138189,38.69743776931227,35.67777613763365,2930.176192645336,2622.728885479664,32.74609375,40.226132812500055,BUY,MEDIUM
2021-04-15,2829.70458984375,2845.7917402961693,2714.105975634484,2778.146814676858,6062760,0.03701575609519536,0.019650562774572652,2783.168701171875,2738.1181787109376,2792.8831007704716,51.55777516689204,131.68576466168543,54.66116226372045,37.0727172188449,35.9567643538759,2933.8444553734516,2632.4929469702984,53.095947265625,45.05052246093737,BUY,MEDIUM
2021-04-16,2808.7822265625,2854.362445705138,2797.749984123038,2838.539062883243,3224657,-0.007393833036969166,0.01956978831574876,2786.909143066406,2739.09921875,2794.3973032268555,-29.756836320742877,56.61246158209997,52.69157917940207,33.70828647203916,35.50706877750855,2936.2222170557293,2637.596069077083,15.20751953125,47.80992431640607,BUY,MEDIUM
2021-04-19,2779.465576171875,2803.376426569832,2755.994264254095,2785.794887362746,2679106,-0.010437494980343853,0.019752448197035775,2789.056298828125,2738.366953125,2792.975233983524,-6.329311190871067,47.38216231573688,49.97432257920632,28.34954626634908,34.075564275276655,2936.6343146133745,2641.4782830428753,-2.812744140625,50.68934570312513,BUY,MEDIUM
2021-04-20,2764.301025390625,2835.3304745515425,2748.30187037472,2835.0227118207445,3141893,-0.005455923221807213,0.018896633258282836,2793.8054809570312,2737.391181640625,2790.2443569746765,-70.72168643011946,87.02860417682268,48.578802380936516,22.618323578300533,31.784116135881433,2931.443175395767,2656.1677865182955,-82.941650390625,56.414299316406414,BUY,MEDIUM
2021-04-22,2741.66552734375,2767.3345341010545,2729.753990475635,2767.3345341010545,1988980,-0.008188506909690307,0.019017946782748544,2796.8207153320313,2736.1666357421873,2785.617801771731,-25.669006757304487,37.58054362541952,46.49185603624636,16.06460996337364,28.640214901379878,2926.908085459212,2666.7333452048506,-128.2568359375,60.65407958984406,BUY,MEDIUM
2021-04-23,2733.48974609375,2741.8409770273056,2717.270819467524,2729.533899862066,1615309,-0.0029820491115563064,0.018114902224649294,2795.9350463867186,2735.3148046875,2780.653225040495,3.9558462316840632,24.57015755978182,45.72772477993661,10.09466250195419,24.931104421494744,2927.48562849138,2664.3844642820573,-142.322265625,60.620241699218695,BUY,MEDIUM
2021-04-26,2725.841796875,2771.7295698556877,2714.6335659788188,2726.9406430412923,2490260,-0.0027978700961579506,0.01809453445644877,2794.0977783203125,2733.3228076171877,2775.4330890247334,-1.0988461662923328,57.09600387686896,44.98292559306398,4.69222153322653,20.8833278438411,2928.4564394942213,2659.7391171464037,-190.3642578125,60.774970703124836,BUY,MEDIUM
2021-04-27,2753.268798828125,2756.873099897442,2727.775569209346,2730.4127998595645,1471417,0.01006184657692466,0.01817798592501898,2794.57685546875,2732.5333984375,2773.322204244104,22.85599896856047,29.097530688095958,48.23890099042875,2.593976240219945,17.225457523116873,2928.2798424627076,2660.8738684747927,-167.244140625,62.04345703125,BUY,MEDIUM
2021-04-28,2746.32421875,2769.9713014232066,2735.687302452878,2769.0482277580213,1639037,-0.002522303699907802,0.017677831673728467,2797.1810913085938,2730.9651171875,2770.7509675303795,-22.724009008021312,34.28399897032841,47.47280905844306,0.3665072865874208,13.853667475810983,2924.8584465515128,2669.5037360656747,-107.64306640625,66.21597412109395,BUY,MEDIUM
2021-04-29,2738.544921875,2775.5541534445256,2729.9739201935035,2765.2249975719533,1621395,-0.002832621444288419,0.017699692723946694,2799.310656738281,2729.369609375,2767.68372508701,-26.68007569695328,45.58023325102204,46.58039643912946,-2.0034081091262124,10.682252358823545,2921.4646843336204,2677.1566291429417,9.84521484375,69.94104736328109,BUY,MEDIUM
2021-04-30,2668.569580078125,2753.312718021885,2654.8121130877844,2724.259184920213,3072305,-0.025552015319494914,0.017259409720188183,2793.9087036132814,2726.6418359375,2758.2442827052114,-55.6896048420881,98.50060493410047,39.40478237969484,-9.419427116810766,6.6619164636966826,2928.520930410739,2659.296476815824,-161.135009765625,67.26686767578121,BUY,MEDIUM
2021-05-03,2669.757080078125,2685.5804674477026,2640.7475365672335,2659.1201616100943,1545831,0.0004449949549245602,0.01716830293996502,2787.717822265625,2724.8335693359377,2749.81693007406,10.636918468030672,44.83293088046912,39.57489892338662,-15.027625175631329,2.3240081358310807,2932.8034741077936,2642.632170423456,-139.025146484375,62.884252929687136,BUY,MEDIUM
2021-05-04,2680.96533203125,2716.3481845976103,2667.9989450659377,2692.437330880178,1990777,0.004198229133564935,0.017218631155728723,2782.6521728515627,2723.795380859375,2743.259635022364,-11.471998848927797,48.34923953167254,41.251365606205326,-18.356151986986333,-1.812023888732402,2935.0349289379087,2630.2694167652166,-98.500244140625,58.85679199218748,BUY,MEDIUM
2021-05-05,2721.358642578125,2724.6111845742857,2683.2945653222314,2698.766406463981,1939289,0.015066703796677183,0.016675188845392843,2776.3579711914062,2724.1927197265627,2741.1738262181507,22.592236114143816,41.31661925205435,46.96243414532637,-17.532526829898416,-4.956124476965605,2927.946325662488,2624.7696167203244,-42.9423828125,52.16525146484355,BUY,MEDIUM
2021-05-06,2735.2041015625,2755.027330929211,2702.282710681683,2729.9736363116353,1791671,0.0050877009622143365,0.01659575708798622,2769.6220581054686,2725.14388671875,2740.6052810128504,5.230465250864654,52.74462024752802,48.79971098768252,-15.582954530521874,-7.081490487676859,2915.8595642880605,2623.3845519228767,-6.46142578125,44.478171386718714,BUY,MEDIUM
2021-05-07,2754.060302734375,2777.7516000546525,2735.5119064331016,2754.148296283505,1912540,0.006893891816374342,0.016697120134810124,2763.53447265625,2726.2172412109376,2741.8867116529955,-0.08799354912980561,42.23969362155094,51.275262967925755,-12.37372993433064,-8.139938377007617,2901.4849921350306,2625.583953177469,20.570556640625,37.317231445312245,BUY,MEDIUM
2021-05-10,2765.136474609375,2781.575170224942,2747.115397601112,2765.5320163029514,2137153,0.00402176083944239,0.016335772010720135,2755.980993652344,2729.505869140625,2744.1009747916983,-0.3955416935764333,34.459772623830304,52.72131911191364,-8.83479974575539,-8.278910650757172,2874.896579402415,2637.065407902273,39.294677734375,26.47512451171906,BUY,MEDIUM
2021-05-11,2745.005126953125,2749.840049045638,2717.3579916567137,2747.1148252916105,2415625,-0.007280417383049409,0.016340121919518162,2747.205603027344,2732.009462890625,2744.187084521358,-2.1096983384854866,32.482057388924204,49.82686253398753,-7.567371636164808,-8.1366028478387,2839.090467417291,2655.3207386373965,-8.263671875,15.196140136718896,BUY,MEDIUM
2021-05-12,2714.238037109375,2742.720044026913,2699.2937291771773,2742.720044026913,1978558,-0.011208390666250123,0.01579710594564019,2740.219140625,2734.46208984375,2741.3347942916453,-28.482006917538,43.42631484973572,45.697600687768286,-8.942489296970507,-8.297780137665063,2818.8661138831885,2661.5721673668113,-32.086181640625,5.757050781249745,BUY,MEDIUM
2021-05-14,2682.50341796875,2723.8200362366615,2672.3940326478782,2723.8200362366615,2043935,-0.011691907160221615,0.012677166968722087,2737.909326171875,2735.4501708984376,2735.731806070417,-41.31661826791151,51.42600358878326,41.845568492831745,-12.449488543327334,-9.128121818797517,2820.3937907074787,2655.424861636271,-56.04150390625,2.459155273437318,BUY,LOW
2021-05-17,2698.546142578125,2703.3370684555102,2668.8772990853286,2685.579759125718,2890462,0.005980504815730203,0.009241423239490528,2731.3514038085937,2738.5348388671873,2732.1903143092463,12.966383452407172,34.459769370181675,44.39722661028068,-13.775501504901058,-10.057597756018225,2803.851607014126,2658.8512006030614,29.9765625,-7.183435058593659,SELL,LOW
2021-05-18,2715.292724609375,2746.2361880296953,2705.7986513301544,2725.1383427951523,2098538,0.006205779388767763,0.009348872971298989,2726.6769287109373,2741.4287646484377,2730.581020052116,-9.845618185777312,40.43753669954094,47.010943781965366,-13.32150509902658,-10.710379224619897,2790.0910152228826,2663.262842198992,45.53564453125,-14.751835937500346,SELL,LOW
2021-05-19,2709.31494140625,2740.961709054084,2696.216781754915,2711.073095164463,1986041,-0.0022015244061706074,0.009119989123042321,2723.169396972656,2742.7587890625,2728.5556792287002,-1.7581537582132114,44.744927299169376,46.176528820401465,-13.290858083858438,-11.226474996467605,2782.11933092552,2664.2194630197923,28.349609375,-19.58939208984384,SELL,LOW
2021-05-20,2689.975830078125,2715.293292579016,2683.0312070831365,2696.2173631129313,2329027,-0.007138007853043193,0.009168564435568195,2719.4531372070314,2742.7746142578126,2724.8814078810265,-6.2415330348062525,32.262085495879546,43.48730678486102,-14.658105251040524,-11.912801047382189,2776.9148877184653,2661.9913866955976,-31.3828125,-23.32147705078114,SELL,LOW
2021-05-21,2707.996337890625,2714.765186965572,2685.6678709113507,2690.854338673333,1685566,0.006699133728639062,0.009186053064389025,2717.769677734375,2743.316123046875,2723.2733059771786,17.14199921729187,29.09731605422121,46.60763128851684,-14.12473297531642,-12.355187432969036,2774.4978913820137,2661.041464086736,-27.207763671875,-25.546445312500055,SELL,LOW
2021-05-24,2708.875732421875,2729.5340415933547,2700.5245010546814,2708.875732421875,1652260,0.0003247399263230921,0.009170238324798812,2716.5389770507813,2744.607490234375,2721.902108495721,0.0,29.009540538673264,46.76211261456795,-13.475731965058458,-12.579296339386921,2772.916526392354,2660.1614277092085,-45.1845703125,-28.068513183593495,SELL,LOW
2021-05-25,2750.836181640625,2763.4243048225067,2722.65653952181,2731.401886201931,1841613,0.015489986755957696,0.009809314188691807,2717.7886962890625,2746.7573974609377,2724.6577345095216,19.43429543869388,40.76776530069674,53.652783517532896,-9.46641349267702,-11.956719770044943,2776.01353664318,2659.563855934945,-14.30029296875,-28.968701171875182,SELL,LOW
2021-05-26,2790.146240234375,2795.888190705017,2741.8255617150744,2756.1362259082634,1923753,0.014290221590114838,0.010068338241440645,2719.632568359375,2748.9199267578124,2730.8947350547455,34.01001432611156,54.06262898994282,59.00593928619333,-3.081485075296314,-10.181672831095218,2784.2227214427885,2655.0424152759615,45.14111328125,-29.28735839843739,SELL,LOW
2021-05-27,2809.138427734375,2842.48590435292,2793.061011941984,2793.1934322043226,5959785,0.006806878874708877,0.01012645933770249,2722.7732788085937,2751.1106640625,2738.3465153099482,15.944995530052438,49.42489241093608,61.32984305631158,3.471114654279063,-7.451115334020362,2797.554309553106,2647.992248064081,94.900390625,-28.337385253906177,SELL,LOW
2021-05-28,2776.983642578125,2825.0392585195646,2769.960623856827,2817.530555049453,1763701,-0.011446493643313738,0.010483020173118284,2724.69521484375,2752.8868701171873,2742.0262417164413,-40.54691247132814,55.078634662737386,55.584616964579645,6.0003069125164075,-4.760830884713009,2802.8964358682383,2646.4939938192615,94.480224609375,-28.19165527343739,SELL,LOW
2021-05-31,2790.720458984375,2800.6144542582383,2763.7334632434854,2782.637645424478,1652799,0.004946668102624008,0.008483150965530975,2730.8027587890624,2754.79365234375,2746.663786218149,8.082813559897204,36.88099101475291,57.4197544138668,9.009302646818469,-2.0068041784067137,2809.5940768053383,2652.0114407727865,92.17431640625,-23.990893554687773,SELL,LOW
2021-06-01,2785.2880859375,2800.2612851307276,2766.7371662404853,2799.0688554082944,1377441,-0.0019465844489676698,0.008527039798765006,2736.579309082031,2755.8199462890625,2750.3422909533256,-13.78076947079444,33.524118890242335,56.42684612064688,10.830756125545577,0.5607078823837446,2813.540421721023,2659.6181964430393,69.995361328125,-19.24063720703134,SELL,LOW
2021-06-02,2764.484130859375,2790.9854410639764,2751.719376244468,2783.388528206253,2240078,-0.00746922919146531,0.008775387100043823,2740.7552490234375,2756.3791796875,2751.68913284914,-18.904397346877886,39.2660648195083,52.67057547915465,10.474818632555525,2.5435300324181007,2814.17467348358,2667.335824563295,55.169189453125,-15.6239306640623,SELL,LOW
2021-06-03,2774.907470703125,2786.6564256904326,2758.476575377336,2786.6564256904326,1281706,0.0037704466187367114,0.008206150213289702,2743.4326904296877,2758.4909814453126,2753.9004031209483,-11.74895498730757,28.179850313096722,54.311627910791,10.908070571365897,4.216438140207661,2817.727820141774,2669.1375607176014,84.931640625,-15.058291015624945,SELL,LOW
2021-06-04,2777.11669921875,2788.689025250581,2760.5533789450797,2763.203510188867,1836060,0.0007961449305786683,0.0081497384985879,2745.5283203125,2760.4060986328127,2756.1114789397866,13.913189029883142,28.135646305501268,54.67037778585039,11.29943923041128,5.633038358248385,2821.1297766158277,2669.9268640091723,69.120361328125,-14.8777783203127,SELL,LOW
2021-06-07,2811.9658203125,2818.3703040112887,2768.150447443102,2778.2208596814926,2559821,0.012548670030162468,0.008464575898626285,2748.4235961914064,2761.6213525390626,2761.430940022902,33.744960631007416,50.219856568186515,60.005259886960886,14.257285426824183,7.3578877719635445,2829.3573903812535,2667.4898020015594,103.090087890625,-13.197756347656195,SELL,LOW
2021-06-08,2826.9384765625,2854.1907399662523,2815.498788937065,2825.039302510701,2574057,0.005324622419605296,0.008493412579079665,2751.5136962890624,2762.90837890625,2767.6697530266733,1.8991740517990365,38.691951029187294,62.07068491241965,17.606610034533787,9.407632224477593,2839.2014228786197,2663.825969699505,76.102294921875,-11.394682617187755,SELL,LOW
2021-06-09,2827.02734375,2844.474040114054,2814.615853329523,2828.57325355441,1710925,3.1435840658344816e-05,0.008266210564374894,2755.6148071289062,2764.5751806640624,2773.3228569050857,-1.5459098044098027,29.85818678453097,62.083200910509476,20.03716874744532,11.533539529071138,2849.1768231908363,2662.052791066976,36.881103515625,-8.960373535156123,SELL,LOW
2021-06-10,2841.64697265625,2848.007243465834,2820.622558432509,2835.63996635401,1874324,0.00517137867045081,0.00773457800898874,2761.98525390625,2767.523330078125,2779.8299155480536,6.007006302239915,27.38468503332524,64.17744201182404,22.879347039285676,13.802701031114047,2860.623075063328,2663.3474327491717,32.508544921875,-5.538076171875218,SELL,LOW
2021-06-11,2891.999755859375,2923.0945840947657,2836.523635396885,2837.00953589567,3452954,0.017719577304163625,0.00772534714193654,2772.460070800781,2771.4442529296875,2790.512757482465,54.99021996370493,86.5709486978808,70.26839422492318,28.862137842096217,16.814588393310483,2879.267440872065,2665.652700729497,115.01611328125,1.0158178710935317,BUY,LOW
2021-06-14,2894.25244140625,2922.8295591519113,2888.952179184316,2896.593304286982,1847360,0.0007789369768482768,0.007735456413793132,2782.2453857421874,2773.79712890625,2800.392727379968,-2.3408628807319474,33.877379967595516,70.50997673441499,33.40029771308491,20.131730257265367,2895.8183900082227,2668.672381476152,103.531982421875,8.448256835937627,BUY,LOW
2021-06-15,2882.23876953125,2913.3778137810323,2872.3449886763165,2913.3778137810323,1304985,-0.00415087215722032,0.007892327620769664,2790.5926879882813,2775.57041015625,2808.187588537233,-31.139044249782273,41.03282510471581,67.36621829920529,35.61685030900935,23.228754267614168,2907.739267420317,2673.4461085562457,96.95068359375,15.02227783203125,BUY,LOW
2021-06-16,2892.486083984375,2910.462679751333,2873.6258953910374,2881.6647137973046,1635552,0.003555331557347552,0.007796369180463907,2799.7512451171874,2777.7745654296873,2816.216016675056,10.821370187070443,36.836784360295496,68.65018158816247,37.7650251447094,26.136008443033212,2918.675770802703,2680.826719431672,128.001953125,21.97667968750011,BUY,LOW
2021-06-17,2930.823974609375,2946.9898164726833,2879.80895402805,2884.6675274167474,2273413,0.013254304260019056,0.007691478226706284,2811.79365234375,2779.44619140625,2827.1310602878484,46.15644719262764,67.18086244463348,72.93980322261675,42.075990719463334,29.324004898319238,2932.577957020267,2691.009347667233,155.91650390625,32.34746093750027,BUY,LOW
2021-06-18,2912.759033203125,2966.3799741161924,2893.059682915584,2960.1079111317467,3380431,-0.006163775635368074,0.008013531459107857,2822.031787109375,2780.3029248046873,2835.2861053273987,-47.34887792862173,73.32029120060861,68.2040695301257,43.53295143400601,32.16579420545659,2940.5796498954765,2703.483924323273,135.642333984375,41.72886230468748,BUY,LOW
2021-06-21,2891.38134765625,2902.7768246995624,2872.4769504377414,2884.22590768231,1130569,-0.007339325122053153,0.008358332516840872,2831.1570678710937,2780.6143115234377,2840.628509358718,7.155439973939792,30.29987426182106,62.99192581839934,42.473000423894064,34.22723544914409,2941.2548723103832,2721.059263431804,79.41552734375,50.542756347655995,BUY,LOW
2021-06-22,2916.2041015625,2939.03948321946,2901.893437333948,2918.6776002896086,1708688,0.00858508474725106,0.007961431089008738,2839.4254638671873,2780.6142724609376,2847.8261848066973,-2.473498727108563,37.146045885512194,66.21997416941556,43.13869438371921,36.009527236059114,2948.989927485327,2729.8610002490477,89.265625,58.81119140624969,BUY,LOW
2021-06-23,2881.04541015625,2940.7617764131733,2876.6285255416315,2940.7617764131733,1467104,-0.012056320539228338,0.008163952942613061,2843.970422363281,2779.824921875,2850.989920554274,-59.716366256923266,64.1332508715418,58.44406175372267,40.36395849210112,36.88041348726752,2952.5176503631524,2735.42319436341,54.01806640625,64.14550048828096,BUY,LOW
2021-06-24,2980.16015625,2988.4638121744074,2896.1509335541814,2901.0095061131406,4155204,0.034402354695400206,0.010942869665097098,2852.5215087890624,2782.348779296875,2863.2918477633907,79.15065013685944,92.312878620226,69.36519539567118,45.6366214164932,38.631655073112654,2974.8198797654263,2730.2231378126985,138.51318359375,70.1727294921875,BUY,LOW
2021-06-25,2986.52099609375,3003.17252309465,2959.312941438819,2981.618210624291,2722861,0.0021343953043631014,0.010406433720715098,2862.9983764648437,2787.505205078125,2875.0279571281867,4.902785469459104,43.85958165583088,69.91169916725703,49.754967097880126,40.856317478066146,2993.258927636455,2732.737825293232,94.521240234375,75.49317138671859,BUY,LOW
2021-06-28,2947.608154296875,2995.973044219031,2944.2954906035766,2995.973044219031,1355238,-0.01302948877565957,0.011049067571552836,2870.8427612304686,2789.8632763671876,2881.940356858538,-48.36488992215618,51.6775536154546,62.55923905233253,49.31042471519504,42.54713892549193,3001.6426738146192,2740.042848646318,53.355712890625,80.97948486328096,BUY,LOW
2021-06-29,2951.22998046875,2973.7118807948364,2938.553434922606,2952.245777697685,1497322,0.0012287339369023709,0.011000040664863781,2879.139855957031,2792.7122314453127,2888.539368630939,-1.0157972289348436,35.15844587223046,62.949803469077196,48.68911496793908,43.77553413398137,3008.220259267877,2750.0594526461855,68.9912109375,86.42762451171848,BUY,LOW
2021-06-30,2955.558349609375,2987.5807631708603,2949.153866897078,2955.7791938408336,1693146,0.0014666322751091254,0.01073259174858308,2888.693566894531,2796.2340869140626,2894.9221287241235,-0.22084423145861365,38.426896273782404,63.44063005880933,47.99275512625945,44.61897833243699,3010.4943350491926,2766.8927987398697,63.072265625,92.45947998046859,BUY,LOW
2021-07-01,2951.80419921875,2969.913427434816,2943.7213860627653,2966.3799194902176,990310,-0.0012702000591939822,0.010782537948750545,2897.5384033203127,2799.984150390625,2900.3394687712307,-14.575720271467617,26.19204137205088,62.66521160191457,46.60077168493626,45.015337002936846,3010.3641000504745,2784.712706590151,20.980224609375,97.55425292968766,BUY,LOW
2021-07-02,2937.6259765625,2950.214098705569,2910.903822539493,2942.5287620044955,1682274,-0.004803239544141302,0.010918690316377568,2905.5638671875,2803.903359375,2903.8905647513516,-4.9027854419955474,39.310276166076164,59.6975136346603,43.84809713371487,44.781889029092454,3005.0280863995195,2806.0996479754804,24.866943359375,101.66050781249987,BUY,LOW
2021-07-05,2933.69482421875,2980.513802142145,2916.910662321684,2952.245739999718,1972858,-0.0013382072377879917,0.010710329290234648,2911.6503173828123,2807.9074609375,2906.7290656530085,-18.550915780967898,63.60313982046091,58.86511010166765,40.87815367005169,44.001141957284304,3001.9337747405816,2821.366860025043,42.3134765625,103.7428564453121,BUY,LOW
2021-07-06,2881.8408203125,2939.878645879054,2876.3639260649975,2926.6279909246714,2159420,-0.01767532310388109,0.011555769516704867,2914.3954345703123,2811.02744140625,2904.35875657296,-44.787170612171394,63.51471981405666,49.133167487291615,33.948925246796534,41.99069861518675,2997.241448518259,2831.5494206223657,-34.36328125,103.36799316406223,BUY,LOW
2021-07-07,2893.01513671875,2899.8613076965835,2863.5546464924696,2893.0593486974058,2640710,0.00387749258303538,0.011570356329671513,2917.69482421875,2813.8223681640625,2903.27841182494,-0.04421197865576687,36.30666120411388,51.012694128439605,29.024558699767113,39.39747063210283,2991.075372781577,2844.314275655923,11.9697265625,103.87245605468752,BUY,LOW
2021-07-08,2878.48388671875,2913.377277397096,2854.985972804783,2913.377277397096,2485811,-0.00502287382308042,0.011611473810586971,2919.536669921875,2816.4655615234374,2900.917028481493,-34.893390678345895,58.391304592312736,48.5028445494189,23.676484525316482,36.253273410745564,2986.7823367226156,2852.291003121134,-101.67626953125,103.07110839843745,BUY,LOW
2021-07-09,2834.005859375,2899.2433376238587,2827.68980004082,2870.9752733935225,6365067,-0.015451893807351347,0.011421145531201327,2916.6369750976564,2818.3747802734374,2894.544536185637,-36.96941401852246,71.55353758303863,41.734373733517046,15.66847568856383,32.136313866309216,2992.793356094431,2840.4805941008817,-152.51513671875,98.26219482421902,BUY,LOW
2021-07-12,2820.7109375,2858.6077212079454,2816.5148971181284,2857.724344285446,1892226,-0.004691211851598598,0.011443016880847933,2912.9598999023438,2821.417607421875,2887.5127648822427,-37.01340678544602,42.092824089816986,39.940223533355045,8.155272995226824,27.340105692092738,2999.4807546523934,2826.439045152294,-126.897216796875,91.54229248046886,BUY,LOW
2021-07-13,2815.80908203125,2839.174366211315,2804.7226548602753,2839.174366211315,1809339,-0.0017378085090471451,0.01142324125274658,2909.6384155273436,2824.3386474609374,2880.6838427059574,-23.36528418006492,34.45171135103965,39.26990057452959,1.7848918391769075,22.229062921509573,3005.2450470191748,2814.0317840355124,-135.4208984375,85.29976806640616,BUY,LOW
2021-07-14,2839.659423828125,2846.2405389860573,2813.5555917661677,2815.3223456699457,2044279,0.008470155860023754,0.011580526752979175,2906.9970825195314,2827.512529296875,2876.7767551937827,24.337078158179338,32.68494721988964,44.17887715344554,-1.3238968074269906,17.51847097572226,3007.1634081252864,2806.8307569137764,-115.89892578125,79.48455322265636,BUY,LOW
2021-07-15,2835.586669921875,2861.1721056543,2827.663236016785,2857.409560647077,2232968,-0.0014342402726449377,0.011093976308773889,2902.235217285156,2829.79708984375,2872.8538899297914,-21.822890725201887,33.50886963751509,43.53177684456315,-4.069362334382731,13.200904313701262,3006.393445915727,2798.076988654585,-116.217529296875,72.43812744140587,BUY,LOW
2021-07-16,2828.3720703125,2850.5490007565263,2825.893173423825,2844.4845758805604,1256526,-0.002544305799538016,0.011044893797750269,2898.015869140625,2831.66044921875,2868.617526156716,-16.112505568060442,24.655827332701392,42.34845401765487,-6.7495172051453665,9.210820009931936,3006.8585434565625,2789.1731948246875,-109.25390625,66.35541992187518,BUY,LOW
2021-07-19,2819.341796875,2832.7983868188567,2811.728089019713,2815.2693082754054,1597058,-0.0031927459375958867,0.010966402641771126,2894.4138916015627,2832.9660791015626,2863.924599558457,4.072488599594635,21.070297799143646,40.85160059156878,-9.492799760384969,5.470096055868556,3008.5364105791236,2780.2913726240017,-114.35302734375,61.447812500000055,BUY,LOW
2021-07-20,2838.110595703125,2846.2553578539632,2794.155076123223,2819.3421743627855,1811945,0.006657156237292128,0.01088398853611046,2890.5092163085938,2834.4255615234374,2861.466123000806,18.7684213403395,52.100281730740335,45.188077258050335,-10.036689038054192,2.3687390370840067,3006.7073787595846,2774.311053857603,-43.730224609375,56.08365478515634,BUY,LOW
2021-07-22,2847.45068359375,2855.0641765371074,2824.1228115319595,2824.1228115319595,2859334,0.003290952757361021,0.01062366074739342,2888.829479980469,2836.47447265625,2860.131319247753,23.32787206179046,30.941365005147873,47.26027430592559,-9.603356657054974,-0.02568010174378954,3006.4884006919565,2771.1705592689814,-45.564453125,52.35500732421906,BUY,LOW
2021-07-23,2844.3515625,2869.759766579906,2838.8624999266235,2859.534453094165,1776193,-0.001088384466711334,0.00673255247649212,2882.0390502929686,2839.0767431640625,2858.6284852717763,-15.182890594165201,30.897266653282713,46.63033770765193,-9.401634603556886,-1.900871002106409,2993.3340655665143,2770.744035019423,-34.13232421875,42.962307128906104,BUY,LOW
2021-07-26,2830.806396484375,2854.443991333239,2824.8748975730673,2832.9753500089523,1259611,-0.004762127928982007,0.0066693786480679345,2874.2533203125,2842.042802734375,2855.978762530119,-2.1689535245773186,29.569093760171654,43.87754569371621,-10.21697518848896,-3.564091839382919,2976.6533770654864,2771.8532635595134,-3.199462890625,32.210517578124836,BUY,LOW
2021-07-27,2817.881591796875,2841.829135999358,2798.581898985045,2832.9760857314473,1121367,-0.00456576779802087,0.006230355964464389,2867.7669921875,2844.42951171875,2852.3504605555245,-15.094493934572256,43.247237014313214,41.36800764846643,-11.77038057695654,-5.205349586897643,2967.149333849524,2768.384650525476,-2.829345703125,23.337480468750073,BUY,LOW
2021-07-28,2831.027587890625,2836.91477805401,2773.1285272482296,2822.3515580665385,1660654,0.004665205284714258,0.006376418420892105,2861.756872558594,2846.744208984375,2850.319710777915,8.676029824086527,63.78625080578058,44.82462228890414,-11.804617240477455,-6.525203117613606,2954.542142755232,2768.971602361956,15.218505859375,15.012663574219005,BUY,LOW
2021-07-29,2829.25732421875,2855.5065269494357,2824.388147472567,2833.1968876310666,1731997,-0.0006253078138295232,0.006332573383118835,2855.4418212890623,2849.143056640625,2848.3137692008518,-3.939563412316602,31.11837947686854,44.444638704818054,-11.838132899505581,-7.587789073992003,2938.5146061490473,2772.3690364290774,-10.402099609375,6.2987646484371,BUY,LOW
2021-07-30,2804.159423828125,2853.780814868341,2799.6444977783253,2849.7969421626153,2999943,-0.008870844011177104,0.006502027964853274,2848.0595825195314,2851.426728515625,2844.1085934510684,-45.63751833449032,54.13631709001584,39.351415879677866,-13.731595821363953,-8.816550423466392,2921.216489706808,2774.902675332255,-31.42724609375,-3.367145996093768,SELL,LOW
2021-08-02,2850.150634765625,2855.0198119311576,2803.760742407745,2815.2697066171863,2608669,0.016401068550772502,0.00772727068079374,2843.6858154296874,2854.269814453125,2844.684025957217,34.88092814843867,51.25906952341256,50.53736168568541,-11.389778197363285,-9.331195978245772,2904.2816933960166,2783.089937463358,21.778564453125,-10.583999023437627,SELL,LOW
2021-08-03,2908.137939453125,2912.653080836421,2849.7521253310056,2858.649482681095,3804735,0.020345347358199595,0.009140439285595185,2842.4079711914064,2858.25505859375,2850.72725581397,49.48845677203008,62.90095550541537,60.4436509725588,-4.7994548622073125,-8.42484775503808,2896.034641874097,2788.781300508716,88.796142578125,-15.847087402343732,SELL,LOW
2021-08-04,2898.444091796875,2926.1098714268387,2887.15645370785,2921.5063289241934,2929598,-0.0033333520823544127,0.008230956494989628,2843.238134765625,2861.207216796875,2855.2717163837706,-23.06223712731844,38.95341771898893,58.340119595371306,-0.35469987006581505,-6.810818178043627,2899.7189506840464,2786.757318847204,60.33349609375,-17.969082031249854,SELL,LOW
2021-08-05,2907.296875,2934.7856343504254,2888.307128829039,2899.373439667464,2534521,0.003054322568504908,0.008214268803442521,2843.9522216796877,2863.5502294921876,2860.22649339484,7.923435332535973,46.47850552138652,59.718816650060454,3.8379051214069477,-4.681073518153513,2903.2244524603993,2784.679990898976,59.84619140625,-19.598007812499873,SELL,LOW
2021-08-06,2930.18212890625,2942.7534149481066,2890.5204271376556,2897.2045221954145,2292362,0.007871660477140052,0.008282056318348394,2846.5371337890624,2865.971103515625,2866.8889348721173,32.977606710835516,52.23298781045105,63.116934442293136,8.904577091618648,-1.9639433961990806,2915.3492145689324,2777.7250530091924,85.83056640625,-19.433969726562736,SELL,LOW
2021-08-09,2941.6025390625,2954.262442321804,2930.3592100944475,2942.6648617114934,1510489,0.003897508637291658,0.0073457878026675465,2851.9169677734376,2869.2634814453127,2874.0045162235824,-1.0623226489933586,23.90323222735651,64.71655804334547,13.68374509109617,1.1655943012599697,2931.8882857238746,2771.9456498230006,110.796142578125,-17.346513671875073,SELL,LOW
2021-08-10,2951.51708984375,2965.6819642613355,2935.316187639701,2935.316187639701,2040777,0.0033704590098735387,0.007185055334632651,2858.457275390625,2872.4794140625,2881.38666609217,16.200902204048816,30.365776621634268,66.09147270745615,18.06307170467744,4.545089781943465,2947.975892437688,2768.938658343562,133.635498046875,-14.022138671874927,SELL,LOW
2021-08-11,2960.635986328125,2974.6238440607035,2945.4974053764813,2965.770796905761,1929707,0.0030895624883058304,0.007123323369030462,2865.698620605469,2875.9863720703124,2888.934220400356,-5.134810577636017,29.126438684222194,67.35161735378426,22.015754421140628,8.039222709782898,2963.3109076924047,2768.086333518533,129.6083984375,-10.287751464843495,SELL,LOW
2021-08-12,2967.320556640625,2981.706760577497,2944.5239565560437,2944.5239565560437,1310205,0.0022578156664205817,0.00698499065255711,2872.081677246094,2880.0431005859373,2896.3995857565724,22.796600084581314,37.182804021453194,68.28214894012123,25.39493589718859,11.510365347264036,2978.3595233146757,2765.803831177512,138.063232421875,-7.96142333984335,SELL,LOW
2021-08-13,3066.1650390625,3080.861187504432,2972.4113324845202,2975.2885735360687,4363584,0.033311022700486026,0.009786286185180116,2883.610595703125,2885.868251953125,2912.567724166661,90.87646552643128,108.44985501991187,78.18387144439694,35.63807170954442,16.335906619720113,3017.888702171357,2749.332489234893,262.005615234375,-2.2576562499998545,SELL,LOW
2021-08-16,3074.618896484375,3093.5645466358237,3042.3495835876647,3063.154243914832,2083489,0.0027571436351840894,0.009671925311236755,2895.9229370117187,2891.8182958984376,2928.0011691493,11.464652569542977,51.21496304815901,78.79363354595934,43.93157048268495,21.85503939231308,3051.1994971832332,2740.646376840204,224.46826171875,4.1046411132811045,BUY,LOW
2021-08-17,3145.53271484375,3152.393828029611,3065.8109629209002,3082.7203734861305,4336019,0.023064262839358918,0.010368777506417768,2912.2324829101562,2898.4896337890623,2948.718459215438,62.812341357619516,86.58286510871085,83.06862780521523,55.585624028967686,28.601156319644,3097.5292152666325,2726.93575055368,237.394775390625,13.742849121093968,BUY,LOW
2021-08-18,3152.171875,3182.670580449976,3130.968869437291,3163.946471418309,2631309,0.0021106632033804917,0.01039279250532782,2927.935546875,2904.9943017578125,2968.094975004444,-11.774596418309102,51.70171101268534,83.40590715170131,64.61245797052607,35.80341664982042,3137.1337918320583,2718.7373019179417,253.727783203125,22.941245117187464,BUY,LOW
2021-08-20,3151.2421875,3164.9644108196376,3098.5665560471975,3103.878384428993,2836148,-0.0002949355355186256,0.010460208269526376,2943.1251220703125,2911.4785986328125,2985.5375666706877,47.36380307100717,66.39785477244004,83.15610265742714,70.8742763524242,42.817588590341174,3170.1022606121064,2716.1479835285186,243.9453125,31.646523437500036,BUY,LOW
2021-08-23,3220.207763671875,3251.7247026771975,3153.3672477306477,3169.3913519151556,3744176,0.021885203379619744,0.010989122218438552,2961.917932128906,2919.049814453125,3007.887109242229,50.81641175671939,98.35745494654975,86.4081814898841,80.47410279807946,50.34889143188883,3213.9291569232955,2709.906707334517,290.025634765625,42.86811767578138,BUY,LOW
2021-08-24,3198.782958984375,3246.722339074466,3182.1391870835214,3237.5593488015643,2511141,-0.006653236766024695,0.011096756311816287,2980.316760253906,2925.185478515625,3026.0676663605286,-38.77638981718928,64.58315199094477,81.165435826015,85.36914932261698,57.352943010034465,3244.7757384537567,2715.8577820540554,257.180419921875,55.131281738280904,BUY,LOW
2021-08-25,3239.330322265625,3273.635883891149,3193.338780294793,3195.9503862746396,2123263,0.012675871980424747,0.010885155365888388,3001.389196777344,2932.0870361328125,3046.3783954943474,43.37993599098536,80.29710359635601,83.2382217268882,91.46597943325105,64.17555029467778,3277.619045087112,2725.1593484675755,287.813232421875,69.30216064453134,BUY,LOW
2021-08-26,3250.706787109375,3264.6503388708297,3229.503562472118,3240.2158378999643,1902533,0.003511980474962151,0.010901489537418332,3022.373156738281,2939.456396484375,3065.8382423148264,10.4909492094107,35.14677639871161,83.77766000971485,96.10787509796955,70.56201525533614,3307.274647446855,2737.471666029707,290.07080078125,82.91676025390598,BUY,LOW
2021-08-27,3293.466796875,3301.7444837926687,3232.336669047164,3245.527625039261,3944728,0.013154065428229167,0.010829978171377562,3045.583630371094,2947.4760107421876,3087.5171522729383,47.93917183573922,69.40781474550477,85.64734738775512,102.0604964109134,76.86171148645158,3339.2731985438527,2751.894062198335,326.146240234375,98.10761962890638,BUY,LOW
2021-08-30,3276.779296875,3311.350498845635,3264.650662131537,3288.907931618463,2033114,-0.005066849319942723,0.010553887289689774,3069.2146240234374,2954.3951171875,3105.5421184255156,-12.128634743462953,46.69983671409773,81.69036167459393,104.22995189642825,82.33535956844692,3357.403840946223,2781.0254071006516,210.6142578125,114.81950683593732,BUY,LOW
2021-08-31,3352.16259765625,3367.788358369069,3278.6822930983203,3283.949813871985,3207480,0.023005303058750926,0.010931406573864844,3094.315222167969,2963.1831884765625,3129.029783114157,68.21278378426496,89.10606527074879,85.05042818260976,110.75534469644572,88.01935659404668,3389.182937458042,2799.4475068778956,277.543701171875,131.13203369140638,BUY,LOW
2021-09-01,3288.86328125,3378.943051708718,3281.8251507662603,3360.6172841404705,2643336,-0.01888312829768679,0.012095049586345684,3113.3514892578123,2971.1328271484376,3144.2520210318567,-71.75400289047047,97.11790094245771,72.94519042182982,109.5561446447191,92.32671420418117,3406.838873995596,2819.864104520029,143.33056640625,142.2186621093747,BUY,LOW
2021-09-02,3396.693359375,3416.524101420133,3295.1046285511825,3305.728286676549,3403717,0.03278642768148665,0.013233528057771957,3138.263952636719,2980.7426123046876,3168.294053255013,90.96507269845097,121.41947286895038,78.54681685869295,115.96992696579127,97.0553567565032,3439.049269514746,2837.478635758692,244.521484375,157.5213403320313,BUY,LOW
2021-09-03,3401.385498046875,3414.5321452155067,3368.1865666025374,3386.2910073224075,1746812,0.0013813842391525721,0.013271966631349452,3162.9683837890625,2991.1494140625,3190.4932384732856,15.094490724467505,46.34557861296935,78.75296696212662,120.04767714597392,101.65382083439735,3464.9750103994184,2860.9617571787066,250.143310546875,171.8189697265625,BUY,LOW
2021-09-06,3410.194091796875,3432.857981147022,3376.5525093752026,3408.1578475277897,1723693,0.002589707563302568,0.013326292082353837,3186.9689819335936,2999.7500927734377,3211.4171292660085,2.036244269085273,56.30547177181961,79.1578730249065,122.57711080969602,105.8384788294571,3487.4521091119827,2886.4858547552044,189.986328125,187.21888916015587,BUY,LOW
2021-09-07,3378.234375,3426.0851408991393,3371.461879985868,3420.817620761608,1585039,-0.009371817537820903,0.01384563274589633,3208.800573730469,3007.5843603515623,3227.3044860025793,-42.58324576160794,54.623260913271224,73.67207383061123,120.61247760163951,108.7932785838936,3498.0395544659286,2919.561592995009,179.451416015625,201.21621337890656,BUY,LOW
2021-09-08,3341.2734375,3377.4382295061014,3325.2052398492574,3373.011704958911,4147175,-0.010940903856026862,0.014403518491378983,3228.2883911132812,3015.457666015625,3238.1586718594767,-31.738267458911196,52.23298965684398,67.81852966447323,114.75028303576437,109.98467947426775,3497.3812033219797,2959.195578904583,101.943115234375,212.83072509765634,BUY,LOW
2021-09-09,3356.544677734375,3371.8604946659234,3333.172716457,3355.039702736924,1441148,0.004570485032138194,0.014389845622351629,3248.0838256835937,3023.5639599609376,3249.433529561848,1.5049749974509723,38.68777820892319,68.91740710783566,110.06791861640204,110.0013273026946,3492.636228487544,3003.5314228796433,105.837890625,224.51986572265605,BUY,LOW
2021-09-13,3404.306884765625,3410.5481106681864,3334.9431675228693,3334.9431675228693,1691473,0.014229575833767605,0.014457638515238229,3269.933142089844,3032.5389306640627,3264.1833729145883,69.36371724275568,75.60494314531707,72.12350186250592,108.95515481892244,109.79209280594019,3486.7552659530543,3053.1110182266334,110.840087890625,237.39421142578112,BUY,LOW
2021-09-14,3440.2060546875,3449.5903726199604,3386.291075393648,3408.3793883308576,1991188,0.010545221431864649,0.01310970470991129,3288.6351928710938,3042.3069677734375,3280.947437845342,31.826666356642363,63.29929722631232,74.27161130858822,109.70542859165789,109.77475996308374,3496.257570213903,3081.0128155282846,163.4267578125,246.3282250976563,BUY,LOW
2021-09-15,3500.982421875,3523.5133876208283,3422.588632297016,3436.84212717988,2461369,0.017666490384983913,0.013346176117728936,3309.953369140625,3053.5740966796875,3301.903150610071,64.14029469511979,100.9247553238124,77.4409842749301,113.89130282067617,110.59806853460223,3512.800274773798,3107.106463507452,148.81982421875,256.3792724609375,BUY,LOW
2021-09-16,3455.61083984375,3525.062969647641,3445.695467673765,3479.248438680286,2946666,-0.012959671476142631,0.013437549945146992,3325.457275390625,3064.0124169921874,3316.5419781561354,-23.6375988365362,79.36750197387573,70.46262320060016,112.25354186575441,110.92916320083268,3522.996568017082,3127.917982764168,166.74755859375,261.44485839843765,BUY,LOW
2021-09-17,3388.814697265625,3492.5280874761797,3368.5853923566196,3470.395463347687,6477148,-0.019329764164400354,0.014478097628396936,3337.289416503906,3074.15189453125,3323.425094261801,-81.58076608206193,123.94269511956009,61.654213997395935,104.36268596189666,109.61586775304548,3519.6600294372497,3154.9188035705624,-7.878662109375,263.13752197265603,BUY,LOW
2021-09-20,3384.963134765625,3427.015115647374,3371.1082001517175,3372.126214285933,2002008,-0.0011365515214236677,0.014491613567584057,3348.9754638671875,3083.9908544921873,3329.2858600240697,12.836920479691798,55.90691549565645,61.17930167280895,96.68382594079003,107.0294593905944,3510.9774022764195,3186.9735254579555,-16.42236328125,264.9846093750002,BUY,LOW
2021-09-21,3419.887939453125,3427.5016467557025,3383.3248100645906,3415.505724170102,1568129,0.010317632215488759,0.01394752925651977,3358.95947265625,3094.818935546875,3337.9146294935035,4.382215283023015,44.17683669111193,63.89510595850472,92.35183939287663,104.09393539105085,3512.3719820496335,3205.5469632628665,9.69384765625,264.14053710937515,BUY,LOW
2021-09-22,3419.179931640625,3449.900181873406,3410.5925180954796,3419.489874783857,1744067,-0.00020702661170035608,0.013783688954529548,3369.9793212890627,3106.5224169921876,3345.654182078944,-0.30994314323197614,39.30766377792634,63.797667887724245,87.84891096838192,100.84493050651707,3506.5210636701254,3233.437578908,40.945556640625,263.4569042968751,BUY,LOW
2021-09-23,3425.466064453125,3434.0977874300374,3395.1443709188434,3426.130043143657,2003869,0.0018384913745921327,0.013612917877816606,3379.2861083984376,3118.61751953125,3353.255313733628,-0.6639786905320761,38.953416511194064,64.31795256291934,83.8213062907198,97.44020566335763,3503.781513179035,3254.7907036178403,84.192626953125,260.66858886718774,BUY,LOW
2021-09-24,3427.28076171875,3491.996417565266,3412.8502492141406,3443.835919440469,2320754,0.0005297665285481923,0.013622019294843054,3388.1148071289062,3130.846953125,3360.305356398878,-16.555157721718842,79.1461683511252,64.47666957428362,79.85530917367532,93.92322636542117,3499.2070710505086,3277.022543207304,70.736083984375,257.26785400390645,BUY,LOW
2021-09-27,3396.87060546875,3456.230342462437,3366.725930283788,3452.689122849258,1673362,-0.008872969086649807,0.013625824528706133,3393.2849975585937,3141.9911767578124,3363.7877610721994,-55.81851738050818,89.50441217864909,59.68549841433394,73.4121330515045,89.82100770263784,3495.5505893224836,3291.0194057947037,-7.436279296875,251.2938208007813,BUY,LOW
2021-09-28,3345.699951171875,3408.4238902572306,3321.0000307343994,3408.4238902572306,2253075,-0.015064057551822385,0.014061026996267581,3396.7310302734377,3152.1934423828125,3362.065112510264,-62.723939085355596,87.42385952283121,52.602279624460046,63.445465569694534,84.54589927604918,3487.0023012432293,3306.459759303646,-94.506103515625,244.53758789062522,BUY,LOW
2021-09-29,3356.987548828125,3369.470434317807,3295.2375323295264,3328.5693913486634,2489161,0.0033737626867276216,0.013106765121085728,3396.972277832031,3162.765751953125,3361.5815350167263,28.41815747946157,74.23290198828045,53.90188131460817,55.81423284775292,78.79956599038994,3486.790479702541,3307.1540759615214,-143.994873046875,234.20652587890618,BUY,LOW
2021-09-30,3342.512451171875,3368.584633292451,3319.981488113893,3368.584633292451,2252412,-0.004311930695513944,0.012377610370319701,3399.654736328125,3173.2291650390625,3359.7654317934075,-26.072182120576144,48.60314517855795,51.93526416083506,48.04457853350732,72.64856849901342,3478.990671240966,3320.3188014152843,-113.098388671875,226.42557128906265,BUY,LOW
2021-10-01,3302.36376953125,3373.0111325429925,3297.7602280111937,3348.001273095659,1578374,-0.012011527923119325,0.010153769065970162,3394.9382568359374,3182.514228515625,3354.2986068160594,-45.637503564409144,75.25090453179882,46.831522890684866,38.206982133254314,65.7602512258616,3484.919156735062,3304.9573569368126,-86.450927734375,212.42402832031257,BUY,LOW
2021-10-04,3340.52099609375,3349.6837720532653,3282.2235824322406,3297.583708781848,1356860,0.011554519497382953,0.010545489346575038,3391.8950317382814,3192.375634765625,3352.986453413935,42.937287311901855,67.46018962102471,51.69054259227473,33.10793770347436,59.22978852138415,3484.8651975989847,3298.924865877578,-44.442138671875,199.51939697265652,BUY,LOW
2021-10-05,3393.63916015625,3399.570659485388,3312.456747791628,3323.4344415906635,1877966,0.01590116156270649,0.011175247778454182,3391.06728515625,3203.36138671875,3356.858139770346,70.20471856558652,87.1139116937602,57.51176353304117,32.97300785944799,53.97843238899692,3483.665062448864,3298.469507863636,-26.248779296875,187.70589843749985,BUY,LOW
2021-10-06,3373.807373046875,3415.0183473512466,3359.731115697508,3396.028606012026,1678154,-0.005843811369875218,0.011049724728460645,3390.8459350585936,3214.22140625,3358.472352463349,-22.221232965151103,55.28723165373867,54.85413210761047,30.909509917546075,49.364647894706756,3483.586414746045,3298.105455371142,-45.37255859375,176.62452880859337,BUY,LOW
2021-10-07,3446.4033203125,3451.8037665978186,3381.9089887502187,3390.717729179186,1647233,0.021517513965257473,0.011722549058880358,3396.102429199219,3226.7918408203127,3366.846730353744,55.68559113331412,69.89477784759993,61.81097023800655,34.73169381995103,46.438057079755616,3488.925442285778,3303.27941611266,20.937255859375,169.31058837890623,BUY,LOW
2021-10-08,3484.249267578125,3532.2770463329243,3452.688242280506,3474.8208592182013,2934339,0.010981287953898855,0.011894000753376509,3402.487658691406,3239.8562744140627,3378.0279243751133,9.428408359923651,79.58880405241825,64.85177783516221,40.34952949322496,45.220351562449494,3500.9459596052657,3304.0293577775465,56.968505859375,162.6313842773434,BUY,LOW
2021-10-11,3262.879638671875,3326.532970873897,3240.21574807677,3324.319708750894,11845402,-0.06353438342260809,0.018525573478553173,3395.416296386719,3248.528720703125,3367.061420974805,-61.440070079018824,86.31722279712676,43.18924381981374,26.632028304627966,41.50268691088519,3511.1376785661623,3279.6949142072754,-133.990966796875,146.8875756835937,BUY,MEDIUM
2021-10-12,3233.8857421875,3281.8249109047315,3214.1877102836343,3280.9396061000634,5752877,-0.008885984067796282,0.01834429529242688,3385.1002807617188,3257.1232470703126,3354.3780229950617,-47.05386391256343,67.63720062109724,41.245935286019794,13.268295992248568,35.85580872715787,3518.4530350575083,3251.7475264659292,-111.814208984375,127.97703369140618,BUY,MEDIUM
2021-10-13,3235.966552734375,3253.8939776545526,3226.936485631991,3231.3630103036403,3545655,0.0006434397232188971,0.017723051245856512,3371.8494873046875,3264.8395654296874,3343.1007401130914,4.603542430734706,26.957492022561382,41.44954900766857,2.812920281249262,29.247231037976153,3509.1195226750383,3234.5794519343367,-121.02099609375,107.00992187500015,BUY,MEDIUM
2021-10-14,3203.36865234375,3255.30274904869,3200.4858910537205,3215.3875927252047,6442299,-0.010073620928831906,0.017655955256606543,3359.2373779296877,3270.7441796875,3329.792922230297,-12.01894038145474,54.81685799496972,39.15998189466033,-8.011071777404595,21.795570474900007,3509.1732539334726,3209.301501925903,-139.143798828125,88.49319824218765,BUY,MEDIUM
2021-10-18,3235.03466796875,3239.9575806125013,3194.498652086735,3196.2726590535945,3590107,0.009885223669723997,0.017496565553486526,3351.548376464844,3277.4759912109375,3320.7683265863407,38.76200891515555,45.45892852576617,42.483618989784695,-13.874049246122922,14.661646530695421,3510.1503405366216,3192.946412393066,-67.3291015625,74.0723852539063,BUY,MEDIUM
2021-10-19,3223.504150390625,3273.1321766557753,3215.5655112250456,3254.416313470081,3135441,-0.0035642639914473806,0.017497440130582628,3343.4754272460937,3283.80013671875,3311.5050717105582,-30.91216307945615,57.5666654307297,41.592613184167,-19.229254656665944,7.883466293223149,3510.656911037813,3176.293943454374,-117.016845703125,59.675290527343805,BUY,MEDIUM
2021-10-20,3201.063232421875,3219.823273135636,3173.9652274047326,3203.8572073184346,2933693,-0.0069616531953373695,0.01726716508563107,3332.5341918945314,3289.2177587890624,3300.986801302113,-2.7939748965595754,45.85804573090354,39.84127986878855,-24.995950304522466,1.3075829736740259,3506.773332851151,3158.295050937912,-192.575927734375,43.31643310546906,BUY,MEDIUM
2021-10-21,3133.34033203125,3199.8212109811748,3114.491504839272,3196.849878744259,4871211,-0.02115637695147521,0.017708676692234974,3318.2422119140624,3293.0525146484374,3285.020470895364,-63.50954671300906,85.32970614190299,35.045449130110825,-34.63155917312588,-5.880245455685955,3507.9166102720637,3128.567813556061,-240.467041015625,25.189697265625,BUY,MEDIUM
2021-10-22,3103.492431640625,3159.1519039386526,3091.2073459542025,3157.7326116490563,2691670,-0.00952590437926526,0.0176869395850263,3302.1435302734376,3296.092021484375,3267.7320862044367,-54.24018000843125,67.94455798445006,33.15138300401625,-44.16719282871327,-13.537634930291418,3506.7500059897257,3097.5370545571495,-342.910888671875,6.051508789062609,BUY,MEDIUM
2021-10-25,3098.25927734375,3117.418642319064,3060.162514853615,3107.1737071107864,2595594,-0.0016862146153546753,0.017658904261787817,3285.6924560546877,3298.8444873046874,3251.591818693895,-8.914429767036381,57.256127465449026,32.81650221597489,-51.55226064718636,-21.140560073670407,3500.0826398621966,3071.3022722471787,-385.989990234375,-13.152031249999709,SELL,MEDIUM
2021-10-26,3089.078857421875,3130.2357382859686,3082.337543367453,3099.634113754694,3878763,-0.002963089625522164,0.01763803703012624,3270.302868652344,3301.2796533203127,3236.1143938108457,-10.555256332819226,47.898194918515856,32.201956033825596,-57.483133482809535,-28.409074755498235,3494.5238724932033,3046.0818648114846,-173.80078125,-30.976784667968786,SELL,MEDIUM
2021-10-27,3095.4208984375,3114.491476363256,3089.433623972437,3089.433623972437,2510813,0.0020530524820976392,0.017517741872440262,3257.788916015625,3301.8647705078124,3222.7150132990987,5.98727446506291,25.05785239081888,33.13353946082698,-60.968832478330114,-34.92102630006461,3491.516234084739,3024.061597946511,-138.46484375,-44.07585449218732,SELL,MEDIUM
2021-10-28,3035.015380859375,3120.478253064307,3029.116894319104,3120.478253064307,2424942,-0.019514476240893863,0.0177749481558454,3241.6903076171875,3301.0727001953123,3204.8388578286485,-85.46287220493195,91.36135874520278,29.04054134966266,-67.82366548699747,-41.50155413745119,3489.781690549254,2993.598924685121,-200.951171875,-59.382392578124836,SELL,MEDIUM
2021-10-29,3013.81591796875,3069.9188851710232,3003.349234136505,3015.8560691777293,3960501,-0.0069849606115084395,0.017780541227945056,3225.255480957031,3298.4383642578123,3186.64619688961,-2.040151208979296,66.5696510345183,27.74517072137249,-74.11246712908678,-48.02373673577831,3487.5935200232057,2962.9174418908565,-189.552734375,-73.18288330078121,SELL,MEDIUM
2021-11-01,3083.578857421875,3092.981181072092,3027.29852908389,3049.473616415924,2020718,0.02314771085957501,0.018762682346437833,3214.3162353515627,3297.06650390625,3176.830259797445,34.10524100595103,65.682651988202,37.60802600402763,-72.62986963156663,-52.944963314935976,3481.0893484295393,2947.543122273586,-151.455810546875,-82.75026855468741,SELL,MEDIUM
2021-11-02,3090.498046875,3116.5760838881283,3077.6808875558004,3099.1907258793763,3087414,0.002243882765141869,0.018489529323058744,3201.815087890625,3295.85162109375,3168.6081442810214,-8.69267900437626,38.89519633232794,38.504615073678835,-70.08864144059271,-56.37369894006732,3467.1892379932297,2936.44093778802,-133.006103515625,-94.03653320312515,SELL,MEDIUM
2021-11-03,3097.638427734375,3122.1639914892903,3074.3989759325955,3108.2380778051174,1537639,0.0023104304714236523,0.017973135862750473,3187.0150512695313,3293.400234375,3161.8491236575305,-10.599650070742427,47.765015556694834,39.47128236794874,-66.72931670457365,-58.44482249296859,3440.7048925538966,2933.325209985166,-103.4248046875,-106.38518310546851,SELL,MEDIUM
2021-11-04,3112.18505859375,3116.2653617280953,3108.9475821125666,3115.999217340445,328991,0.004696038998332819,0.01808262470972729,3173.933935546875,3291.6682763671874,3157.119212699075,-3.8141587466948295,7.317779615528707,41.48916777922593,-62.1765040741293,-59.191158809200736,3414.3828999498564,2933.4849711438937,-21.1552734375,-117.73434082031235,SELL,MEDIUM
2021-11-08,3106.9521484375,3147.089065064949,3087.8371757716013,3147.089065064949,2526082,-0.0016814264119031641,0.017085025161247953,3156.961376953125,3289.020712890625,3152.341397055115,-40.136916627448954,59.25188929334763,40.960159811138375,-58.31836160890498,-59.01659936914159,3363.6322078305266,2950.290546075724,3.459716796875,-132.05933593749978,SELL,MEDIUM
2021-11-09,3109.568115234375,3135.5573609997723,3100.964224626649,3111.60826658761,1782692,0.0008419720265697705,0.016731739693273073,3138.2273193359374,3286.197939453125,3148.267751167425,-2.04015135323516,34.59313637312334,41.36266855576169,-54.42232259270895,-58.09774401385506,3280.8271940120953,2995.6274446597795,11.308837890625,-147.97062011718754,SELL,MEDIUM
2021-11-10,3090.586669921875,3121.986510569045,3086.94986856028,3102.7385758648256,1516489,-0.0061042063106790945,0.009707881502727445,3129.6126708984375,3282.1403369140626,3142.774314858325,-12.151905942950634,35.036642008765284,39.270583967606356,-52.263862333236375,-56.93096767773133,3261.461682039979,2997.763659756896,1.5078125,-152.52766601562507,SELL,LOW
2021-11-11,3094.045654296875,3113.426767950228,3047.744113577115,3086.7722686985917,1284514,0.0011191999268822528,0.00962784082290406,3122.6206665039062,3278.4856640625,3138.133490042949,7.273385598283312,65.68265437311311,39.86746014219643,-49.701231042103245,-55.48502035060572,3246.1805187697883,2999.0608142380242,-1.375244140625,-155.8649975585936,SELL,LOW
2021-11-12,3127.618896484375,3134.803495274356,3091.8282167841194,3109.83443207749,1747259,0.010850920102253525,0.010045954927295035,3117.2032836914063,3273.9947900390625,3137.1321001802276,17.784464406885036,42.97527849023663,45.46959112911753,-44.44886833418286,-53.27778994732115,3229.3869875941195,3005.019579788693,92.603515625,-156.7915063476562,SELL,LOW
2021-11-15,3151.78955078125,3166.2477510085714,3129.3483191275823,3129.3483191275823,1809157,0.007728132837425905,0.010049274626618329,3114.6243286132812,3271.2533154296875,3138.528047856515,22.441231653667728,36.89943188098914,49.143039330860105,-37.89908617370611,-50.202049192598146,3220.9865738293115,3008.262083397251,137.9736328125,-156.62898681640627,SELL,LOW
2021-11-16,3154.53955078125,3171.525799838451,3141.7667854235606,3165.7158828844404,2013204,0.0008725201843879926,0.009744077533620589,3110.599572753906,3266.4102392578125,3140.0529528969664,-11.176332103190362,29.759014414890316,49.55937592760873,-32.11621882662348,-46.584883119403216,3203.6965522746655,3017.502593233147,70.960693359375,-155.8106665039063,SELL,LOW
2021-11-17,3123.937744140625,3160.2607130817687,3110.189188992321,3149.394919496819,1632914,-0.009700879050017375,0.00991706439001158,3105.6212524414063,3260.8612841796876,3138.5181711106484,-25.457175356194057,50.07152408944785,45.13170827910279,-29.66065526589273,-43.20003754870112,3183.428742673881,3027.8137622089316,33.439697265625,-155.24003173828123,SELL,LOW
2021-11-18,3082.9580078125,3123.00634559004,3061.5813534905255,3117.950252419845,2136598,-0.013117974711560176,0.01018670995320962,3099.7159912109373,3254.3165625,3133.2267269870154,-34.99224460734513,61.424992099514384,39.980551771712214,-30.66780631125721,-40.69359130121234,3164.4879551952113,3034.9440272266634,-14.680419921875,-154.60057128906283,SELL,LOW
2021-11-22,3067.61328125,3118.660383698187,3051.5586454065333,3085.3533539302653,3167936,-0.004977273943924998,0.009161919419862377,3096.429638671875,3248.104140625,3126.977827393014,-17.740072680265257,67.10173829165387,38.22139639468899,-32.33147484681331,-39.02116801033254,3160.711863311221,3032.1474140325295,-44.57177734375,-151.67450195312495,SELL,LOW
2021-11-23,3072.802001953125,3087.614917705007,3022.730695618105,3055.7271838719826,2153461,0.001691452027163809,0.008954787981125516,3094.8951171875,3242.7347119140627,3121.8182249701676,17.07481808114244,64.8842220869019,39.19565854240884,-32.852553958502995,-37.787445199966626,3159.8909771657945,3029.8992572092056,-34.150146484375,-147.8395947265626,SELL,LOW
2021-11-24,3054.218994140625,3098.347415365551,3037.099784404964,3079.8533069845294,2161746,-0.006047577357958134,0.009038960970789767,3092.6931030273436,3236.6881982421874,3115.3802029864014,-25.634312843904354,61.24763096058723,36.948298845547676,-34.36882392611187,-37.103720945195676,3160.0259496282824,3025.3602564264047,-55.34912109375,-143.9950952148438,SELL,LOW
2021-11-25,3056.525634765625,3071.6934830271994,3046.014771982266,3054.7516275562534,1849619,0.0007552309213665342,0.009027694218690546,3091.0654418945314,3229.7325732421873,3109.7750060129943,1.7740072093715753,25.678711044933152,37.42788218497187,-34.98111169787262,-36.679199095731065,3160.2183138968257,3021.912569892237,-34.06103515625,-138.66713134765587,SELL,LOW
2021-11-26,3057.36865234375,3095.6427736544447,3026.3677011812993,3037.987535749706,1941251,0.0002758090979300132,0.009010065053401626,3089.1628295898436,3222.0758251953125,3104.7839247111615,19.381116594044215,69.27507247314543,37.61464538395709,-34.994929926519944,-36.34234526188884,3159.8094197177784,3018.5162394619088,-36.677001953125,-132.91299560546895,SELL,LOW
2021-11-29,3106.286865234375,3130.5465023310303,3021.5336209033335,3057.634627111465,2981745,0.016000102850902476,0.008570909348928044,3092.7264038085937,3214.1819140625,3104.9270619038484,48.65223812291015,109.01288142769681,47.42164350832747,-30.704645972771687,-35.21480540406541,3159.152315397381,3026.3004922198065,-21.33203125,-121.45551025390614,SELL,LOW
2021-11-30,3130.368408203125,3161.0588168343756,3096.529310296403,3096.529310296403,5588446,0.007752517398914804,0.008463390868107974,3098.5540283203127,3207.6770654296874,3107.350047265684,33.839097906722145,64.5295065379728,51.46641702578085,-25.07236712862141,-33.18631774897661,3156.126313705508,3040.9817429351174,-21.421142578125,-109.12303710937476,SELL,LOW
2021-12-01,3173.521728515625,3184.3431298243586,3135.5579286710604,3135.5579286710604,2102118,0.01378538072369273,0.0074232204176833535,3103.051171875,3203.3712060546877,3113.6521121466308,37.96379984456462,48.7852011532982,57.740196711827494,-16.93145795652481,-29.935345790486252,3168.723471284231,3037.378872465769,18.982177734375,-100.32003417968781,SELL,LOW
2021-12-02,3231.265380859375,3235.789185915078,3170.2397054205367,3183.6333300682236,3152938,0.01819544886833313,0.008314754267427112,3110.0895385742188,3200.2972509765623,3124.8533758335584,47.632050791151414,65.54948049454151,64.37613916945239,-5.753970435790961,-25.099070719547196,3195.943816127346,3024.2352610210914,107.32763671875,-90.20771240234353,SELL,LOW
2021-12-03,3229.092041015625,3251.7106316157765,3220.5769368394936,3234.414062333308,2486263,-0.0006725971369061501,0.008340560248458776,3116.662219238281,3196.4813330078123,3134.7808677556604,-5.322021317682811,31.133694776282937,63.96899078604337,2.895520830078567,-19.500152409622043,3216.6595668778878,3016.6648715986744,146.134033203125,-79.81911376953121,SELL,LOW
2021-12-06,3136.799072265625,3244.658783850488,3124.026308562444,3229.091829206644,1849642,-0.028581708906932124,0.010765113945650362,3117.892919921875,3190.8337158203126,3134.9730777089903,-92.29275694101898,120.63247528804413,49.61772282045121,2.2767883223677927,-15.144764263224078,3218.244803883999,3017.5410359597513,69.185791015625,-72.9407958984375,SELL,LOW
2021-12-07,3179.46435546875,3191.4389038852173,3126.0667828778905,3159.95027656784,1484458,0.013601535265792108,0.0111417427554122,3121.5185302734376,3185.913681640625,3139.210342257539,19.514078900910135,65.37212100732677,54.67953295973916,5.169578455637293,-11.081895719451804,3225.2112911200265,3017.8257694268486,106.662353515625,-64.39515136718728,SELL,LOW
2021-12-08,3217.07275390625,3234.413714813899,3194.0994509747115,3194.0994509747115,1428660,0.01182853280704732,0.011390527125000202,3126.893762207031,3181.709521484375,3146.6258100336063,22.973302931538456,40.31426383918733,58.6255186931133,10.3771970569951,-6.7900771641624225,3238.402396964707,3015.3851274493554,162.853759765625,-54.81575927734366,SELL,LOW
2021-12-09,3194.76513671875,3224.0362547896098,3163.0547588086524,3202.0829162364653,1567957,-0.006934135126541174,0.011422163104401565,3132.102685546875,3177.667412109375,3151.2105078131435,-7.31777951771528,60.981495980957334,55.53668777390612,12.559456447010689,-2.9201704419278,3246.0470044121016,3018.158366681648,138.239501953125,-45.564726562500255,SELL,LOW
2021-12-10,3225.85498046875,3230.4673562278717,3171.1268975083995,3179.908147193004,1510718,0.009731495875133778,0.011559784406838984,3138.693151855469,3175.2705126953124,3158.3195052089154,45.94683327574603,59.34045871947228,58.79510219186835,16.606177619279606,0.9850991703136813,3258.1829081198125,3019.203395591125,168.486328125,-36.57736083984355,SELL,LOW
2021-12-13,3201.77197265625,3248.2066906971236,3194.7203384161626,3237.562649111005,1883864,-0.007465620109494364,0.011559891413381498,3142.4008056640623,3172.166201171875,3162.457835441995,-35.79067645475516,53.486352280961,55.40781219348433,17.666289850466455,4.321337306344237,3264.851100744855,3019.9505105832695,95.485107421875,-29.765395507812627,SELL,LOW
2021-12-14,3214.3232421875,3224.2576378158583,3172.5452918133496,3197.6475335147647,1747007,0.003920101006080534,0.01147840628006793,3145.527490234375,3169.6024169921875,3167.397397989186,16.675708672735254,51.71234600250864,56.804537404682904,19.296777745194504,7.31642539411429,3271.907503717056,3019.147476751694,83.954833984375,-24.07492675781259,SELL,LOW
2021-12-15,3166.913330078125,3213.6139821147945,3156.0917131195874,3210.9529713650445,1603233,-0.014749578227580606,0.012010035645719772,3146.1461791992188,3166.893408203125,3167.3512962833706,-44.039641286919505,57.522268995207014,50.38479154787826,16.572331936097726,9.167606702510978,3272.817423315025,3019.4749350834127,-6.6083984375,-20.74722900390634,SELL,LOW
2021-12-16,3176.891845703125,3200.7077599220047,3166.602518405637,3177.2465604843114,2072320,0.0031508647648257337,0.011790588992350451,3148.7938842773438,3163.6208251953126,3168.259920037633,-0.3547147811864306,34.10524151636764,51.62400520753917,15.044943082120426,10.34307397843287,3275.7110974571433,3021.876671097544,-54.37353515625,-14.826940917968841,SELL,LOW
2021-12-17,3179.331298828125,3238.7605373840274,3169.884580976256,3195.4303268304093,4333992,0.0007678741497918473,0.011320725292310837,3153.612548828125,3159.33466796875,3169.314337065299,-16.099028002284285,68.87595640777135,51.94003356492357,13.87141880955005,11.048742944656308,3277.4460463182027,3029.7790513380473,-49.7607421875,-5.722119140625182,SELL,LOW
2021-12-20,3154.983154296875,3198.53511955677,3113.515734208334,3183.4560577063917,2312310,-0.00765825962843969,0.01141817693119426,3157.9810424804687,3154.95818359375,3167.949462515925,-28.472903409516675,85.01938534843612,48.53215729415735,10.851609985988489,11.009316352922745,3275.367587963918,3040.594496997019,18.18408203125,3.0228588867184953,BUY,LOW
2021-12-21,3200.574951171875,3229.7572813308107,3163.4093725133384,3177.8231801936154,2340989,0.014450725929521013,0.011782008063820647,3164.3696899414062,3150.0416162109377,3171.0566519117297,22.75177097825963,66.34790881747222,54.54608752312211,11.99895028820174,11.207243139978546,3276.2986683942972,3052.4407114885153,21.110595703125,14.328073730468532,BUY,LOW
2021-12-22,3220.487548828125,3225.8539626326497,3198.755965836652,3214.5002759631275,1224328,0.006221568924345666,0.011653881336207574,3172.6831176757814,3144.7663818359374,3175.764356379958,5.9872728649975215,27.09799679599746,56.91409739566168,14.34959278487031,11.835713068956899,3274.932086153979,3070.434149197584,3.414794921875,27.916735839844023,BUY,LOW
2021-12-23,3248.827880859375,3255.746551906063,3219.8229078923873,3235.788971898465,1792861,0.008800012917784095,0.011721182459098008,3182.298229980469,3144.4853466796876,3182.7227872827593,13.038908960909794,35.923644013675585,60.100097396844006,18.2885033612788,13.12627112742128,3274.7435805459813,3089.8528794149565,54.062744140625,37.81288330078132,BUY,LOW
2021-12-24,3256.10107421875,3286.3479803080686,3232.950412710677,3268.607910238929,2209923,0.002238713045472629,0.011704310726196033,3192.2348510742186,3144.9296533203124,3189.7111955623777,-12.50683602017898,53.39756759739157,60.899197397642446,21.74632617931229,14.850282137799482,3270.4594583021953,3114.010243846242,30.24609375,47.305197753906214,BUY,LOW
2021-12-27,3278.453857421875,3281.9130845923037,3240.312705357694,3256.189982037391,1534135,0.006864892303285908,0.011352238260706112,3200.8432006835938,3145.7793994140625,3198.1628776442344,22.26387538448398,41.60037923460959,63.329903777587624,25.9907532446382,17.078376359167226,3277.2107762710916,3124.475625096096,76.681884765625,55.06380126953127,BUY,LOW
2021-12-28,3287.72314453125,3304.088317180793,3276.458242438429,3290.783263554562,1456218,0.0028273349305774076,0.011291549972815798,3208.7109375,3147.4664892578126,3206.692426871569,-3.060119023311927,27.630074742364286,64.32042972289963,29.759398455602422,19.61458077845427,3286.817832997288,3130.604042002712,73.39990234375,61.244448242187445,BUY,LOW
2021-12-29,3277.2119140625,3299.608753298073,3268.6080230926227,3275.0387987147183,1456923,-0.0031971154524474965,0.01103512999937939,3213.8954467773438,3148.3100341796876,3213.4085685088003,2.1731153477817315,31.00073020545051,62.26643320711314,31.534399555510845,21.998544533865584,3295.651127012118,3132.1397665425693,110.298583984375,65.58541259765616,BUY,LOW
2021-12-30,3311.849365234375,3317.3931371882327,3264.172926431202,3265.370467794672,1966475,0.01056918261014661,0.01055526581000727,3217.9246459960937,3150.0769384765626,3222.783882482664,46.478897439702905,53.2202107570306,66.10733764375246,35.32880507421578,24.664596641935624,3309.999097237942,3125.8501947542454,134.95751953125,67.84770751953101,BUY,LOW
2021-12-31,3315.93017578125,3335.133718148608,3309.6767567489965,3319.8772987060997,1207141,0.0012321848299359228,0.010545254983953777,3222.266552734375,3152.37427734375,3231.6549580349106,-3.9471229248497366,25.456961399611373,66.539476741356,38.224557190054384,27.376588751559378,3323.7474405230664,3120.785664945684,136.598876953125,69.8922753906254,BUY,LOW
2022-01-03,3386.358154296875,3397.2239489115395,3321.828639340396,3326.263657550463,2346158,0.021239282729779374,0.008841688109351608,3234.7445068359375,3157.4346337890624,3246.3885957741454,60.094496746412005,75.39530957114357,72.9497033342389,45.67588767875259,31.036448536998023,3351.3628841581744,3118.1261295137006,231.375,77.30987304687505,BUY,LOW
2022-01-04,3445.787109375,3449.689838451158,3380.9914554484494,3398.1994545927564,2488606,0.017549518500491912,0.009110332513336657,3248.06064453125,3164.28052734375,3265.3789304027987,47.58765478224359,68.6983830027084,76.9606621379255,55.73407308007518,35.975973445613455,3393.618828179732,3102.502460882768,245.212158203125,83.78011718750031,BUY,LOW
2022-01-05,3424.676513671875,3432.7039395803245,3381.6124454860555,3428.268921570531,1733031,-0.006126494479501976,0.009189803341779785,3258.4408325195313,3170.8088720703126,3280.5501288093774,-3.5924078986558925,51.09149409426891,72.82951499124039,61.295235511288865,41.03982585874854,3422.1563626006414,3094.7253024384213,204.18896484375,87.6319604492187,BUY,LOW
2022-01-06,3377.221435546875,3401.658425302727,3345.777204756685,3381.257344785918,1810293,-0.013856806018189283,0.009706325025753974,3267.5636474609373,3176.5717236328123,3289.7569199272343,-4.0359092390431215,55.88122054604219,64.4538786355974,61.168160123934285,45.065492711785694,3436.325963348943,3098.8013315729318,128.3935546875,90.99192382812498,BUY,LOW
2022-01-07,3418.068115234375,3428.1798688915587,3367.4201268665024,3388.353496871756,2460591,0.012094759099172236,0.009808667831277852,3277.1743041992186,3183.02466796875,3301.9770337660098,29.71461836261915,60.75974202505631,67.87816084184996,63.62995117587707,48.778384404603976,3456.87866351089,3097.469944887547,161.967041015625,94.14963623046879,BUY,LOW
2022-01-10,3441.440673828125,3528.499982192148,3424.7205709512023,3528.499982192148,3937092,0.006837944068340374,0.00952716931967751,3289.1577392578124,3191.153173828125,3315.259285200497,-87.05930836402285,103.77941124094559,69.67813950063574,66.69805480894183,52.36231848547155,3478.8386070600045,3099.4768714556203,162.98681640625,98.00456542968732,BUY,LOW
2022-01-11,3473.417236328125,3481.4890555369284,3420.2858084459604,3420.2858084459604,1906106,0.00929162101883052,0.009610272747898966,3302.112438964844,3200.3452001953124,3330.321947212652,53.131427882164644,61.203247090968034,71.99063264329845,70.8925848085346,56.06837175008416,3504.542196396804,3099.682681532884,185.694091796875,101.76723876953156,BUY,LOW
2022-01-12,3423.744873046875,3485.0369042039447,3403.0334703465164,3481.4888900484816,3203744,-0.014300718831510295,0.009564776994210258,3314.9540161132813,3207.1485205078125,3339.219368720673,-57.74401700160661,82.00343385742826,63.845092968238546,69.40853705576774,58.73640481122088,3514.0050454367083,3115.9029867898544,146.532958984375,107.80549560546888,BUY,LOW
2022-01-13,3457.450927734375,3479.7148026675522,3421.1725704534156,3475.2797850755724,6684507,0.009844791576863132,0.0096520673783189,3328.981970214844,3214.487578125,3350.4795171981687,-17.828857341197363,58.542232214136675,66.60622498285919,70.1436431840184,61.01785248578038,3526.676228285862,3131.2877121438255,145.6015625,114.49439208984404,BUY,LOW
2022-01-14,3519.762939453125,3527.613007244821,3423.877988650264,3439.6666946537052,3348123,0.0180225296095764,0.010082722548237324,3346.003552246094,3222.930068359375,3366.6017478891167,80.09624479941976,103.735018594557,71.01344789453195,74.89098204629181,63.792478397882675,3547.8066582932106,3144.2004461989773,203.832763671875,123.0734838867188,BUY,LOW
2022-01-17,3565.0,3586.1551199160176,3514.573981387204,3541.538800935803,3442604,0.012852303216165817,0.009749266706735487,3366.50439453125,3231.9863671875,3385.496819518725,23.46119906419699,71.58113852881343,73.72461267977862,81.3656029985782,67.30710331802177,3569.8206157529953,3163.1881733095047,178.641845703125,134.51802734374996,BUY,LOW
2022-01-18,3539.67626953125,3585.002018651542,3530.2739457678194,3578.1277414958386,2389041,-0.007103430706521752,0.009974761526263757,3383.4594604492186,3240.640849609375,3400.180576662775,-38.45147196458856,54.72807288372269,69.78941201443808,83.49094173578442,70.5438710015743,3585.1492529382062,3181.769667960231,93.88916015625,142.8186108398436,BUY,LOW
2022-01-19,3478.409912109375,3564.91152862164,3474.722465771417,3564.91152862164,3102539,-0.01730846347425674,0.011152977557004541,3396.355578613281,3248.017685546875,3407.630989562451,-86.50161651226517,90.18906285022331,61.26876505791202,79.31728469298059,72.29855373985556,3587.4175627913255,3205.2935944352366,53.7333984375,148.3378930664062,BUY,LOW
2022-01-20,3400.12744140625,3483.1635285665043,3386.310256981364,3474.277907320161,6176776,-0.022505245983401978,0.012542097264369183,3403.920556640625,3254.2085009765624,3406.916365928527,-74.15046591391092,96.85327158514019,52.45611887685977,68.89866929346363,71.61857685057718,3582.598275723633,3225.242837557617,22.906005859375,149.71205566406252,BUY,LOW
2022-01-21,3406.30322265625,3422.3418138894167,3350.8570276785663,3382.756324156083,3112358,0.0018163381686204794,0.01254265602455367,3411.4306640625,3260.45365234375,3406.8579713311674,23.546898500167117,71.48478621085042,53.03010169340912,60.44342132468637,69.38354574539902,3576.7519754096093,3246.1093527153907,-11.764892578125,150.97701171874996,BUY,LOW
2022-01-24,3351.078857421875,3420.653098273078,3323.3112910112377,3412.078560539118,3258414,-0.016212404364668087,0.013150497477490402,3415.0619140625,3264.9228515625,3401.545674768377,-60.999703117242916,97.34180726184013,47.50697336807718,48.72476291079738,65.2517891784787,3571.4917512783186,3258.6320768466812,-90.36181640625,150.1390624999999,BUY,LOW
2022-01-25,3349.790283203125,3384.888487297155,3307.4059130384235,3349.434945125185,3330501,-0.0003845251853432652,0.01314891181237902,3418.1652709960936,3268.8828662109377,3396.616589857401,0.3553380779399049,77.48257425873135,47.38296576794722,38.88541762992145,59.978514868767256,3566.6267656275304,3269.7037763646567,-123.626953125,149.2824047851559,BUY,LOW
2022-01-27,3242.5849609375,3317.357368364835,3221.1262748655804,3315.224906284254,5718297,-0.032003592225813504,0.015071998740080793,3416.4339233398437,3270.6437744140626,3381.9469109126485,-72.63994534675385,96.23109349925471,38.40177651360508,22.181398694883228,52.419091633990455,3572.064718554858,3260.8031281248295,-181.159912109375,145.79014892578107,BUY,MEDIUM
2022-01-28,3278.8388671875,3314.159213319958,3239.6976603507437,3239.6976603507437,3143862,0.011180557082309583,0.01509606607427669,3414.7833984375,3273.741796875,3372.127097224539,39.14120683675628,74.46155296921415,42.37930453205251,11.73347440167845,44.28196818752806,3575.4350135122786,3254.1317833627218,-178.612060546875,141.0416015625001,BUY,MEDIUM
2022-01-31,3319.890625,3339.2168534626967,3306.6953891380213,3331.2197934091673,2739393,0.012520212024847988,0.015368541184750145,3414.9814208984376,3278.48044921875,3367.152195107916,-11.329168409167323,32.521464324675435,46.585288218546,6.688848021370632,36.763344154296576,3575.1542036637425,3254.8086381331327,-199.872314453125,136.5009716796876,BUY,MEDIUM
2022-02-01,3377.11376953125,3383.644788341221,3320.02364934981,3349.879425432354,2105169,0.017236454749544716,0.015103531235988493,3414.5192016601563,3284.670458984375,3368.100916481567,27.234344098896145,63.621138991411044,51.860230800080295,7.225088477794998,30.85569301899626,3575.0726173139788,3253.965786006334,-187.88623046875,129.84874267578152,BUY,MEDIUM
2022-02-02,3426.4736328125,3433.4044616031847,3377.11395747897,3401.3272782809076,1984212,0.01461599065053143,0.014937175550660773,3413.5535278320312,3291.7438916015626,3373.6602227987987,25.14635453159235,56.29050412421475,55.9053357972035,11.500421650103817,26.984638745217772,3573.574509108245,3253.5325465558176,-113.20263671875,121.80963623046864,BUY,LOW
2022-02-03,3398.395263671875,3449.842931105823,3390.7980130574983,3421.8532202674887,1960538,-0.008194538219042924,0.01498762009491835,3412.239465332031,3298.6274169921876,3376.0159409771863,-23.457956595613723,59.04491804832469,53.16841563649853,12.47911281775896,24.083533559726014,3572.3051326041164,3252.173798059946,-80.0146484375,113.61204833984357,BUY,LOW
2022-02-04,3389.775634765625,3398.483587159522,3348.990719148999,3390.1311897835267,2307366,-0.0025363820972774676,0.01465794343320677,3412.8671752929686,3305.2924169921876,3377.3263880046566,-0.3555550179016791,49.492868010523125,52.321595416280076,12.416075810519942,21.7500420098848,3572.476429457049,3253.257921128888,-10.351806640625,107.57475830078101,BUY,LOW
2022-02-07,3357.87646484375,3404.7925911476827,3337.5727323379806,3368.539210961275,1919149,-0.00941040746022137,0.01453452473845501,3409.8575927734373,3311.3025732421875,3375.4740143702847,-10.662746117524875,67.21985880970215,49.19863790075467,9.680530972784254,19.33613980246469,3571.2213723490713,3248.4938131978033,-48.4267578125,98.55501953124985,BUY,LOW
2022-02-08,3326.287841796875,3376.2694613033686,3306.339665487328,3369.02776676185,2946443,-0.009407321376352362,0.014539906870559638,3404.099951171875,3315.7025927734376,3370.789616982341,-42.739924964975216,69.9297958160405,46.25439204960025,4.907088238935103,16.450329489758772,3568.7296874456156,3239.4702148981346,-24.791015625,88.39735839843752,BUY,LOW
2022-02-09,3341.482421875,3356.9433164433626,3328.642742250787,3332.1080478469007,1638721,0.0045680292268142075,0.014391293069373515,3397.503210449219,3319.924873046875,3367.9984555435467,9.374374028099282,28.300574192575823,47.87041653818839,2.323393473759552,13.624942286558928,3561.063890026177,3233.9425308722607,-8.307861328125,77.578337402344,BUY,LOW
2022-02-10,3350.191162109375,3367.473656528124,3339.2173302509286,3367.473656528124,2112459,0.002606250500485352,0.014114441831625116,3393.8255249023437,3323.45826171875,3366.3025228355305,-17.28249441874914,28.256326277195512,48.820264966711505,0.9673680955374948,11.093427448354642,3558.166497980253,3229.484551824434,107.606201171875,70.36726318359388,BUY,LOW
2022-02-11,3283.19287109375,3334.3296693022535,3278.794531572369,3334.3296693022535,3851488,-0.019998348683315403,0.014481417018085268,3385.1126220703127,3324.4968115234374,3358.387317907742,-51.13679820850348,55.535137729884354,42.416979484784946,-5.450662103410195,7.784609538001675,3553.4651544830795,3216.760089657546,4.35400390625,60.61581054687531,BUY,LOW
2022-02-14,3317.6689453125,3370.538393520359,3296.565594137094,3309.005464303649,5951745,0.010500776400402145,0.01401089940239648,3375.007922363281,3326.268349609375,3354.509377660576,8.663481008850795,73.97279938326483,46.31877006331913,-7.666689391649925,4.694349752071355,3533.808878461722,3216.20696626484,-2.2216796875,48.73957275390603,BUY,LOW
2022-02-15,3392.3525390625,3407.6357642925827,3330.3308590791657,3364.09621997698,3931683,0.02251086379655809,0.014728971550896306,3366.3755493164062,3331.3794189453124,3358.1134882702827,28.256319085519863,77.30490521341699,53.64613103169562,-3.357857829539171,3.0839082357492504,3499.643855499245,3233.1072431335674,15.23876953125,34.99613037109384,BUY,LOW
2022-02-16,3388.176513671875,3424.6075628189806,3381.867635460556,3415.632998084702,3256906,-0.0012310116187921327,0.014688235962771159,3358.8005615234374,3335.553662109375,3360.9766335466247,-27.456484412827194,42.739927358424666,53.20877912006282,-0.2768566900490441,2.411755250589592,3466.5936418048623,3251.0074812420125,-38.297119140625,23.246899414062227,BUY,LOW
2022-02-17,3362.496826171875,3407.6358265307354,3357.8763464040803,3398.750205079547,3134372,-0.0075792059228254605,0.014313738807344545,3353.0049072265624,3338.4621435546874,3361.121413796649,-36.25337890767196,49.759480126655035,50.483247678233155,0.0916660738257633,1.9477374152368265,3445.883553031692,3260.126261421433,-35.8984375,14.542763671875036,BUY,LOW
2022-02-18,3371.116455078125,3390.709297365252,3338.861816830406,3348.9913403725423,3688883,0.0025634608304041517,0.013458377333415789,3351.5543579101563,3341.989169921875,3362.0733224901232,22.125114705582746,51.847480534846,51.3834406955014,1.0669558320746546,1.771581098604392,3442.326189779576,3260.7825260407367,-18.6591796875,9.565187988281195,BUY,LOW
2022-02-21,3304.918212890625,3401.238487075305,3292.611756383807,3385.42203627491,7465922,-0.01963688975733291,0.014116163472750298,3346.485107421875,3343.5704345703125,3356.6299787187427,-80.50382338428517,108.62673069149787,44.66735410821649,-3.4618587578397637,0.724893127315561,3435.7724784501343,3257.1977363936157,-52.958251953125,2.9146728515625,BUY,LOW
2022-02-22,3186.739501953125,3259.1573238584433,3172.1671681225203,3243.2521466798876,5408531,-0.03575843737268636,0.01577385757292307,3338.2681396484377,3343.26978515625,3340.449933312493,-56.512644726762574,86.99015573592305,35.69712031475619,-16.397985491301824,-2.699682596407916,3451.4126117762557,3225.1236675206196,-139.54833984375,-5.0016455078121,SELL,MEDIUM
2022-02-23,3166.65771484375,3219.1716057796148,3159.415803432267,3208.5978033646575,2426203,-0.006301672005843972,0.015789708783345367,3329.1115112304688,3342.316474609375,3323.898293458327,-41.940088520907466,59.75580234734798,34.431742179137686,-27.94822181266727,-7.749390439659788,3464.4989989058595,3193.724023555078,-174.82470703125,-13.204963378906086,SELL,MEDIUM
2022-02-24,3022.577880859375,3095.6178759460813,3013.203722080174,3086.8654504599745,5039136,-0.045499023563234764,0.017322427029636055,3318.1111572265627,3339.429765625,3295.2011113060457,-64.28756960059945,82.41415386590734,27.028865908299906,-48.17260201975387,-15.834032755678603,3505.5703399698623,3130.651974483263,-327.61328125,-21.31860839843739,SELL,MEDIUM
2022-02-25,3128.40478515625,3136.6239839811296,3076.201765592825,3081.5331378035576,2549723,0.03501213482935506,0.01910356745654046,3310.589453125,3338.4600244140624,3279.3157469108273,46.871647352692435,60.42221838830483,37.63506015934978,-55.02690637461774,-23.672607479466432,3515.049424836467,3106.129481413533,-154.7880859375,-27.870571289062354,SELL,MEDIUM
2022-02-28,3158.127685546875,3166.613497830025,3070.7819790701324,3101.082036457885,3288942,0.009500976514182247,0.01899297282775143,3302.5013061523437,3338.0359521484374,3267.774026780927,57.0456490889901,95.83151875989279,40.26135584229872,-57.398943016075464,-30.417874586788237,3517.382257614796,3087.6203546898914,-159.541259765625,-35.534645996093786,SELL,MEDIUM
2022-03-02,3150.974609375,3173.8995564350007,3115.2989255099646,3156.617065851155,2761341,-0.0022649737072414355,0.01842821841948416,3291.1943481445314,3337.95578125,3256.650272742267,-5.6424564761550755,58.60063092503606,39.8266819213152,-59.17387303644273,-36.16907427671914,3512.872263446901,3069.516432842162,-241.3779296875,-46.76143310546877,SELL,MEDIUM
2022-03-03,3149.419677734375,3179.8086775840598,3136.713412213718,3165.813823365856,1928039,-0.0004934764107583645,0.01795895256637774,3277.341650390625,3336.93267578125,3246.4378351224677,-16.394145631481024,43.09526537034162,39.72627672570158,-60.01418172417152,-40.938095766209614,3498.0981308266187,3056.5851699546315,-238.7568359375,-59.591025390624964,SELL,MEDIUM
2022-03-04,3131.6044921875,3164.3478813538386,3098.461076456285,3111.3007577444255,2370257,-0.005656656581154884,0.017937097928586037,3264.0021118164063,3335.1550146484374,3235.501326271518,20.303734443074518,65.8868048975537,38.527825693362274,-61.4097753353999,-45.03243168004768,3486.125318383237,3041.878905249576,-230.892333984375,-71.15290283203103,SELL,MEDIUM
2022-03-07,3096.55029296875,3152.6186540004137,3049.145630234379,3065.539559273232,3054130,-0.011193686592991137,0.0180061370585775,3249.3408447265624,3332.109462890625,3222.267894528397,31.010733695517956,103.47302376603466,36.212884646843264,-64.59970901024644,-48.94588714608743,3475.0023930614057,3023.679296391719,-274.566162109375,-82.76861816406245,SELL,MEDIUM
2022-03-08,3198.779296875,3206.8208277906424,3074.4250662664513,3074.4250662664513,3300992,0.03301383611898001,0.019790177681355,3241.385986328125,3330.96302734375,3220.030885228073,124.35423060854873,132.39576152419113,46.339001734675655,-58.20774552069361,-50.79825882100867,3462.3504929026135,3020.4214797536365,-106.138916015625,-89.57704101562513,SELL,MEDIUM
2022-03-09,3227.791259765625,3246.8064048099586,3196.202828942838,3203.2668553201697,2719654,0.009069698218619804,0.019868962185480663,3236.4611572265626,3329.949775390625,3220.769968517364,24.524404445455275,50.603575867120526,48.8220247754865,-50.22211616842196,-50.68303029049133,3454.0010287550795,3018.9212856980457,41.0517578125,-93.48861816406225,SELL,MEDIUM
2022-03-10,3217.43896484375,3273.4628498933785,3212.152063616874,3273.4628498933785,2005441,-0.0032072380425947067,0.01982384354210744,3230.258984375,3328.544091796875,3220.4527300722575,-56.02388504962846,61.31078627650459,47.96906710257824,-44.21906124324869,-49.390236481042805,3442.476333965602,3018.0416347843984,50.78125,-98.28510742187473,SELL,MEDIUM
2022-03-11,3198.068359375,3234.2330122460926,3192.4705914053425,3201.7115509453934,1623423,-0.006020504407514338,0.019819017758000754,3222.6528442382814,3326.961220703125,3218.320885243947,-3.6431915703933555,41.76242084075011,46.3377518522412,-40.557125641337734,-47.6236143131018,3427.9216723941868,3017.384016082376,175.490478515625,-104.3083764648436,SELL,MEDIUM
2022-03-14,3237.031982421875,3241.7858768007827,3181.0525657618205,3181.0525657618205,1765688,0.012183486613928984,0.019597413352641774,3220.3447998046877,3325.464873046875,3220.102894498988,55.97941666005454,60.733311038962256,50.01968922173682,-34.11768906469024,-44.92242926341949,3423.8695316893345,3016.820067920041,108.627197265625,-105.12007324218712,SELL,MEDIUM
2022-03-15,3193.403564453125,3251.2490497339313,3185.8507858462003,3251.2490497339313,3651133,-0.01347790760352885,0.01962088665448963,3214.1315307617188,3323.0143408203126,3217.560101161287,-57.845485280806315,65.39826388773099,46.19742977335316,-32.164070512804756,-42.370757513296546,3412.924553306789,3015.3385082166483,35.27587890625,-108.8828100585938,SELL,MEDIUM
2022-03-16,3248.493896484375,3259.245584012251,3213.2624981418494,3234.8101277526175,3090475,0.017251290330003943,0.019311793202822412,3206.9385986328125,3320.2570556640626,3220.5061769063436,13.683768731757482,45.98308587040174,51.261945997955515,-25.87224521167991,-39.07105505297322,3389.1344317295748,3024.7427655360502,97.519287109375,-113.31845703125009,SELL,MEDIUM
2022-03-17,3263.466796875,3296.565738589953,3252.4042409503854,3284.6590919681585,3600452,0.004609182244987187,0.019367887411657868,3200.7031127929686,3316.6106494140627,3224.5976645224055,-21.192295093158464,44.16149763956764,52.56876255375524,-19.45349264873539,-35.14754257212566,3365.35258146186,3036.053644124077,114.047119140625,-115.9075366210941,SELL,MEDIUM
2022-03-21,3222.54833984375,3300.075388245015,3212.1522059664503,3284.1257408719225,2413831,-0.012538340230834333,0.019478622328395406,3193.7056884765625,3312.5680859375,3224.402490743486,-61.57740102817252,87.92318227856458,48.72385352530123,-17.467013650075387,-31.611436787715604,3341.264467937109,3046.146909016016,90.94384765625,-118.8623974609377,SELL,MEDIUM
2022-03-22,3288.524169921875,3297.4542632536477,3221.0379154660395,3234.366348219692,2907611,0.020473185541515893,0.020098480922274595,3189.57607421875,3310.794140625,3230.5093173319037,54.1578217021829,76.41634778760817,54.50214605523209,-10.44857199361013,-27.378863828894513,3320.7575188048704,3058.3946296326294,191.973876953125,-121.21806640625027,SELL,MEDIUM
2022-03-23,3298.698486328125,3314.1595999957713,3278.7947782419956,3294.7888991114687,1596195,0.0030938852447270904,0.019629123054333404,3189.265087890625,3308.406748046875,3237.0035239029726,3.9095872166562913,35.364821753775686,55.33799428614486,-4.01909449253526,-22.706909961622664,3319.376436081125,3059.1537397001252,99.919189453125,-119.1416601562496,SELL,MEDIUM
2022-03-24,3331.974853515625,3339.3942172821903,3283.2371329817483,3287.6799437165005,1879046,0.010087726212449688,0.017815600703447225,3196.52685546875,3306.217431640625,3246.048412437511,44.294909799124525,56.157084300441966,58.05230739426535,3.718572094404408,-17.42181355041725,3340.7141280644864,3052.3395828730136,104.18359375,-109.69057617187491,SELL,MEDIUM
2022-03-25,3294.300048828125,3358.321001908702,3262.8005606584875,3340.9050951489594,1690133,-0.01130704952582362,0.017978421465853954,3202.908972167969,3302.635087890625,3250.6438063794744,-46.60504632083439,95.52044125021439,54.047367077966044,6.7330720709874186,-12.590836426136319,3352.4433504224353,3053.3745939135024,76.861083984375,-99.72611572265623,SELL,MEDIUM
2022-03-28,3294.522216796875,3299.2316401170783,3253.2040720983982,3283.2375195886357,1760990,6.74401133646807e-05,0.014091800047892898,3216.5061889648437,3300.050634765625,3254.8227026097034,11.284697208239322,46.027568018680086,54.06749096401501,9.035852436803452,-8.265498653548367,3346.10452954543,3086.9078483842572,96.453857421875,-83.54444580078143,SELL,LOW
2022-03-29,3292.43408203125,3307.228556100982,3279.6831275036875,3283.0152358017476,2689063,-0.0006338202107057933,0.012136127513192823,3224.707653808594,3296.7502978515627,3258.4047387450887,9.418846229502378,27.54542859729463,53.82888647584271,10.570477557643244,-4.498303411310044,3351.701005199129,3097.7143024180587,55.402099609375,-72.04264404296873,SELL,LOW
2022-03-30,3315.7138671875,3321.4450492066144,3293.18873172542,3321.4450492066144,1583455,0.0070706913414915196,0.012075703965972517,3232.586962890625,3292.66931640625,3263.8627509776993,-5.731182019114385,28.2563174811944,56.15213653176703,13.509434772387976,-0.8967557745704395,3361.617288748254,3103.5566370329957,122.310302734375,-60.08235351562507,SELL,LOW
2022-03-31,3323.177490234375,3336.2393085687654,3305.6283903028198,3323.221961722285,2168110,0.0022509852616461323,0.01202390161441878,3241.1971069335937,3287.8328662109375,3269.5117737640494,-0.04447148790995925,30.610918265945656,56.90090775146363,16.253471639276086,2.5332897081988657,3370.2765404184624,3112.117673448725,74.68359375,-46.63575927734382,SELL,LOW
2022-04-01,3339.88330078125,3343.6596902799715,3312.6044835537823,3330.3312567550715,1387014,0.005027059371931708,0.01200931276465774,3250.7202880859377,3283.8370068359377,3276.2138239561637,9.552044026178464,31.055206726189226,58.60484183818733,19.550790577024145,5.9367898819639215,3379.4133722081106,3122.027203963765,76.41650390625,-33.11671875000002,SELL,LOW
2022-04-04,3350.191162109375,3358.765702061871,3320.646463804201,3342.7715796711,1472994,0.0030862938611400104,0.011835169072358594,3261.649621582031,3281.2726318359373,3283.2592847326605,7.419582438275029,38.11923825766962,59.66448103687617,22.73363861907592,9.29615962938632,3385.0404031157195,3138.258840048343,127.642822265625,-19.62301025390616,SELL,LOW
2022-04-05,3389.68701171875,3408.1691482536567,3351.656507431064,3351.656507431064,2314947,0.011789133126512974,0.011448424262070458,3276.3064575195312,3281.0638232421875,3293.3952587313356,38.0305042876862,56.51264082259286,63.51797740350662,28.11891624343616,13.060710952196288,3386.729057568578,3165.8838574704846,101.162841796875,-4.757365722656232,SELL,LOW
2022-04-06,3336.8623046875,3384.8001942913256,3315.358924868198,3384.8001942913256,2051729,-0.015583948266794434,0.010186888176446546,3283.2106079101563,3279.6750048828126,3297.5349773938274,-47.937889603825624,69.44126942312778,55.83477311953398,27.803770616229485,16.009322885002927,3390.606098638824,3175.815117181489,38.163818359375,3.535603027343768,BUY,LOW
2022-04-07,3273.595947265625,3328.1093184300516,3269.0199392615564,3328.1093184300516,2494829,-0.018959834612594206,0.011076189825483175,3285.500842285156,3278.1253466796875,3295.25506976257,-54.513371164426644,59.08937916849527,48.29935330533414,22.193120651102618,17.246082438222867,3389.985473906225,3181.0162106640873,-58.37890625,7.375495605468586,BUY,LOW
2022-04-08,3274.928955078125,3292.1227192112146,3236.587585621282,3278.7942871496307,2296773,0.00040719986032899946,0.01103741868931262,3288.375341796875,3276.6281201171873,3293.319249316433,-3.8653320715056907,55.535133589932684,48.45719266623208,17.650736023569607,17.327013155292214,3388.274572939425,3188.476110654325,-19.37109375,11.747221679687755,BUY,LOW
2022-04-11,3284.481201171875,3298.6539416877777,3248.672318365914,3278.794489914239,2291660,0.002916779638513445,0.010920923514389932,3292.6959838867188,3277.466044921875,3292.4775304455225,5.686711257636034,49.98162332186348,49.64359381232376,14.652742217185278,16.79215896767083,3383.674812423971,3201.7171553494663,-10.041015625,15.229938964843768,BUY,LOW
2022-04-12,3279.771484375,3322.3335199890253,3241.7854565655507,3272.574044963782,4483476,-0.0014339302034046542,0.010633330576208468,3294.832958984375,3277.484697265625,3291.2674308197584,7.197439411218056,80.54806342347456,49.04418246295382,11.761199949558886,15.78596716404844,3382.4262973009886,3207.2396206677618,-12.66259765625,17.34826171875011,BUY,LOW
2022-04-13,3253.87060546875,3296.4328689407776,3248.183893637111,3293.9003796631946,1621672,-0.00789715961299231,0.010309724895634495,3297.856311035156,3276.164296875,3287.705828405377,-40.0297741944446,48.24897530366661,45.77109618402015,7.295548859044175,14.087883503047587,3374.759033698722,3220.9535883715903,-61.84326171875,21.69201416015585,BUY,LOW
2022-04-18,3134.891845703125,3207.7094730408703,3129.960282212317,3207.7094730408703,3820792,-0.036565301510655845,0.012608587159113185,3292.1762084960938,3271.3198583984376,3273.1521157670672,-72.81762733774531,77.74919082855331,34.410511137925525,-5.777503900970714,10.114806022243929,3395.1768312698755,3189.175585722312,-188.28564453125,20.856350097656104,BUY,LOW
2022-04-19,3084.998291015625,3166.4351276838597,3055.8978857987127,3154.3950693141687,3170014,-0.01591555854020521,0.012899784317399125,3283.252783203125,3264.4903515625,3255.2327038859776,-69.39677829854372,110.53724188514707,30.942184098387386,-19.934196278891704,4.105005562016803,3420.038418600756,3146.4671478054943,-254.885009765625,18.762431640624982,BUY,LOW
2022-04-20,3160.438232421875,3171.4118459733177,3092.1966087050055,3109.96785358262,2640370,0.024453803305483968,0.014022327824298924,3280.1472778320312,3259.7312109375,3246.204658984634,50.47037883925486,79.2152372683122,40.67826823031614,-24.780450579283297,-1.672085666243217,3424.893297759005,3135.4012579050577,-189.7529296875,20.41606689453147,BUY,LOW
2022-04-21,3224.28125,3237.9207670078954,3169.856813397576,3181.0527842723013,2280996,0.02020068512119022,0.014000604621871476,3276.9351318359377,3256.4213232421876,3244.1167152718117,43.228465727698676,68.06395361031946,47.43263217107437,-23.202084875873425,-5.978085508169259,3423.633144453792,3130.2371192180835,-165.40576171875,20.513808593750127,BUY,LOW
2022-04-22,3209.975341796875,3213.929400104954,3173.4998209772857,3182.0301046657846,1581465,-0.004436929378640597,0.013989021156217816,3272.498974609375,3253.46330078125,3240.8651558932465,27.94523713109038,40.42957912766815,46.16421303693407,-22.842274396518405,-9.350923285839087,3421.6418018554004,3123.35614736335,-126.886962890625,19.035673828125255,BUY,LOW
2022-04-25,3152.7958984375,3184.6064639812757,3139.378741319467,3161.5038501242684,1960694,-0.01781304753804347,0.014186689584214872,3263.5400268554686,3249.9934619140627,3232.4776075641275,-8.70795168676841,45.22772266180891,41.39897774941995,-26.861383896955886,-12.853015408062447,3418.719990749578,3108.3600629613593,-120.800048828125,13.546564941405904,BUY,LOW
2022-04-26,3151.108154296875,3188.0722114341042,3126.094998356819,3176.743043452235,1943469,-0.00053531665067863,0.014045049288848664,3256.3804321289062,3246.1859765625,3224.7281358243895,-25.634889155359815,61.97721307728534,41.26358443099284,-29.838781084904895,-16.250168543430938,3418.290071775956,3094.4707924818563,-123.82080078125,10.194455566406305,BUY,LOW
2022-04-27,3164.347412109375,3170.789487548089,3115.5654379746916,3150.841311128136,1727648,0.004201460935083112,0.014109290636638383,3249.871691894531,3242.4691015625,3218.977590708674,13.506100981238887,55.224049573397224,42.842725189978836,-30.775333459823287,-19.15520152670941,3415.5470757635153,3084.196308025547,-120.1337890625,7.402590332031195,BUY,LOW
2022-04-28,3184.873046875,3202.7330141868824,3143.777051447349,3188.1606831223926,1703660,0.006486530109518718,0.01423270743936043,3244.4936401367186,3240.502705078125,3215.729538914991,-3.2876362473925838,58.955962739533334,45.29818473112392,-29.521010940808992,-21.228363409529326,3411.2728127493133,3077.714467524124,-94.8984375,3.99093505859355,BUY,LOW
2022-04-29,3151.463623046875,3219.4831052544378,3142.7114152271593,3196.158346677765,2051115,-0.010490033146189681,0.0142137414108993,3236.2811279296875,3237.1785986328123,3209.6089754989794,-44.69472363089017,76.77169002727851,42.12593143208022,-30.866997068145338,-23.156090141252527,3404.394077038475,3068.1681788209,-102.406982421875,-0.8974707031247817,SELL,LOW
2022-05-02,3147.642822265625,3152.5743861315545,3103.5257934019173,3127.6501716746743,1324161,-0.0012123893016908749,0.014174618784090535,3227.50439453125,3232.284404296875,3203.7074370958026,19.99265059095069,49.04859272963722,41.765703856453555,-31.874577178173695,-24.899787548636763,3394.881196243157,3060.127592819343,12.7509765625,-4.780009765624982,SELL,LOW
2022-05-04,3091.97412109375,3150.352610577351,3079.1344414976566,3144.177147062356,2305825,-0.017685838043023372,0.01443765134043307,3215.108935546875,3226.3603564453124,3193.0661689051312,-52.2030259686062,71.21816907969423,36.82477180730562,-36.74155682021865,-27.26814140295314,3384.0713320355426,3046.146539058207,6.975830078125,-11.251420898437573,SELL,LOW
2022-05-05,3121.874267578125,3139.290173030347,3096.950272047163,3120.719310294704,1612262,0.009670244741181167,0.014674830022879514,3203.6930908203126,3221.5479052734377,3186.2859878263685,1.1549572834210267,42.33990098318418,40.870879224768636,-37.750813437651686,-29.36467580989285,3365.297869399235,3042.08831224139,-38.56396484375,-17.854814453125073,SELL,LOW
2022-05-06,3050.07861328125,3087.3092816962812,3042.881172879239,3073.536567962998,2010812,-0.0229976123774428,0.014837912641002685,3186.7126708984374,3215.1271484375,3173.3138569173093,-23.457954681748106,44.42810881704236,35.063784586655416,-43.83862151843732,-32.25946495160175,3337.588446410398,3035.836895386477,-174.20263671875,-28.414477539062773,SELL,LOW
2022-05-09,3061.185546875,3070.8707875272926,2973.8843157191677,3019.3341828755033,2481830,0.003641523712007322,0.014749518659715657,3172.9288330078125,3210.2524951171877,3162.634970246613,41.8513639994967,96.98647180812486,36.565376736646805,-47.22266310110854,-35.252104581503104,3316.6158266992297,3029.2418393163953,-148.789794921875,-37.323662109375164,SELL,LOW
2022-05-10,3055.543212890625,3078.6903011908057,3040.6597962956653,3051.32254251295,1622685,-0.0018431858827162584,0.014338777389374573,3162.0261962890627,3207.6285693359373,3152.4357552603283,4.2206703776751056,38.03050489514044,36.10857820273332,-49.785928441257965,-38.15886935345408,3306.5930852707866,3017.459307307339,-97.252685546875,-45.60237304687462,SELL,LOW
2022-05-11,3031.774658203125,3064.1627116191953,3005.2509859818156,3052.211591713873,1841769,-0.007778831137856601,0.014342946201734657,3149.8684814453127,3204.930908203125,3140.9442222072607,-20.436933510748077,58.91172563737973,34.17192118935574,-53.12289079460834,-41.15167364168494,3295.30586080592,3004.4311020847053,-119.33349609375,-55.06242675781232,SELL,LOW
2022-05-12,3028.79736328125,3065.2728838583857,2976.772221615572,3001.5630194609157,2807195,-0.0009820304137113656,0.014273870829843308,3137.0842895507812,3205.0552978515625,3130.2635689762124,27.23434382033429,88.50066224281363,33.926458988364885,-55.36943592795751,-43.995226098939455,3277.8174247178767,2996.3511543836858,-135.550048828125,-67.97100830078125,SELL,LOW
2022-05-13,3034.3505859375,3056.564638125786,3005.2501775708447,3052.2107706705233,2187823,0.00183347447523996,0.014322758178347487,3124.8132446289064,3203.1742138671875,3121.128999163002,-17.86018473302329,51.314460554941434,34.86624560018225,-56.05556679286974,-46.40729423772551,3256.123628141869,2993.5028611159437,-150.5224609375,-78.36096923828109,SELL,LOW
2022-05-16,3000.496826171875,3047.7682909715472,2991.433535282342,3034.439858212196,1195813,-0.011156838607416675,0.014390422161156675,3112.1445556640624,3200.0215966796877,3109.6402207828946,-33.943032040321214,56.334755689205394,31.888533388972903,-58.65490865645006,-48.85681712147042,3240.0515062186664,2984.2376051094584,-150.966796875,-87.87704101562531,SELL,LOW
2022-05-17,3066.961181640625,3080.644951878495,2977.0385191605064,2994.454423948811,1754076,0.022151116738072796,0.013336319634594583,3108.7480224609376,3198.341328125,3105.575550388393,72.50675769181407,103.60643271798835,42.30625688415438,-54.72099818560673,-50.02965333429769,3237.6621871822067,2979.8338577396685,-80.681640625,-89.59330566406243,SELL,LOW
2022-05-18,3064.4736328125,3105.525166737044,3059.364399705565,3078.868298353035,1866781,-0.0008110793325379895,0.01286725931932173,3107.721789550781,3196.6424072265627,3101.6610820478318,-14.394665540534788,46.16076703147883,42.04704460531853,-51.2137104219687,-50.2664647518319,3237.698262871311,2977.7453162302513,-27.50048828125,-88.92061767578161,SELL,LOW
2022-05-19,2898.445556640625,3025.5544285146852,2870.056036447117,3018.445930591596,4642963,-0.05417833405193906,0.016437725342769282,3094.6221557617187,3191.979228515625,3082.3072224852403,-120.00037395097115,155.49839206756815,29.191263565915946,-61.12660830266441,-52.438493461998405,3250.8623095559014,2938.382001967536,-223.4287109375,-97.35707275390632,SELL,MEDIUM
2022-05-20,2926.03515625,2944.6060183878694,2905.6426983201104,2941.140712780899,3065125,0.0095187572339126,0.015763323027428156,3079.709851074219,3188.56892578125,3067.4241685580746,-15.105556530898866,38.963320067759014,32.864619337777526,-65.99564447052262,-55.149923663703255,3240.468979805355,2918.950722343083,-124.04345703125,-108.85907470703114,SELL,MEDIUM
2022-05-23,2951.581298828125,2966.8200528085695,2902.9325214936357,2936.5202138894765,2293690,0.008730634190624365,0.01604821530004179,3066.790148925781,3183.6249658203124,3056.3915142980795,15.061084938648492,63.88753131493377,36.16670277791234,-67.0204603568227,-57.52403100232714,3225.110672615764,2908.469625235798,-109.604248046875,-116.83481689453129,SELL,MEDIUM
2022-05-24,2921.59228515625,2954.3358864396305,2910.5742015114233,2945.716660226276,1711510,-0.010160321073921175,0.015792298811100666,3055.2299682617186,3177.500986328125,3043.553492475048,-24.124375070025962,43.76168492820716,34.049470602700524,-69.45189884718684,-59.909604571299084,3220.3599874961405,2890.0999490272966,-133.950927734375,-122.27101806640621,SELL,MEDIUM
2022-05-25,2833.61376953125,2945.611309765418,2821.4480525569816,2945.611309765418,3548046,-0.030113207812052623,0.016832965632050223,3039.3552490234374,3169.824482421875,3023.5592331470675,-111.9975402341679,124.16325720843633,28.734897843735425,-77.58362655932706,-63.44440896890468,3224.406914796147,2854.303583250728,-198.160888671875,-130.4692333984376,SELL,MEDIUM
2022-05-26,2886.659912109375,2899.675621465552,2845.152996895877,2854.5009742701145,2813186,0.01872031507910843,0.017555451460817714,3025.4708740234373,3163.5963134765625,3010.5212025720493,32.15893783926049,54.52262456967492,35.292903232163965,-78.83889328985106,-66.52330583309396,3212.5846911112526,2838.357056935622,-142.137451171875,-138.12543945312518,SELL,MEDIUM
2022-05-27,2917.388671875,2933.1325815136097,2888.673601238652,2910.1427476148524,3103153,0.010645091802023332,0.01771548604846618,3012.0966552734376,3157.203447265625,3001.651437743759,7.2459242601476035,44.45898027495787,38.805919630230505,-76.47261837331916,-68.51316834113901,3189.7216635880695,2834.4716469588056,-116.9619140625,-145.10679199218748,SELL,MEDIUM
2022-05-30,3019.3212890625,3029.474490006565,2939.796107893087,2949.3229509041,2094624,0.03493967676305121,0.019674124327576533,3005.489538574219,3153.7218017578125,3003.334280726496,69.9983381584002,89.67838211347771,48.74636342013248,-65.61583957904622,-67.93370258872045,3171.3263147725934,2839.6527623758443,18.824462890625,-148.23226318359366,SELL,MEDIUM
2022-05-31,3009.5712890625,3026.612246033562,2974.3707538356352,3000.44672887576,4840965,-0.003229202548042598,0.01967529471928535,2998.5859619140624,3148.943349609375,3003.9282815204015,9.124560186739927,52.24149219792662,47.94411696018128,-57.13983522935632,-65.77492911684763,3151.1409348963266,2846.030988931798,-57.389892578125,-150.3573876953128,SELL,MEDIUM
2022-06-01,3001.3857421875,3030.7269440021355,2987.833434858042,3030.7269440021355,1493835,-0.0027198381725490606,0.01933108431680684,2994.05654296875,3143.701728515625,3003.6861349172677,-29.341201814635497,42.893509144093514,47.2411836474954,-50.500902965589376,-62.720123886595985,3140.508771823803,2847.604314113697,-63.087890625,-149.64518554687493,SELL,MEDIUM
2022-06-02,3062.0361328125,3070.0870604184925,2993.424382338286,3001.2069020116674,2657939,0.020207462763782047,0.01978426369270558,2991.0646362304688,3140.491484375,3009.2432775739567,60.82923080083265,76.66267808020666,52.766982577171085,-39.88574364394208,-58.153247838065205,3129.1559831537716,2852.973289307166,163.590576171875,-149.42684814453105,SELL,MEDIUM
2022-06-03,3077.37744140625,3110.610011492241,3069.371285099151,3094.597480482661,1913622,0.005010165761714536,0.019108495536811092,2992.429577636719,3136.2685498046876,3015.7322455579847,-17.220039076411013,41.23872639309002,54.07719563277603,-29.890676895640354,-52.50073364958023,3133.338122462483,2851.5210328109547,151.34228515625,-143.83897216796868,SELL,MEDIUM
2022-06-06,3069.14794921875,3088.872766865215,3021.021246154396,3057.563601837621,1084210,-0.0026741900674164265,0.01910814253630528,2992.8276977539062,3131.6775390625,3020.8194554304387,11.584347381129191,67.85152071081893,53.22428914820602,-22.375633356850358,-46.47571359103426,3134.5536623929383,2851.101733114874,117.566650390625,-138.84984130859357,SELL,MEDIUM
2022-06-07,3008.09521484375,3058.3241943557528,3002.1017895151595,3042.4012031637467,2308256,-0.01989240511867174,0.019633953216781557,2990.4552978515626,3125.1999462890626,3019.607622993611,-34.305988319996686,56.2224048405933,47.26805511772974,-21.103089356580313,-41.401188744143475,3129.465039148792,2851.445556554333,86.5029296875,-134.74464843750002,SELL,MEDIUM
2022-06-08,3045.174560546875,3053.941171959309,2993.6039713920522,3023.705415077456,2185707,0.012326519958594906,0.01976117516564409,2991.12529296875,3120.2174365234373,3022.0425694272553,21.46914546941889,60.33720056725679,50.864465126850504,-16.907694378836368,-36.502489871082055,3131.0513242699544,2851.199261667545,211.560791015625,-129.09214355468748,SELL,MEDIUM
2022-06-09,3065.7041015625,3074.5600352543865,2999.507580582336,3028.043561052109,1279197,0.006741663115673147,0.01980798976456676,2992.9706298828123,3115.64107421875,3026.200810582993,37.660540510391,75.05245467205077,52.78451166468829,-11.790339550253975,-31.560059806916442,3135.7790187271885,2850.162241038436,179.044189453125,-122.67044433593765,SELL,MEDIUM
2022-06-10,3005.590087890625,3035.1996977943127,2998.523249928245,3025.3596751960995,1527582,-0.01960855049293131,0.020322386587926997,2991.532604980469,3109.9041943359375,3024.2378846122915,-19.769587305474488,36.67644786606752,46.99373043676519,-12.44207301678216,-27.736462448889586,3133.2201282607925,2849.8450817001453,88.201416015625,-118.37158935546859,SELL,MEDIUM
2022-06-13,2880.085205078125,2945.7449039172147,2855.798109527881,2943.061261429589,3030921,-0.04175715222050835,0.02224547650122798,2985.5120239257812,3101.19162109375,3010.5090579899897,-62.976056351464194,89.94679438933372,37.69568147083594,-22.822685922702476,-26.753707143652164,3135.172966743382,2835.8510811081806,-139.236083984375,-115.67959716796895,SELL,MEDIUM
2022-06-14,2871.98974609375,2897.3500386797054,2839.920128333768,2853.606749841241,2611493,-0.0028108400994877325,0.021518893165993303,2975.7634521484374,3092.1678662109375,2997.3167425713,18.3829962525092,57.429910345937515,37.18461111701403,-31.34134876315784,-27.671235467553302,3128.305012559378,2823.2218917374967,-137.58154296875,-116.40441406250011,SELL,MEDIUM
2022-06-15,2868.188232421875,2892.9671591535985,2863.4470861010104,2879.1016702955644,1404536,-0.0013236515475187893,0.02151638419697074,2965.949182128906,3082.73396484375,2985.018789223736,-10.913437873689418,29.52007305258803,36.931398925457884,-37.96160309046627,-29.7293089921359,3119.650953158695,2812.2474110991175,-133.197509765625,-116.78478271484391,SELL,MEDIUM
2022-06-16,2810.668212890625,2902.6725095727124,2802.6620565361654,2898.3338668891233,2032028,-0.020054478601176262,0.01837490539373795,2961.5603149414064,3071.943505859375,2968.4139724301062,-87.66565399849833,100.010453036547,33.24276421367273,-47.30429276147197,-33.244305746003114,3127.265697435879,2795.854932446934,-251.367919921875,-110.38319091796848,SELL,MEDIUM
2022-06-17,2763.167724609375,2789.8700552215146,2704.977583624793,2765.940909256889,5240434,-0.016900069550506713,0.018499719133342946,2953.416943359375,3059.4131201171876,2948.866710732894,-2.773184647513972,84.8924715967214,30.530869665524435,-57.87419635222841,-38.17028386724817,3139.9981117137095,2766.835775005041,-314.209716796875,-105.99617675781246,SELL,MEDIUM
2022-06-20,2784.189453125,2807.760866274094,2745.366180356892,2767.729867065567,1502769,0.007607836588565009,0.018464888916175017,2945.0473510742186,3048.3596630859374,2933.183162389285,16.45958605943315,62.39468591720197,33.130771865467125,-63.818977843999164,-43.30002266259837,3145.694421465057,2744.40028068338,-284.95849609375,-103.31231201171886,SELL,MEDIUM
2022-06-21,2873.241943359375,2896.321313698456,2795.8188096638946,2799.9338157288753,2964461,0.03198506844942672,0.0199223243646267,2942.629833984375,3040.3525830078124,2927.474474862627,73.30812763049971,100.5025040345613,42.88278929484961,-60.64538602718585,-46.76909533551587,3145.501824640757,2739.757843327993,-134.853271484375,-97.72274902343725,SELL,MEDIUM
2022-06-22,2883.08203125,2907.7716314048353,2847.344899703459,2862.462666195436,3336315,0.0034247334838499732,0.018684398529074303,2945.1032470703126,3032.51564453125,2923.246623089996,20.619365054563787,60.42673170137641,43.85710687703595,-56.68287390561909,-48.75185104953651,3143.760895309783,2746.4455988308423,-162.092529296875,-87.41239746093743,SELL,MEDIUM
2022-06-23,2959.879150390625,2968.1089446533183,2883.082151369264,2883.082151369264,3692578,0.026637160617774214,0.01915675450154325,2948.764208984375,3026.023603515625,2926.735435213865,76.79699902136099,85.02679328405429,50.897087112325735,-46.80611702530405,-48.36270424469002,3145.6697483148037,2751.858669653946,-105.824951171875,-77.25939453125011,SELL,MEDIUM
2022-06-24,2945.8349609375,2992.2618967303943,2931.879930204445,2986.8946108169766,2132118,-0.004744852319822468,0.019075946178476116,2950.1865234375,3019.344873046875,2928.554437663735,-41.05964987947664,60.38196652594934,49.670463562857016,-39.65484834866447,-46.62113306548492,3146.5752469896333,2753.7977998853667,-59.755126953125,-69.15834960937491,SELL,MEDIUM
2022-06-27,2965.1572265625,3008.2743821550343,2957.821979079195,2996.7348041479822,2037686,0.006559181312333573,0.0173709906906491,2947.4783203125,3013.57060546875,2932.0404175588556,-31.57757758548223,50.45240307583936,51.40566564428731,-32.05871810088502,-43.70865007256494,3141.457944264548,2753.4986963604515,85.072021484375,-66.09228515625,SELL,MEDIUM
2022-06-28,2968.243408203125,2978.843885966315,2927.4969345693953,2958.269288555737,1400046,0.0010408155132477503,0.0173652950159707,2945.4119262695312,3010.23763671875,2935.4883214297383,9.974119647387852,51.34695139691985,51.69214478428264,-25.49580135877568,-40.06608032980709,3137.573694039809,2753.2501584992533,96.253662109375,-64.8257104492186,SELL,MEDIUM
2022-06-29,2943.508544921875,2981.5268136224313,2926.064868694561,2926.064868694561,2133994,-0.008333165404458387,0.017447425658273407,2942.51806640625,3007.407841796875,2936.252152238513,17.443676227313972,55.46194492787026,49.189207835517,-22.036516066353215,-36.46016747711632,3132.956398291909,2752.079734520591,75.3203125,-64.88977539062489,SELL,MEDIUM
2022-06-30,2922.576904296875,2961.757919192694,2911.752789671412,2926.9601007080983,2719603,-0.007111119368452656,0.01677014209119765,2935.5451049804688,3002.650615234375,2934.949747672643,-4.383196411223253,50.005129521282015,47.11037138013213,-20.744881929084386,-33.31711036750994,3118.013967630971,2753.0762423299666,111.90869140625,-67.10551025390623,SELL,MEDIUM
2022-07-01,2965.515380859375,2981.5276984825446,2909.114100639834,2916.225711687097,1502879,0.01469199202230409,0.017125024623310385,2929.952001953125,2997.4752978515626,2937.8607603570936,49.28966917227808,72.41359784271071,51.626687844798624,-16.07121737291527,-29.867931768591006,3101.2006976769835,2758.7033062292667,202.34765625,-67.52329589843748,SELL,MEDIUM
2022-07-04,2893.906005859375,2968.0639081040827,2884.960530635869,2962.741394025175,2622535,-0.024147362533404992,0.017846602613046943,2921.189904785156,2991.1539111328125,2933.674593262073,-68.83538816579994,83.1033774682137,44.76185647356178,-17.938795371666856,-27.48210448920618,3080.575534061583,2761.8042755087295,109.716552734375,-69.96400634765632,SELL,MEDIUM
2022-07-05,2877.13330078125,2926.9595551529096,2868.7691939118813,2911.752246950709,2170627,-0.005795870717350438,0.017408324588357883,2914.641809082031,2985.6406591796876,2928.2897082638992,-34.61894616945892,58.19036124102831,43.30922990721882,-20.535560358440307,-26.092795663053007,3069.9156281195274,2759.367990044535,3.891357421875,-70.99885009765649,SELL,MEDIUM
2022-07-06,2916.895751953125,2923.8284950575144,2864.564723358704,2879.101120190488,2182144,0.013820162993865459,0.017476446090178788,2908.2278686523437,2980.9564111328127,2927.204569567635,37.79463176263698,59.26377169881016,47.646775467258294,-19.164105934270992,-24.707057717296607,3051.5410242307616,2764.9147130739257,33.813720703125,-72.72854248046906,SELL,MEDIUM
2022-07-07,2941.138427734375,2969.361229929666,2920.742698680176,2926.0652132459163,1989921,0.008311121768756147,0.017521248617261967,2901.9995849609377,2976.4922314453124,2928.531603678753,15.073214488458689,48.61853124948993,50.15103824389727,-15.937321568861535,-22.953110487609592,3027.0610206011274,2776.938149320748,-18.74072265625,-74.49264648437475,SELL,MEDIUM
2022-07-08,2921.10009765625,2956.479495050684,2907.27938242503,2952.006757539261,2136916,-0.006813120351346735,0.017069363271141676,2897.7750854492188,2971.2167724609376,2927.8238412004193,-30.90665988301089,49.20011262565413,48.102836168150546,-14.826091527335393,-21.327706695554753,3013.946271883236,2781.6038990152015,-24.73486328125,-73.44168701171884,SELL,MEDIUM
2022-07-11,2785.442138671875,2884.9157801887623,2778.464624268619,2868.053471913843,6974600,-0.04644070879091766,0.017675197994574753,2893.042932128906,2963.8963427734375,2914.263679054844,-82.61133324196817,106.45115592014326,37.06614814047574,-24.608228917744782,-21.98381113999276,3019.008495955403,2767.0773683024095,-179.715087890625,-70.85341064453132,SELL,MEDIUM
2022-07-12,2759.410888671875,2805.480089247644,2755.4301956021764,2786.4261820294582,3734815,-0.009345464276063531,0.017760509516875304,2887.4139892578123,2956.1317041015627,2899.515794256466,-27.015293357583232,50.04989364546782,35.388264736144194,-34.06842796814817,-24.400734505623845,3026.0626118907026,2748.765366624922,-208.83251953125,-68.7177148437504,SELL,MEDIUM
2022-07-13,2718.30615234375,2782.0426602349858,2714.951599296843,2776.675375359934,3863530,-0.014896199945021227,0.017997202168350348,2879.919885253906,2948.6583447265625,2882.257733121922,-58.36922301618415,67.09106093814262,32.85885992968012,-44.37103094300801,-28.394793793100682,3036.9051085543188,2722.9346619534936,-225.202392578125,-68.73845947265636,SELL,MEDIUM
2022-07-14,2689.605712890625,2741.850659210218,2661.1288537378855,2740.9537502605253,4764908,-0.010558207149838239,0.017631955724770946,2873.8667602539062,2940.0129736328126,2863.909921671322,-51.34803736990034,80.72180547233256,31.182924513720053,-54.22671185184572,-33.561177404849694,3049.3162887829394,2698.417231724873,-232.97119140625,-66.1462133789064,SELL,MEDIUM
2022-07-15,2685.883544921875,2716.6473457633606,2648.5720461846936,2707.3644698054904,4574806,-0.0013839084111513245,0.01728206471941785,2870.002551269531,2932.729072265625,2846.955028647565,-21.480924883615444,68.075299578667,30.962362366614784,-61.6273560274808,-39.17441312937592,3057.9905593113967,2682.0145432276654,-279.6318359375,-62.72652099609377,SELL,MEDIUM
2022-07-18,2747.679931640625,2759.743310428452,2703.5520653201875,2711.3551275827026,3202795,0.0230078429258731,0.018025722351148143,2868.1770751953127,2926.4589599609376,2837.500257504047,36.32480405792239,56.19124510826441,38.71295034955926,-61.793649178662235,-43.69826033923319,3060.1300611265074,2676.224089264118,-146.22607421875,-58.28188476562491,SELL,MEDIUM
2022-07-19,2757.322021484375,2761.5374492687492,2717.678694261558,2717.678694261558,1865074,0.0035091750435403135,0.016373269217428585,2862.3810791015626,2920.4945361328123,2829.8642350259834,39.64332722281688,43.85875500719112,39.84768380208935,-60.45056514514408,-47.048721300415366,3060.2805801968757,2664.4815780062495,-119.811279296875,-58.11345703124971,SELL,MEDIUM
2022-07-20,2838.536865234375,2844.9496752294567,2778.6682059727723,2787.413066314355,3402251,0.029454246953092067,0.017794044137074368,2860.1538208007814,2916.6297802734375,2830.6901998077346,51.12379892001991,66.28146925668443,48.49742322053235,-52.230719006118306,-48.085120841555955,3058.0739391279462,2662.2337024736166,-78.35888671875,-56.475959472656086,SELL,MEDIUM
2022-07-21,2849.7490234375,2855.7582699725167,2819.9267990415874,2840.510816897915,2420640,0.00394997801171737,0.01665092836200948,2854.647314453125,2913.0488134765624,2832.505325867712,9.238206539585008,35.8314709309293,49.57545398191602,-44.30102956468227,-47.32830258618122,3047.2186271642495,2662.0760017420007,-91.389404296875,-58.40149902343728,SELL,MEDIUM
2022-07-22,2844.097900390625,2867.417529974402,2819.4329075616306,2856.6546240126586,2075886,-0.0019830248209220525,0.01663632825052714,2849.5604614257813,2909.243759765625,2833.60938058418,-12.556723622033587,47.98462241277139,49.01853407149032,-38.03425671755667,-45.469493412456316,3037.548298366205,2661.5726244853577,-77.002197265625,-59.68329833984353,SELL,MEDIUM
2022-07-25,2840.285888671875,2857.954947903264,2824.4555362400793,2838.716298301566,1797504,-0.0013403236640434635,0.016525243480678943,2843.31689453125,2906.039541015625,2834.245238497294,1.5695903703090153,33.499411663184674,48.62174406599656,-32.99504523121868,-42.97460377620879,3023.6725970893135,2662.9611919731865,54.84375,-62.72264648437522,SELL,MEDIUM
2022-07-26,2794.67822265625,2842.214392123494,2777.278278402279,2838.447418714807,2639367,-0.016057420908763276,0.016798677741357654,2834.638635253906,2900.5938818359373,2830.4769512743374,-43.7691960585571,64.93611372121495,44.029619679398714,-32.30915152400985,-40.841513325769,3006.6233672087656,2662.6539032990468,35.267333984375,-65.95524658203112,SELL,MEDIUM
2022-07-27,2860.107666015625,2864.816437135854,2789.3863207449663,2793.870864668994,1389808,0.023412156300837594,0.017729588763065848,2830.4685913085937,2896.5065625,2833.2989241068412,66.23680134663118,75.43011639088763,51.15665011747292,-26.184132180303095,-37.91003709667582,2995.6000353733984,2665.337147243789,141.801513671875,-66.03797119140654,SELL,MEDIUM
2022-07-28,2924.37109375,2927.5102744977767,2871.587924159354,2884.4586528139857,2106333,0.02246888412557535,0.018437704561880517,2830.55830078125,2897.0250732421873,2841.9724640728564,39.912440936014264,55.9223503384228,56.95434105611104,-15.960505898813153,-33.52013085710329,2995.8916288080336,2665.2249727544668,234.765380859375,-66.46677246093714,SELL,MEDIUM
2022-07-29,2961.5029296875,2975.3154558936158,2937.376171773738,2950.829803094839,2430257,0.012697374836202702,0.01836038430368059,2830.3576782226564,2897.7344287109377,2853.3563179409175,10.673126592660992,37.93928411987781,59.91506567198345,-4.806572402359507,-27.777419166154534,2995.0439400479963,2665.6714163973165,275.619384765625,-67.37675048828123,SELL,MEDIUM
2022-08-01,2958.72265625,2984.0154394446076,2933.7885489700366,2984.0154394446076,1306913,-0.0009388048918098635,0.017458954051959037,2833.5985107421875,2897.877255859375,2863.391207303687,-25.292783194607637,50.226890474571064,59.58459841039117,3.765251942039413,-21.468884944515747,3005.5502143686213,2661.6468071157537,211.042724609375,-64.27874511718755,SELL,MEDIUM
2022-08-02,2952.44482421875,2971.369471032021,2934.3719781124923,2950.830344369699,1269114,-0.002121804832902696,0.017400102349813495,2837.3640869140627,2898.494306640625,2871.872504152741,1.6144798490508947,36.99749291952867,58.79601585641377,9.937364164451537,-15.187635122722291,3016.127908144905,2658.60026568322,195.122802734375,-61.130219726562245,SELL,MEDIUM
2022-08-03,2995.227294921875,3003.747929538362,2939.2153774741914,2941.8612149554574,2895824,0.014490523362937324,0.017425837063317295,2841.2806640625,2901.7265771484376,2883.620579464087,53.3660799664176,64.53255206417043,62.44384986660057,18.072664974118197,-8.535575103354194,3029.9980369102063,2652.5632912147935,156.6904296875,-60.44591308593772,SELL,MEDIUM
2022-08-04,3009.08447265625,3038.637577140398,2966.3917403654004,3004.6448173920953,2150567,0.004626419423283457,0.017369100751287194,2844.6779663085936,2904.175068359375,2895.569521672864,4.4396552641546805,72.24583677499777,63.568874556592625,25.345935741423546,-1.7592729343986466,3042.6814743758464,2646.6744582413407,159.33544921875,-59.49710205078145,SELL,MEDIUM
2022-08-05,3018.142578125,3028.860592988081,3009.1286021542824,3014.6893921403475,1106933,0.0030102529693205593,0.017266582601687314,2849.5300903320312,2906.190146484375,2907.2431460968774,3.453185984652464,19.73199083379859,64.3212555557077,31.47810859375477,4.888203371232037,3059.199216946711,2639.8609637173513,174.044677734375,-56.660056152343714,SELL,MEDIUM
2022-08-08,3026.573974609375,3030.56517513093,2992.087873696429,3018.098229912615,1068836,0.002793571299608111,0.013016880851805298,2861.5866821289064,2906.3352001953126,2918.6079869075916,8.475744696760103,38.47730143450099,65.04489570777966,36.596382672326854,11.229839231451,3082.555348040476,2640.618016217337,186.2880859375,-44.74851806640618,SELL,LOW
2022-08-10,3008.456298828125,3036.036244028681,2991.190804678183,3036.036244028681,1878359,-0.005986199555419236,0.01285299930187821,2874.038952636719,2906.312900390625,2927.1649689952615,-27.579945200555812,44.8454393504976,62.12885169445803,38.74408899438686,16.732689184038172,3098.612044212044,2649.4658610613938,213.778076171875,-32.273947753906214,SELL,LOW
2022-08-11,3069.67041015625,3075.231200998242,3027.1121308061656,3049.4899618791087,1449248,0.020347349353876165,0.012477594316084426,2891.6071655273436,2907.67859375,2940.7369157724984,20.180448277141295,48.11907019207638,67.44011113129017,44.86841378007466,22.35983410324547,3119.647288005477,2663.56704304921,209.562744140625,-16.071428222656323,SELL,LOW
2022-08-12,3050.880615234375,3066.531632271564,3032.673320157422,3066.531632271564,1472354,-0.006121111523799905,0.012200888249242262,2909.6709106445314,2907.4554833984375,2951.226791911725,-15.651017037188922,33.85831211414188,64.45210606471865,47.65645196563355,27.419157675723085,3127.867590023602,2691.4742312654607,126.509521484375,2.2154272460938955,BUY,LOW
2022-08-16,3042.942626953125,3062.8092894639904,3038.278744703972,3059.3561027853134,839942,-0.0026018678809036633,0.012244702305320477,2927.5238647460938,2906.766787109375,2959.961633344239,-16.413475832188396,24.53054476001853,63.178585255753035,48.664489063329256,31.668223953244322,3127.201084462295,2727.8466450298924,81.439697265625,20.757077636718805,BUY,LOW
2022-08-17,3050.476806640625,3065.589589525235,3023.56954088203,3036.126264902708,1622326,0.002475951935723364,0.011617551648031153,2942.663708496094,2906.3933642578127,2968.582126039133,14.350541737916956,42.02004864320497,63.907531861329886,49.50069782932087,35.23471872845963,3131.101628585519,2754.225788406669,91.754150390625,36.27034423828127,BUY,LOW
2022-08-18,3032.673095703125,3042.3148659889093,3015.4076000750924,3040.5210482613215,1430659,-0.005836369874618552,0.011878567786323872,2956.431262207031,2906.884921875,2974.686027911894,-7.847952558196539,26.9072659138169,60.84232161524175,48.17149758168671,37.82207449910505,3128.1889326473947,2784.6735917666674,80.228271484375,49.54634033203092,BUY,LOW
2022-08-19,3036.709228515625,3068.773720849505,3023.7040498067786,3037.8303646112154,1398410,0.0013308829158733548,0.010381269298414644,2966.339880371094,2906.715615234375,2980.592999397964,-1.1211360955903729,45.06967104272644,61.295541356339214,46.903109149560805,39.6382814291962,3132.5237156464736,2800.156045095714,41.48193359375,59.624265136718805,BUY,LOW
2022-08-22,3008.7255859375,3035.22928589152,3002.3125563634576,3018.0982394990715,1536532,-0.009215120866808757,0.010757197390950603,2974.288708496094,2905.576044921875,2983.27229335411,-9.372653561571497,32.916729528062206,56.41973545526082,43.142535794517244,40.33913230226041,3132.4182618874866,2816.1591551047013,-0.35888671875,68.71266357421882,BUY,LOW
2022-08-23,2945.986572265625,2997.3792685403614,2932.891616907202,2977.692165242651,1849256,-0.020852354885773305,0.011956824248462927,2979.3831420898437,2904.383974609375,2979.721272298064,-31.705592977025844,64.4876516331592,47.329632871054244,34.69974320583469,39.211254482975264,3126.5952867016485,2832.1709974780388,-72.156005859375,74.99916748046871,BUY,LOW
2022-08-24,2919.752197265625,2966.974358766676,2915.132985487199,2952.6238177327377,1691923,-0.008905123752761868,0.012179932308829546,2983.3564575195314,2905.177314453125,2974.009931818784,-32.871620467112734,51.84137327947656,44.128012565095005,25.596810343410198,36.48836565506225,3119.186598922803,2847.5263161162597,-106.82177734375,78.1791430664066,BUY,LOW
2022-08-25,2886.43212890625,2940.2017727488737,2883.337837048458,2938.2735062355546,1946930,-0.011411950778076108,0.011868794238375823,2987.9441528320312,2905.466162109375,2965.669188684257,-51.84137732930458,56.86393570041582,40.39086939301189,15.51517019354469,32.29372656275874,3102.5068402730712,2873.3814653909913,-122.024169921875,82.47799072265616,BUY,LOW
2022-08-26,2890.02001953125,2921.2324952677013,2885.1767987152125,2900.8727055826316,1457962,0.0012430192239993865,0.010711447310516927,2989.4397705078127,2905.9027978515624,2958.46450590778,-10.852686051381625,36.055696552488826,40.970580835853916,7.725851719221737,27.38015159405134,3097.9066113810236,2880.9729296346018,-179.650390625,83.53697265625033,BUY,LOW
2022-08-29,2809.6123046875,2818.715843361062,2763.37660238837,2802.8405980083276,2539173,-0.027822545968657963,0.011193398990650237,2983.7018310546873,2905.8816796875,2944.288105791563,6.771706679172439,55.339240972692096,33.18219578501093,-4.8792252122329955,20.928276232794474,3115.0569098526257,2852.346752256749,-241.268310546875,77.82015136718746,BUY,LOW
2022-08-30,2880.1083984375,2893.87603511629,2818.1770254281655,2829.747060527474,3431525,0.025091039654256075,0.012331587731726558,2979.6321044921874,2908.2204931640626,2938.1757527102236,50.36133791002612,75.69900968812453,43.35000097722091,-9.075774016509968,14.927466182933586,3118.3248138922822,2840.9393950920926,-162.834228515625,71.41161132812476,BUY,LOW
2022-09-01,2808.849609375,2861.1394429895345,2799.252727764996,2861.1394429895345,3546935,-0.024741703854326724,0.01339557067790254,2972.1384521484374,2908.7136962890627,2925.858977154488,-52.28983361453447,61.88671522453842,37.18953171147612,-17.944702560270798,8.35303243429271,3129.4818328845704,2814.7950714123044,-241.627197265625,63.42475585937473,BUY,LOW
2022-09-02,2807.68359375,2836.922912111712,2798.624945047044,2836.922912111712,2052900,-0.00041512212726102504,0.01340360980572785,2964.900390625,2907.402529296875,2914.604178735013,-29.239318361711867,38.29796706466777,37.09663297811887,-24.78181075626253,1.7260637961816618,3137.7555138264006,2792.0452674235994,-224.989501953125,57.497861328125055,BUY,LOW
2022-09-05,2810.374267578125,2823.4243359042207,2791.4047318785147,2801.6294057785217,2147912,0.0009583251596136932,0.012834233981618707,2955.6577392578124,2905.9483740234373,2904.6775205295953,8.744861799603314,32.01960402570603,37.48470890923266,-29.641465011775836,-4.547441965409838,3140.3978472899444,2770.9176312256805,-226.3349609375,49.70936523437513,BUY,LOW
2022-09-06,2804.678955078125,2817.0563414080293,2786.112985069215,2812.257791314557,1936453,-0.0020265316850157644,0.012708997304518046,2945.437463378906,2902.8443701171873,2895.153847629455,-7.5788362364319255,30.943356338814283,36.96486480191875,-33.565418887044416,-10.351037349736753,3139.600093268673,2751.2748334891394,-204.046630859375,42.59309326171888,BUY,LOW
2022-09-07,2824.904541015625,2835.9363460187997,2782.211587036487,2782.211587036487,1291534,0.007211372945512995,0.012854999217040355,2935.7755615234373,2900.42576171875,2888.463437475757,42.69295397913811,53.72475898231278,40.139734169554444,-34.64379277280068,-15.20958843434954,3133.7001627949576,2737.850960251917,-121.08203125,35.349799804687336,BUY,LOW
2022-09-08,2842.886962890625,2855.3092376764303,2834.3216588095115,2843.2009685673893,1346113,0.006365674171961544,0.012967334236727048,2926.5912109375,2897.9803564453123,2884.122820848602,-0.3140056767642818,20.98757886691874,42.893702422924484,-33.659376348276055,-18.899546017134845,3123.8563284650495,2729.3260934099503,-76.865234375,28.610854492187627,BUY,LOW
2022-09-09,2885.938720703125,2900.1548137963414,2841.8557375950854,2865.623822507905,1561185,0.015143675557443004,0.013562260415412088,2920.46533203125,2896.3342626953126,2884.2957636918895,20.31489819521994,58.29907620125596,48.949204930834746,-29.070199023810346,-20.933676618469946,3114.7681047676306,2726.1625592948694,-0.493408203125,24.131069335937354,BUY,LOW
2022-09-12,2908.630615234375,2932.712706306049,2892.531144596041,2905.8949993497577,1785928,0.00786291627346869,0.012742623884611708,2912.4133422851564,2895.6367041015624,2886.6133686006974,2.7356158846173457,40.18156171000783,51.84754392112681,-23.333225783929265,-21.413586451561812,3094.2644087495473,2730.5622758207655,18.610595703125,16.77663818359406,BUY,LOW
2022-09-13,2896.4326171875,2927.017076901439,2892.530976189004,2927.017076901439,1972678,-0.004193725385061353,0.012721970738349747,2904.6909423828124,2895.113818359375,2887.548535132774,-30.58445971393894,34.48610071243502,50.197736362913524,-19.545600146349898,-21.039989190519428,3075.1248243211194,2734.2570604445054,86.8203125,9.577124023437591,BUY,LOW
2022-09-14,2798.7138671875,2817.548950205799,2792.7944010505757,2811.8088220175355,5090269,-0.033737622418741786,0.01451201303349621,2892.4795043945314,2891.7777880859376,2879.0880905665576,-13.094954830035476,24.75454915522323,39.38550078829512,-24.150573220652404,-21.662105996546025,3056.4147162243266,2728.544292564736,-81.39453125,0.7017163085938591,BUY,LOW
2022-09-15,2784.3193359375,2814.2760067345016,2780.417694487118,2807.3249624982836,2138023,-0.005143266490641785,0.014430804642460607,2879.171630859375,2889.5860546875,2870.0624948875998,-23.00562656078364,33.858312247383765,38.08419183590372,-28.63151959544075,-23.05598871632497,3032.512592739402,2725.830668979348,-24.5302734375,-10.41442382812511,SELL,LOW
2022-09-16,2698.529541015625,2775.349913346331,2690.7264780237324,2758.8915488003336,5322221,-0.03081176566731303,0.015590669240543042,2862.464453125,2886.0139794921874,2853.726023090269,-60.36200778470857,84.62343532259865,31.420942815844185,-38.659577807683945,-26.176706534596768,3018.0623464966307,2706.8665597533695,-109.154052734375,-23.549526367187354,SELL,MEDIUM
2022-09-19,2716.5576171875,2728.3967704245497,2679.784353680792,2723.015317228446,2072220,0.0066807036565144085,0.015762656184063677,2846.4568725585937,2882.007216796875,2840.6623653852434,-6.457700040945838,48.612416743757876,34.03290622970056,-44.63761645248087,-29.86888851817359,2992.645950412595,2700.2677947045922,-93.816650390625,-35.55034423828147,SELL,MEDIUM
2022-09-20,2726.87255859375,2762.4349139256747,2717.6343518212257,2735.5725323613,1544295,0.0037970633646744467,0.015866660290567384,2832.364221191406,2877.7218994140626,2829.8252409289107,-8.699973767550091,44.800562104449,35.54552919777936,-47.98972984887496,-33.493056784313865,2967.162922055084,2697.5655203277283,-77.806396484375,-45.35767822265643,SELL,MEDIUM
2022-09-21,2691.802734375,2727.85842551412,2689.0671186515897,2715.839934791707,2253818,-0.012860822596284294,0.015537966043499017,2819.655029296875,2873.1359521484374,2816.6802403047286,-24.037200416707037,38.79130686253029,32.79239147954277,-52.86673082533571,-37.36779159251824,2957.1108189260112,2682.1992396677388,-133.101806640625,-53.480922851562354,SELL,MEDIUM
2022-09-22,2697.36376953125,2717.5891092550232,2672.1607605323097,2681.757642079149,2017983,0.00206591481806373,0.01556365869550239,2808.535607910156,2871.374384765625,2805.3167668977308,15.606127452101191,45.42834872271351,33.66971854412684,-55.64165777932567,-41.02256482987973,2947.7716298678683,2669.299585952444,-145.523193359375,-62.83877685546895,SELL,MEDIUM
2022-09-23,2674.627197265625,2710.9071180452506,2671.8915813587437,2694.3143035923686,2652374,-0.008429182790416156,0.015501420957752468,2797.945361328125,2869.6787109375,2792.870141218483,-19.68710632674356,39.01553668650695,31.839657777323183,-58.9953965390614,-44.61713117171607,2943.9274678054135,2651.963254850836,-211.3115234375,-71.73334960937518,SELL,MEDIUM
2022-09-26,2685.70361328125,2713.9115701152955,2624.4449176434205,2654.715589532401,2925489,0.004141293420985459,0.01556336896395845,2787.729541015625,2869.02666015625,2782.6638052244607,30.988023748849173,89.46665247187502,33.7294140087112,-60.06706868815991,-47.707118675004835,2935.0978447216703,2640.3612373095793,-222.927001953125,-81.297119140625,SELL,MEDIUM
2022-09-27,2706.37744140625,2713.1491467072833,2669.2006150746693,2699.1572817008023,2227447,0.00769773255051831,0.014646607532991577,2782.5677978515623,2869.3620947265626,2775.398437241774,7.220159705447713,43.94853163261405,37.22764720399076,-58.57297859912751,-49.88029065982937,2933.692595023362,2631.4430006797625,-190.05517578125,-86.79429687500033,SELL,LOW
2022-09-28,2722.700927734375,2735.5267665048214,2672.7880439651785,2672.7880439651785,2739767,0.00603148920707941,0.013371671283209206,2774.6974243164063,2870.0984423828127,2770.379626812498,49.91288376919647,62.73872253964282,39.92417196763872,-55.432738410899674,-50.99078021004343,2921.001586515844,2628.393262116969,-76.012939453125,-95.40101806640632,SELL,LOW
2022-09-29,2688.30517578125,2740.819237350906,2681.7576968073727,2739.159868244052,2493902,-0.012632952669445974,0.01257234789372152,2768.670202636719,2868.910947265625,2762.5630124285694,-50.85469246280218,59.06154054353328,36.378062465040884,-55.08454481910803,-51.809533131856355,2918.7336826867036,2618.606722586734,-96.01416015625,-100.24074462890621,SELL,LOW
2022-09-30,2694.80712890625,2708.3952083772824,2645.9704930699468,2682.5195232802307,2817353,0.0024186067800544553,0.0126084260453793,2763.0263793945314,2867.6606494140624,2756.11007114073,12.287605626019285,62.424715307335646,37.50802535791829,-53.66532514811297,-52.180691535107684,2915.2708501529382,2610.7819086361246,-3.722412109375,-104.63427001953096,SELL,LOW
2022-10-03,2677.22802734375,2709.292518723233,2667.406919233083,2686.2420050783735,1763331,-0.006523324572632716,0.012627849230460004,2756.3690673828123,2864.43447265625,2748.5974955410175,-9.013977734623495,41.88559949015007,35.66376591446786,-53.344151739663175,-52.41338357601878,2911.369088684292,2601.3690460813327,-39.32958984375,-108.06540527343759,SELL,LOW
2022-10-04,2772.4794921875,2778.6234049291743,2711.355246320495,2717.588718557192,2145875,0.0355783907350824,0.015213092262602285,2754.7590942382812,2862.88908203125,2750.871971412111,54.890773630308104,67.26815860867919,50.00750298415732,-44.88620213878767,-50.907947288572565,2908.3812887838794,2601.136899692683,45.60693359375,-108.12998779296868,SELL,MEDIUM
2022-10-06,2782.16650390625,2801.94338884146,2773.6458694011303,2790.2835732028752,1790816,0.003493988592538466,0.01513686198940667,2752.6221923828125,2861.6504541015624,2753.8524030782196,-8.117069296625232,28.29751944032978,51.19912129184299,-36.97532670596411,-48.12142317205088,2903.44549873521,2601.798886030415,90.36376953125,-109.02826171874995,SELL,MEDIUM
2022-10-07,2748.935791015625,2784.901922759827,2742.8369861368456,2778.085328049343,1939879,-0.01194418552734644,0.015243363571169979,2747.9246337890627,2859.8234521484374,2753.3841543103536,-29.149537033717934,42.06493662298135,47.0555246357314,-33.00685921333525,-45.09851038030776,2892.9507475208493,2602.898520057276,51.572021484375,-111.89881835937467,SELL,MEDIUM
2022-10-10,2797.054931640625,2804.633767069704,2695.210895441145,2699.6954393603482,3064063,0.017504643354081972,0.015388051824607951,2743.4804443359376,2859.870986328125,2757.5432759608557,97.35949228027675,109.42287162855882,52.988614240234455,-25.682950567106218,-41.21539841766745,2876.2462154541613,2610.714673217714,122.427734375,-116.39054199218754,SELL,MEDIUM
2022-10-11,2753.106689453125,2820.778420484031,2738.5768094281584,2780.417520985849,4730645,-0.015712327166103268,0.01553931334118767,2735.704248046875,2857.730966796875,2757.1207439125005,-27.310831532724023,82.20161105587249,47.727941433403075,-23.158004986675223,-37.603919731469006,2845.013397687551,2626.395098406199,67.403076171875,-122.02671874999987,SELL,MEDIUM
2022-10-12,2781.090087890625,2789.296716194542,2746.3797595487877,2766.8739951763155,1665247,0.010164298588464238,0.015792813936841427,2729.937121582031,2854.8653466796877,2759.403538577084,14.216092714309525,42.91695664575445,51.05966741809991,-18.683568488626406,-33.81984948290049,2813.9651190999157,2645.9091240641465,74.712646484375,-124.92822509765665,SELL,MEDIUM
2022-10-13,2783.376708984375,2789.3859532565075,2737.6792562133355,2781.0895480900695,2054781,0.0008222031726718981,0.013905070024190228,2729.170263671875,2851.302822265625,2761.686697663493,2.2871608943055435,51.70669704317197,51.3326380409265,-14.782629167990763,-30.012405419918544,2810.9227060560565,2647.4178212876936,60.67578125,-122.13255859374976,SELL,LOW
2022-10-14,2779.655029296875,2825.262932800845,2754.407132263935,2820.778388463066,2245977,-0.001337109589042318,0.01385958233891942,2728.937048339844,2847.7214697265626,2763.3979673428626,-41.12335916619122,70.85580053691001,50.83564897222013,-11.854760795920356,-26.38087649511891,2810.083228508136,2647.7908681715517,91.349853515625,-118.7844213867188,SELL,LOW
2022-10-17,2798.1787109375,2813.1508013295525,2761.9397011582437,2763.0187331573775,1517005,0.006664021774425155,0.011863151405330943,2733.9195068359377,2844.6361474609375,2766.7104191137805,35.15997778012252,51.21110017130877,53.26116492926185,-7.948077230562831,-22.694316642207696,2819.1213921012672,2648.717621570608,103.37158203125,-110.71664062499985,SELL,LOW
2022-10-18,2827.80859375,2837.385525165027,2813.2861167744586,2832.574556753205,1793722,0.01058898872208669,0.01197800806714882,2739.4820556640625,2841.2877734375,2772.5292928886583,-4.765963003204888,24.099408390568442,56.92212821443845,-2.4330715093501567,-18.642067615636186,2833.4944938878593,2645.4696174402657,150.58056640625,-101.80571777343766,SELL,LOW
2022-10-19,2807.26171875,2840.668030854225,2798.404213997578,2840.668030854225,1194289,-0.0072660062797080815,0.012148601766742949,2743.501513671875,2837.251318359375,2775.837142970691,-33.40631210422498,42.26381685664683,53.776478378756714,0.2764622780314312,-14.858361636902663,2841.7905315345643,2645.2124958091854,34.7822265625,-93.74980468750027,SELL,LOW
2022-10-20,2839.138916015625,2841.566793102016,2792.109143222076,2792.109143222076,1587601,0.011355263762090173,0.011842444585728619,2750.8683227539063,2833.6712451171875,2781.8658832606843,47.029772793549,49.45764987994016,57.68360053895776,4.939076140866746,-10.898874081348781,2854.494580610985,2647.2420648968277,56.972412109375,-82.80292236328114,SELL,LOW
2022-10-21,2821.24462890625,2841.9269226796287,2811.8927230154723,2839.5890559762415,1021913,-0.0063027162948713356,0.012013899948997186,2757.062365722656,2829.564658203125,2785.6162399888335,-18.344427069991525,30.034199664156404,54.87931890549377,7.108370923355778,-7.297425080407869,2861.9573326881155,2652.1673987571967,72.308837890625,-72.5022924804689,SELL,LOW
2022-10-24,2843.095703125,2857.753197352684,2837.0709054901563,2850.6493675283837,260949,0.00774518947944669,0.011794936049452712,2765.485791015625,2826.2574462890625,2791.09047457323,-7.553664403383664,20.682291862527563,57.590599551835886,10.470059412290539,-3.743928181868188,2869.6029046388353,2661.368677392415,46.040771484375,-60.77165527343732,SELL,LOW
2022-10-25,2843.455078125,2863.372933459811,2833.608334661418,2860.0008211883264,2069643,0.00012640270941455256,0.011810872676902704,2773.3733642578127,2821.7331396484374,2796.0775796733983,-16.545743063326427,29.764598798392853,57.635687320728806,13.01321210974902,-0.39250012354474606,2876.0102040001066,2670.736524515519,90.348388671875,-48.35977539062469,SELL,LOW
2022-10-27,2839.22900390625,2854.1563112448976,2818.501925922069,2842.1965071167756,2438421,-0.0014862461697607854,0.011794011038993121,2780.0159423828127,2817.500107421875,2800.187239124146,-2.9675032105255923,35.6543853228286,56.8699959526212,14.52028921868623,2.5900577449014492,2881.640387348836,2678.391497416789,58.138916015625,-37.48416503906219,SELL,LOW
2022-10-28,2844.489501953125,2858.2027604387918,2828.0785532735567,2832.574703596726,1355739,0.0018527910357486466,0.0117644700465814,2786.10537109375,2813.531044921875,2804.406502250715,11.914798356398933,30.12420716523502,57.62465357569528,15.955215125796258,5.263089221080412,2887.8578602154057,2684.352881972094,61.11279296875,-27.425673828125127,SELL,LOW
2022-10-31,2871.376708984375,2876.6372932566983,2857.573657696762,2876.6372932566983,1919414,0.009452383991148006,0.011321599155455874,2795.2589477539063,2809.94904296875,2810.78461717773,-5.260584272323285,19.0636355599363,61.34731581238837,19.042467435845083,8.018964864033347,2893.032572787743,2697.4853227200697,91.7216796875,-14.690095214843495,SELL,LOW
2022-11-01,2931.2197265625,2933.827625053852,2880.6380435582514,2890.574578082797,2991060,0.020841228317719285,0.011971764483357183,2807.0795776367186,2807.9199755859377,2822.2546275953273,40.64514847970304,53.18958149560058,68.07062733559881,26.018048654384984,11.618781622103675,2910.4223358824606,2703.7368193909765,133.041015625,-0.8403979492190956,SELL,LOW
2022-11-02,2915.033935546875,2940.4821892267983,2897.364153326128,2940.4821892267983,1405955,-0.00552186206613936,0.011926203996067575,2818.969873046875,2805.4864697265625,2831.090752162141,-25.448253679923255,43.11803590067029,64.78813168052443,29.89557142373951,15.274139582430843,2914.22087218985,2723.7188739038997,87.225341796875,13.48340332031239,BUY,LOW
2022-11-03,2883.605712890625,2902.7593552031317,2873.0397607189666,2902.7593552031317,1422652,-0.010781425997482885,0.009859469934271623,2824.5261840820312,2802.984072265625,2836.0921769934253,-19.15364231250669,29.7195944841651,58.85358059236282,30.08573165593998,18.23645799713267,2921.2347655235376,2727.817602640525,76.343994140625,21.542111816406305,BUY,LOW
2022-11-04,2893.182861328125,2895.565952837209,2847.0973182984712,2892.823257100407,1464013,0.0033212406240863412,0.009858179789077737,2830.077001953125,2801.927998046875,2841.5293850253015,0.3596042277181368,48.46863453873766,60.05435905945058,30.655849301186663,20.72033625794347,2929.1385120034556,2731.0154919027946,54.0439453125,28.149003906250073,BUY,LOW
2022-11-07,2907.83984375,2916.022924105761,2873.1296994229197,2903.613506895121,1474498,0.005066040801564364,0.009309971348872115,2838.0222045898436,2801.6897509765627,2847.8446668086062,4.226336854878809,42.893224682841264,61.887481696203054,31.922386232954977,22.96074625294577,2935.2503408677817,2740.7940683119054,86.59521484375,36.332453613280904,BUY,LOW
2022-11-09,2891.968994140625,2922.318009880542,2879.0199490351015,2922.318009880542,1162267,-0.005457951765633573,0.008810752878176642,2842.7679077148437,2801.80048828125,2852.0469836973703,-30.349015739916922,43.29806084544043,58.743896951449244,31.28484868948408,24.625566740253436,2940.7965332354865,2744.7392821942008,48.873291015625,40.96741943359348,BUY,LOW
2022-11-10,2882.616943359375,2900.0171339786884,2850.5594774302144,2850.5594774302144,1573092,-0.0032338005006962156,0.007907883498314361,2849.2434204101564,2801.6524267578125,2854.958408427085,32.05746592916057,49.457656548474006,56.90947882379392,29.682798429976174,25.637013078197985,2939.529879412168,2758.9569614081447,39.161865234375,47.59099365234397,BUY,LOW
2022-11-11,2981.802001953125,3004.8673857085314,2927.038976756328,2940.1228186004687,3265394,0.034407991260247295,0.01057892618836686,2859.279016113281,2805.096220703125,2867.03875066766,41.67918335265631,77.82840895220352,68.23789005745056,36.00156374490598,27.709923211539586,2960.936146291582,2757.62188593498,142.572998046875,54.18279541015636,BUY,LOW
2022-11-14,2999.382080078125,3011.5216867580993,2975.552481780397,2989.0409336470357,1342074,0.005895789899357684,0.010571081304119693,2870.0792846679688,2807.4816943359374,2879.6428772781805,10.341146431089328,35.96920497770225,69.75560892820661,41.94428851449584,30.55679627213084,2982.512067136619,2757.6465021993185,154.892578125,62.59759033203136,BUY,LOW
2022-11-15,2996.774169921875,3003.3833791047664,2960.26534186353,2986.3430134656087,1400708,-0.0008694824755978159,0.010559639996176205,2880.9352416992188,2811.240185546875,2890.798238482342,10.431156456266308,43.11803724123638,69.22714551904382,45.91423345239946,33.62828370818457,2998.173174807071,2763.6973085913664,125.3974609375,69.69505615234357,BUY,LOW
2022-11-16,3017.2314453125,3028.5166060956044,2986.7474168217614,3002.4389362944166,1748235,0.006826432100206725,0.010562004470990604,2891.8878784179688,2815.431142578125,2902.8394962756906,14.792509018083365,41.76918927384304,71.07812691280805,50.133269449696854,36.929280856487026,3016.829842153794,2766.9459146821437,86.01171875,76.45673583984353,BUY,LOW
2022-11-17,3011.521484375,3021.4130150791284,2983.420544874636,3003.4284137988952,1417986,-0.001892450427152581,0.010510111453067657,2901.073522949219,2819.4540869140624,2913.1901618089582,8.093070576104765,37.99247020449229,69.81583946558328,52.41196721382221,40.02581812795406,3032.6569528729374,2769.4900930255003,96.487548828125,81.61943603515647,BUY,LOW
2022-11-18,3006.530517578125,3023.885700589663,2986.3428478650717,3012.420518021075,1164540,-0.0016572907823404481,0.010288535548116193,2911.036962890625,2823.4911181640623,2922.0797195012597,-5.890000442950168,37.542852724591285,68.6679174319188,53.20184455275921,42.66102341291509,3042.874829645344,2779.199096135906,122.9248046875,87.54584472656279,BUY,LOW
2022-11-21,2952.621826171875,2997.763130116702,2943.179910784391,2987.691797611102,1304194,-0.017930531917459303,0.011156753555962365,2916.7111083984373,2826.0454638671877,2924.988491565128,-35.069971439227174,54.58321933231127,57.64324613149101,48.913997061652026,43.91161814266248,3045.413997811983,2788.0082189848918,59.43896484375,90.66564453124965,BUY,LOW
2022-11-22,2980.902587890625,2984.4995080635367,2927.218598217636,2949.4745417875265,1149739,0.00957818623030926,0.011098211134394055,2924.6940063476563,2828.8057763671877,2930.3136435961273,31.428046103098495,57.280909845900624,61.165692095314995,47.25316310103699,44.57992713433739,3048.4310928305567,2800.956919864756,73.062744140625,95.88822998046862,BUY,LOW
2022-11-23,2974.9228515625,2994.4360999578107,2959.3661276159623,2994.4360999578107,1150011,-0.0020060153432778227,0.011084364769554718,2931.285363769531,2830.585458984375,2934.5621395929247,-19.51324839531071,35.06997234184837,60.028960045187496,44.93642632394085,44.65122697225808,3050.9098318401752,2811.660895698887,82.953857421875,100.69990478515638,BUY,LOW
2022-11-24,3039.532470703125,3051.0426596485013,2974.9229211016186,2982.0717563383823,1296591,0.021718082237558,0.01188160812328079,2941.0892333984375,2833.20349609375,2944.5593139843727,57.46071436474267,76.11973854688267,67.13575385531638,47.76326682804438,45.27363494341534,3062.4408108047483,2819.7376559921267,156.91552734375,107.88573730468761,BUY,LOW
2022-11-25,3048.074951171875,3060.3945780835866,3010.622108633488,3042.0951593509826,1588981,0.002810458697542373,0.011827211705177193,2951.531530761719,2836.2363427734376,2954.4179460974683,5.9797918208923875,49.77246945009847,67.94721100134836,50.115168607078886,46.24194167614805,3071.964609827088,2831.0984516963495,66.27294921875,115.29518798828121,BUY,LOW
2022-11-28,3053.111328125,3072.669584921029,3026.404235166422,3026.808844847581,2195437,0.0016523140125503932,0.01182887400869078,2961.9626220703126,2841.3242919921877,2963.817315814376,26.302483277419014,46.26534975460709,68.44194421872302,51.78847592757347,47.35124852643314,3079.6103493317974,2844.314894808828,53.729248046875,120.63833007812491,BUY,LOW
2022-11-29,3054.999267578125,3083.4598105600744,3042.0952286744628,3042.0952286744628,1576028,0.0006183657424259081,0.011764027369632793,2971.14375,2846.737890625,2972.5013112204474,12.90403890366224,41.36458188561164,68.63736569864945,52.659894486301255,48.412977718406765,3087.73627652333,2854.55122347667,58.22509765625,124.40585937500009,BUY,LOW
2022-11-30,3049.109619140625,3070.780933908881,3034.901738943921,3042.0955801028995,3410702,-0.0019278722911671986,0.011043491594863432,2977.0382446289063,2853.7494921875,2979.7973405461785,7.014039037725524,35.87919496495988,67.2385314059452,52.27268756167132,49.184919687059676,3096.8371878381645,2857.239301419648,31.878173828125,123.28875244140636,BUY,LOW
2022-12-01,3125.408935546875,3129.320674205069,3075.366869477395,3079.8630198713677,2180856,0.025023474370119425,0.012013554299006211,2987.556994628906,2861.9265185546874,2993.6651114986257,45.54591567550733,53.95380472767374,74.49137967291671,57.46017532479118,50.839970814605984,3120.0072717277144,2855.1067175300977,113.887451171875,125.63047607421868,BUY,LOW
2022-12-02,3092.587158203125,3119.3392540899144,3069.072378541606,3109.627744491306,2411749,-0.010501594517904889,0.011996125146977338,2998.006066894531,2869.240810546875,3003.0862588038162,-17.040586288181203,50.266875548308235,67.56229663735881,58.251368110926705,52.322250273870125,3128.9695607230797,2867.0425730659827,86.056640625,128.7652563476563,BUY,LOW
2022-12-05,3080.672119140625,3092.586917220595,3063.6767591287817,3087.0567402668353,1475065,-0.003852773892207062,0.012110729061140331,3007.3805297851563,2877.0181982421873,3010.4753883597027,-6.384621126210277,28.910158091813173,65.19158175955491,57.256927797518074,53.30918577859972,3133.749310944017,2881.0117486262957,128.05029296875,130.36233154296906,BUY,LOW
2022-12-06,3044.20849609375,3064.5309632236253,3028.6067671234496,3057.4271337408773,1166999,-0.01183625573793512,0.01255618913339162,3014.1989624023436,2883.9550927734376,3013.688065286755,-13.218637647127252,35.92419610017578,58.4340242741689,52.91652824569519,53.23065427201881,3132.8273525261684,2895.5705722785187,63.305908203125,130.24386962890594,BUY,LOW
2022-12-07,3039.93701171875,3051.7167929409807,3016.0174060142394,3028.876438862325,1167505,-0.0014031510589636031,0.012455503447703051,3021.59736328125,2891.2612890625,3016.1879649469447,11.060572856425097,35.69938692674123,57.679756872384445,48.57214775500006,52.29895296861507,3126.4696952348227,2916.7250313276777,65.01416015625,130.33607421875013,BUY,LOW
2022-12-08,3012.915771484375,3039.9376827313954,3002.9342285119815,3021.4134529129683,1285619,-0.008888750039954707,0.012656770448730911,3028.1123046875,2897.8055322265627,3015.876327474319,-8.497681428593296,37.003454219413925,53.01756187717911,42.459361565473955,50.33103468798684,3111.6610374496763,2944.5635719253237,-26.61669921875,130.30677246093728,BUY,LOW
2022-12-09,2960.939697265625,3034.092148416434,2946.192412509452,3034.092148416434,1797896,-0.01725108770403594,0.010907161966308206,3027.069189453125,2902.89677734375,3010.6442674544437,-73.15245115080916,87.89973590698219,45.41366162575068,33.040034709329575,46.872834692255395,3113.3799153120685,2940.7584635941816,-87.13525390625,124.17241210937527,BUY,LOW
2022-12-12,2955.274658203125,2963.8623493913924,2909.9985553110337,2927.4435310812128,1527610,-0.0019132571553995836,0.010813261455764422,3024.863818359375,2907.548251953125,3005.3709713352705,27.831127121912232,53.86379408035873,44.661801565566336,24.831783660819383,42.4646244859682,3116.0101978268344,2933.717438891915,-97.836669921875,117.31556640624967,BUY,LOW
2022-12-13,2996.32421875,3000.2357373283435,2938.503688776715,2946.9563625323067,1378016,0.013890269194753557,0.011293040453029828,3024.8413208007814,2913.7086328125,3004.509375850959,49.367856217693316,61.732048551628395,50.993167502776416,21.39244326859398,38.25018824249336,3116.015640347295,2933.6670012542677,-58.675048828125,111.1326879882813,BUY,LOW
2022-12-14,3026.223876953125,3036.699819013769,3004.237527032983,3011.3415760111543,1213311,0.009978779337704191,0.011413907551314939,3025.2909423828123,2920.3369677734377,3006.5774235749745,14.882300941970698,32.46229198078572,55.02912114280896,20.839172752215745,34.76798514443784,3116.3993841311767,2934.182500634448,-22.8857421875,104.95397460937465,BUY,LOW
2022-12-15,2972.04541015625,3025.6843963408824,2966.5150134691307,3020.3340212997255,1415694,-0.017902993631595865,0.01210942660152013,3023.317138671875,2926.2333154296875,3003.288660392239,-48.288611143475464,59.16938287175162,47.41000328702206,15.846286275505008,30.983645370651274,3117.2014414019386,2929.4328359418114,-153.363525390625,97.08382324218746,BUY,LOW
2022-12-16,2913.730224609375,2960.2653805768264,2900.1967681932483,2944.9784694377604,2703680,-0.019621229658065453,0.012837110110314697,3018.6771240234375,2929.058330078125,2994.759285555776,-31.248244828385396,60.068612383578056,40.85338636293187,7.101972539009694,26.207310804322958,3123.908505144085,2913.44574290279,-178.85693359375,89.61879394531252,BUY,LOW
2022-12-19,2879.37939453125,2918.450893161783,2872.5901642906533,2901.815138571275,2120965,-0.011789296685052686,0.012491921750641287,3015.015002441406,2931.002587890625,2983.770724505821,-22.43574404002493,45.860728871129595,37.55837527992976,-2.5701568338672587,20.451817276684917,3133.455325170268,2896.574679712544,-201.292724609375,84.01241455078116,BUY,LOW
2022-12-20,2917.057861328125,2921.5990178983275,2844.8496299358694,2876.547495550187,1529971,0.013085620765515227,0.012674211013191591,3011.8227661132814,2934.365029296875,2977.4171184888974,40.510365777938205,76.74938796245806,42.98989463632009,-7.113056776582198,14.938842466031494,3137.0175642909194,2886.6279679356435,-127.150634765625,77.4577368164064,BUY,LOW
2022-12-21,2939.17822265625,2952.2170574887764,2913.5051625782858,2921.5982324743363,1432566,0.007583106808191298,0.012814976997342374,3010.035534667969,2937.2074951171876,2973.7753188857882,17.579990181913672,38.71189491049063,45.961778680522116,-8.826661163912377,10.18574174004272,3138.270030439693,2881.801038896245,-100.7587890625,72.82803955078134,BUY,LOW
2022-12-22,2931.2197265625,2962.063356728802,2918.09110145253,2962.063356728802,1384101,-0.0027077283141263564,0.011698762362664842,3004.6198974609374,2940.769755859375,2969.7224053311893,-30.843630166301864,43.97225527627188,45.05183199663701,-10.703505757887797,6.007892240456618,3136.5105410819588,2872.729253839916,-81.696044921875,63.85014160156243,BUY,LOW
2022-12-23,2903.029541015625,2937.649899386993,2892.82319170629,2892.82319170629,1360281,-0.009617220193838594,0.011773722855545541,2997.367626953125,2943.208544921875,2963.3707039678025,10.20634930933511,44.826707680703294,41.88835937195914,-14.300780503255737,1.9461576917141468,3134.7401567057177,2859.9950972005327,-57.91015625,54.159082031250364,BUY,LOW
2022-12-26,2925.105712890625,2942.281096839824,2900.0622845444204,2903.029787993577,870157,0.00760452884240248,0.011954563273381088,2990.9673461914062,2946.043125,2959.726419103309,22.075924897048026,42.218812295403495,45.13728264242127,-15.195124151298387,-1.48209867688836,3129.2794655303837,2852.6552268524288,-30.1689453125,44.924221191406104,BUY,LOW
2022-12-27,2931.04052734375,2943.8995617533924,2905.8620844029233,2939.7630154548165,835883,0.0020289230665992974,0.011975410232136397,2984.7694091796875,2949.0708349609376,2956.9944294119227,-8.722488111066468,38.03747735046909,46.01115582188747,-15.249224441666229,-4.235523829843934,3122.1550415994575,2847.3837767599175,-65.28369140625,35.698574218749854,BUY,LOW
2022-12-28,2928.88232421875,2936.975394780793,2900.916181461144,2922.317900855153,910795,-0.0007363266064955853,0.011978756280854368,2978.7580444335936,2951.6849072265627,2954.317086060192,6.564423363597143,36.05921331964919,45.72592043304006,-15.289994725383167,-6.446418008951781,3114.871991920473,2842.644096946714,-97.341552734375,27.073137207030868,BUY,LOW
2022-12-29,2939.358642578125,2941.8315255661446,2902.7150128465582,2905.5027142121367,1037927,0.003576899717939064,0.010276885322918181,2969.455529785156,2953.915908203125,2952.892472395233,33.85592836598835,39.11651271958635,47.42957980263634,-14.311974597343124,-8.01952932663005,3088.577422759429,2850.3336368108835,-32.686767578125,15.539621582031032,BUY,LOW
2022-12-30,2928.52294921875,2966.56043059669,2919.0810321162144,2954.915443411287,1163131,-0.003686414172947239,0.010127436412591612,2961.2523193359375,2956.3411328125,2950.5715654260443,-26.392494192537015,47.47939848047554,45.82726822423079,-14.247005880711185,-9.265024637446277,3067.1941448161083,2855.3104938557667,14.792724609375,4.911186523437664,BUY,LOW
2023-01-02,2932.793701171875,2937.64967499698,2909.1889131762478,2932.3890915710945,709547,0.001458329686050197,0.010164435294993014,2953.8583984375,2958.214228515625,2948.8784354970758,0.40460960078053176,28.460761820732387,46.5930895815647,-13.693058657679103,-10.150631441492843,3045.0436548858174,2862.6731419891826,53.414306640625,-4.355830078125109,SELL,LOW
2023-01-03,2977.66552734375,2985.4437794959777,2918.2713383650357,2924.296135819554,1245178,0.015300028145159184,0.010639617926160439,2950.53125,2961.342646484375,2951.6200632919968,53.36939152419609,67.17244113094193,53.95781767944925,-9.523489273699397,-10.025203007934154,3032.6969312464794,2868.3655687535206,60.607666015625,-10.81139648437511,SELL,LOW
2023-01-04,2980.6328125,2992.05320982366,2955.049761355759,2973.4839774740417,1231668,0.0009965139230720954,0.01064895878032059,2947.5660400390625,2964.093388671875,2954.383182264188,7.148835025958306,37.00344846790085,54.405573502861614,-5.911496333344985,-9.20246167301632,3020.3573311495716,2874.7747489285534,41.45458984375,-16.52734863281239,SELL,LOW
2023-01-05,2977.44091796875,3001.00070304536,2951.228228425236,2994.6160814211885,1826057,-0.0010708781430117664,0.010483664398649319,2945.7922973632812,2966.77310546875,2956.5791570931938,-17.175163452438483,49.77247462012383,53.799483140813756,-3.2688439200805988,-8.015738122429175,3013.6920145606546,2877.892580165908,46.22119140625,-20.980808105468896,SELL,LOW
2023-01-06,2887.9228515625,2968.853571211557,2877.5366986331455,2967.4597204654315,2488376,-0.03006543836554798,0.011859986376130952,2942.141455078125,2967.746982421875,2950.040461328366,-79.53686890293147,91.31687257841168,40.25504146988107,-8.302180301981025,-8.073026558339546,3014.1202214236027,2870.1626887326474,-15.106689453125,-25.605527343750055,SELL,LOW
2023-01-09,2985.3994140625,2991.739031210393,2896.555421767762,2903.6144670208473,2885060,0.033753173997449704,0.014195511308096029,2943.6476928710936,2970.5651806640626,2953.4079806363784,81.78494704165269,95.18360944263122,53.87300974409454,-4.375157606296398,-7.3334527679309165,3017.887990511224,2869.407395230963,60.293701171875,-26.91748779296904,SELL,LOW
2023-01-10,2955.229736328125,2965.660893386526,2904.6032569263607,2953.9709019935526,3864655,-0.010105742498729975,0.014026422911422035,2941.59296875,2972.2422412109377,2953.5814811784494,1.2588343345723843,61.05763646016521,50.06905291345017,-3.6552690160519887,-6.5978160175551315,3012.0670753369873,2871.118862163013,24.189208984375,-30.649272460937482,SELL,LOW
2023-01-11,2993.267333984375,3011.971364872046,2941.5165953316505,2958.5571821774433,2720512,0.012871282793571082,0.014155524671227776,2939.9451416015627,2973.483193359375,2957.361086207585,34.71015180693166,70.45476954039532,54.43724207816585,-0.015259976859397284,-5.2813048094159845,3003.6421449989566,2876.2481382041688,64.385009765625,-33.538051757812354,SELL,LOW
2023-01-12,2998.34765625,3012.420518018747,2981.4420882411646,2993.5366879057938,2250391,0.0016972497604690329,0.013549289826277323,2941.26025390625,2975.1494677734377,2961.2645690687673,4.8109683442062305,30.978429777582278,55.00344713392976,3.2420407328927467,-3.576635700954238,3008.539340222187,2873.981167590313,58.989013671875,-33.889213867187664,SELL,LOW
2023-01-13,3034.496826171875,3038.4983560091237,2971.9553319355296,3006.0360632064353,1742837,0.012056363726375308,0.01290620961389175,2947.298583984375,2978.1672900390627,2968.239069745254,28.4607629654397,66.5430240735941,58.91573671365272,8.640805092045412,-1.1331475423543083,3024.5492209651047,2870.0479470036453,105.973876953125,-30.868706054687664,SELL,LOW
2023-01-16,3066.22509765625,3083.6527952107563,3033.1169853306947,3050.544682885201,1843607,0.01045585917596803,0.012600087506483053,2956.640869140625,2981.628134765625,2977.571072403444,15.680414771049072,50.535809880061606,62.03576923135917,15.303165718716173,2.154115109859788,3043.3855958841013,2869.8961423971487,133.431396484375,-24.987265624999964,SELL,LOW
2023-01-17,3107.012939453125,3110.1399520710393,3054.223972942188,3062.501002679159,1688475,0.013302298591206574,0.012609103080980798,2966.138623046875,2985.6115966796874,2989.898869265318,44.51193677396623,55.91597912885118,65.64746683331924,23.60229984912121,6.443752057712072,3072.7819880784677,2859.4952580152826,129.347412109375,-19.472973632812227,SELL,LOW
2023-01-18,3117.681396484375,3135.1090986179565,3101.357253479184,3108.48469619976,2421189,0.0034336699714960783,0.012567859009740352,2975.0637817382812,2990.1258447265627,3002.0686337623706,9.196700284614963,33.75184513877275,66.54400000123718,30.68654339140039,11.292310324449737,3099.5701802605054,2850.557383216057,137.048583984375,-15.062062988281468,SELL,LOW
2023-01-19,3102.138916015625,3114.9222389947813,3091.0108193863184,3108.484549100195,1585044,-0.004985269016351768,0.012632709697661958,2983.6097412109375,2994.5162841796873,3011.5991368341092,-6.345633084570181,23.911419608462893,63.926469708636056,34.64731646101927,15.963311551763645,3117.9781426124973,2849.2413398093777,124.697998046875,-10.906542968749818,SELL,LOW
2023-01-20,3092.942138671875,3121.9575463467286,3086.0446139576375,3094.689421787962,1529349,-0.002964656836052404,0.01237026171501896,2993.10537109375,2996.7390869140627,3019.346089390087,-1.7472831160871465,35.91293238909111,62.36327964736675,36.62199897576511,20.09504903656394,3130.168423160791,2856.042319026709,205.019287109375,-3.633715820312773,SELL,LOW
2023-01-23,3140.58056640625,3144.3513027053577,3086.044322440379,3115.841536579629,1067916,0.015402301626900483,0.012634919130005558,3003.879113769531,2999.563056640625,3030.892230058293,24.739029826620936,58.30698026497885,66.8809575716732,41.55198664589261,24.386436558429672,3151.3476936782677,2856.4105338607947,155.18115234375,4.316057128906323,BUY,LOW
2023-01-24,3160.261474609375,3174.654217604917,3142.7877478787727,3149.869160648053,1387863,0.006266646496397854,0.012642082841509876,3015.3401611328127,3002.832802734375,3043.2131104917294,10.392313961322088,31.86646972614426,68.55998810855999,46.51097266409488,28.811343779562716,3173.6169953679982,2857.063326897627,205.03173828125,12.507358398437646,BUY,LOW
2023-01-25,3154.238037109375,3159.066304386822,3131.4762056585528,3150.145550703775,874110,-0.0019059933959244546,0.012667086268011137,3026.607946777344,3005.5729345703126,3053.786913026743,4.092486405600084,27.590098728269368,67.43320945811918,49.3856764086795,32.92621030538608,3190.6422016132633,2862.5736919414244,160.970703125,21.035012207031286,BUY,LOW
2023-01-27,3137.039794921875,3169.1822103327586,3110.599287508333,3150.788813871164,1785879,-0.005452423686850505,0.012834850844879557,3036.4920043945312,3008.08330078125,3061.7157589215176,-13.749018949289166,58.58292282442562,64.18939863569548,49.70319789835412,36.28160782397969,3202.1211346220634,2870.862874166999,138.692138671875,28.408703613281432,BUY,LOW
2023-01-30,3157.824462890625,3180.6323213204782,3113.5884754099507,3145.2710585648842,1953798,0.006625567199496585,0.012744630610373802,3047.957080078125,3011.1091796875,3070.8689688233376,12.553404325740757,67.04384591052758,66.29930992581637,51.043586277819486,39.234003514747656,3213.8488118191517,2882.065348337098,123.32763671875,36.847900390625,BUY,LOW
2023-01-31,3088.895263671875,3171.941500962948,3081.8138503122173,3171.941500962948,2820375,-0.02182806550166927,0.013978888468548124,3055.762158203125,3013.8346484375,3072.5857588089125,-83.04623729107288,90.12765065073063,54.77357790033391,46.01342924396431,40.58988866059099,3213.746511507042,2897.777804899208,22.670166015625,41.92750976562502,BUY,LOW
2023-02-01,3134.557373046875,3144.3517688563857,3085.492888129036,3092.8502482199547,2205161,0.014782666771524067,0.01395478153138838,3063.6067504882812,3016.907744140625,3078.487817307766,41.707124826920335,58.858880727349515,59.76373879906214,45.19061488844818,41.51003390616243,3220.879843554172,2906.3336574223904,27.54443359375,46.69900634765645,BUY,LOW
2023-02-02,3182.42529296875,3190.334543077304,3145.3627795718635,3151.7084113940386,1813847,0.015271030076998038,0.01422742433736666,3073.6963745117187,3021.05779296875,3088.386624513574,30.71688157471135,44.97176350544032,64.22059571709136,47.849490530874846,42.77792523110491,3234.240007462871,2913.1527415605665,64.743896484375,52.638581542968495,BUY,LOW
2023-02-03,3202.566650390625,3222.523443017251,3175.5282196617327,3222.523443017251,1804469,0.0063289333032814366,0.014201862658370574,3084.9526611328124,3024.3184765625,3099.260912692341,-19.956792626625884,46.99522335551819,65.93062708491503,50.994079839582355,44.4211561528004,3248.463911954676,2921.441410310949,100.427734375,60.6341845703123,BUY,LOW
2023-02-06,3182.011474609375,3194.1510710445673,3160.7672369799784,3194.1510710445673,1138714,-0.006418344417201349,0.012061815420106054,3099.657092285156,3026.99720703125,3107.141918589202,-12.139596435192288,33.38383406458888,62.640279340330736,51.23693117479934,45.78431115720019,3241.0465595240776,2958.2676250462346,89.0693359375,72.65988525390594,BUY,LOW
2023-02-07,3193.599853515625,3212.4070586382527,3183.345399100722,3190.2429235610102,1455647,0.003641840703189958,0.009973040774337345,3110.0671142578126,3029.8069775390627,3115.3760076298136,3.3569299546147704,29.061659537530886,63.738983435663215,51.76773174990012,46.980995275740185,3246.857436602542,2973.2767919130833,53.019287109375,80.26013671874989,BUY,LOW
2023-02-08,3237.330078125,3255.5393623719233,3198.6579142429127,3198.6579142429127,1986946,0.013693081981211552,0.009689553794184229,3124.1721313476564,3033.45359375,3126.9906810103075,38.67216388208726,56.88144812901055,67.61005370858942,55.08210645136933,48.601217510866014,3252.0784874539054,2996.2657752414075,77.068603515625,90.71853759765645,BUY,LOW
2023-02-09,3256.4130859375,3262.620857439781,3223.718777786401,3232.639530446887,1655427,0.0058946747325661075,0.009500363425134951,3137.3294189453127,3037.5996630859377,3139.316624336707,23.773555490613035,38.90207965338004,69.15741474702833,58.57341367600884,50.59565674389459,3262.7802056478677,3011.8786322427577,102.175048828125,99.72975585937502,BUY,LOW
2023-02-10,3253.378173828125,3257.792634083155,3226.339745096551,3237.2379228015834,1187821,-0.0009319800741744988,0.00955579224104361,3150.080944824219,3040.1590478515627,3150.179629050175,16.14025102654159,31.452888986604194,68.5961533590604,60.39916379854276,52.556358154824224,3268.0545472313597,3032.107342417078,116.33837890625,109.92189697265621,BUY,LOW
2023-02-13,3202.657958984375,3263.9080562762947,3194.380930946481,3263.9080562762947,1087939,-0.015590015096237475,0.0103185431814237,3158.4890014648436,3042.3604638671877,3155.177565234385,-61.2500972919197,69.52712532981377,59.853634242116755,57.09522822269628,53.464132168398635,3265.80125605723,3051.176746872457,44.83349609375,116.12853759765585,BUY,LOW
2023-02-14,3218.9365234375,3241.6983521658913,3214.2461174031714,3223.442815879289,1579818,0.005082829531470656,0.010176351365859032,3166.1245727539062,3045.125751953125,3161.249846968015,-4.506292441788901,27.452234762719854,61.547507928881046,55.15459177950197,53.802224090619305,3267.6675054640946,3064.581640043718,130.041259765625,120.99882080078123,BUY,LOW
2023-02-15,3237.8359375,3242.756261571135,3182.1959052183624,3206.889133323468,1429449,0.005871322383927291,0.00989220486195083,3172.66572265625,3048.99830078125,3168.5437603520136,30.94680417653217,60.56035635277249,63.47436490881993,54.51325333150635,53.944429938796716,3274.986236453132,3070.3452088593685,103.278564453125,123.6674218750004,BUY,LOW
2023-02-16,3272.23193359375,3287.8202954032563,3243.6761347936463,3243.8600238904237,1618931,0.010623143592725759,0.010071802481671789,3180.3932495117188,3053.64419921875,3178.418824470274,28.37190970332631,44.144160609610026,66.74084787073267,56.13338667652124,54.38222128634162,3288.1367398284165,3072.649759195021,89.806640625,126.7490502929686,BUY,LOW
2023-02-17,3219.90185546875,3254.619390688415,3209.6476269306054,3242.893600647336,1061369,-0.01599216656611746,0.010776689981849597,3186.281396484375,3057.7839208984374,3182.369589327272,-22.991745178585916,44.97176375780964,58.21143559892085,52.58854603741247,54.0234862365558,3289.0306857923183,3083.5321071764315,17.335205078125,128.49747558593754,BUY,LOW
2023-02-20,3207.165283203125,3239.07778776799,3195.8993255369815,3220.684387496735,1296082,-0.003955577790047515,0.010802576147438661,3191.9925537109375,3062.7084326171876,3184.731083982115,-13.519104293609871,43.178462231008325,56.32469539769598,48.19592671165174,52.857974331574994,3285.650074075933,3098.335033345942,25.15380859375,129.28412109374995,BUY,LOW
2023-02-21,3173.781005859375,3227.029806293947,3168.0330686566454,3213.326813814157,1139541,-0.010409278723049753,0.010641496333319459,3193.6525756835936,3067.0785595703123,3183.688219398997,-39.54580795478205,58.99673763730152,51.60344944687434,41.542041278444685,50.594787720948936,3284.7481410884316,3102.5570102787556,-19.81884765625,126.57401611328123,BUY,LOW
2023-02-22,3128.30322265625,3170.1021750983955,3122.2793398488698,3140.6267096205747,1218430,-0.014329212733696695,0.011050887800793276,3192.0546630859376,3069.7181396484375,3178.4134578044495,-12.32348696432473,47.822835249525724,45.952644997900265,32.22761225014483,46.92135262678812,3286.4967257475346,3097.6126004243406,-109.02685546875,122.33652343750009,BUY,LOW
2023-02-23,3139.5693359375,3175.068461467988,3134.2352052950296,3146.190914704899,1441570,0.003601349511024754,0.011081269540779886,3191.3212280273438,3071.985048828125,3174.7140176266444,-6.621578767399114,40.8332561729585,47.48676670311252,25.461437720492086,42.62936964552892,3287.1443670124645,3095.498089042223,-116.84375,119.3361791992188,BUY,LOW
2023-02-24,3127.291748046875,3158.100692470088,3110.599827670895,3147.5705160729894,977592,-0.003910596192314597,0.01104793224072985,3190.8338256835937,3075.0899755859373,3170.1976109999996,-20.27876802611445,47.50086479919264,45.95585602945927,18.8907362746977,37.88164297136267,3287.848174035269,3093.8194773319183,-126.08642578125,115.74385009765638,BUY,LOW
2023-02-27,3064.2021484375,3117.6808616060457,3049.6252911757074,3117.6808616060457,1128022,-0.020173877173045085,0.01178990051554193,3186.1527099609375,3078.0994140625,3160.1028050416658,-53.47871316854571,68.05557043033832,38.99835958553357,8.494683192775483,32.00425101564524,3297.118133127333,3075.187286794542,-138.455810546875,108.05329589843768,BUY,LOW
2023-02-28,3046.728759765625,3119.52054831469,3034.8188539926205,3061.121505031087,4116217,-0.005702426871799227,0.010834747033794686,3184.044384765625,3081.4464013671877,3149.305276920138,-14.392745265462054,84.70169432206967,37.31343148795545,-1.141066702131866,25.37518747208982,3303.5916574399093,3064.497112091341,-172.207763671875,102.59798339843746,BUY,LOW
2023-03-01,3113.726318359375,3116.761273918401,3048.7057016935673,3056.063060853009,1669307,0.021989997757103863,0.011475319359690313,3183.00283203125,3085.3797705078123,3145.916804676256,57.66325750636588,68.05557222483367,46.8037831275045,-3.332905202603797,19.633568937151097,3304.6019451132056,3061.403718949294,-124.109619140625,97.62306152343763,BUY,LOW
2023-03-02,3054.6376953125,3099.1956592623837,3051.464878906557,3091.010686559656,1556538,-0.018976819734757178,0.011588786681172832,3176.6134521484373,3087.6889599609376,3137.223556165422,-36.372991247155824,47.73078035582694,40.91980631567952,-9.725798114660847,13.761695526788708,3310.473463189309,3042.753441107566,-217.59423828125,88.92449218749971,BUY,LOW
2023-03-03,3073.6748046875,3088.2516630694918,3063.5126314585646,3084.5729833040723,1043190,0.006232198798637789,0.011585154556991543,3170.1688598632813,3090.5380615234376,3131.1712941199057,-10.898178616572295,24.739031610927213,43.389095242583394,-13.10500978376922,8.388354464677123,3310.6570472862563,3029.6806724403064,-146.22705078125,79.63079833984375,BUY,LOW
2023-03-06,3100.989013671875,3131.429952365279,3089.1711657538017,3091.838118627816,1334132,0.008886499294824324,0.011780927868641657,3166.1177368164062,3094.4972509765626,3128.296791220093,9.15089504405887,42.25878661147726,46.823281444492096,-13.424284194900792,4.025826732761541,3309.646149099961,3022.5893245328516,-106.17626953125,71.6204858398437,BUY,LOW
2023-03-08,3118.04833984375,3123.1985804357114,3063.2821839352623,3093.769147404515,1844590,0.005501253341002599,0.01182857841101393,3162.3401611328127,3098.356103515625,3127.32074823187,24.279192439234976,59.91639650044908,48.90794070373712,-12.160586740396866,0.7885440381298596,3306.750703884602,3017.9296183810234,-55.732666015625,63.98405761718777,BUY,LOW
2023-03-09,3068.80078125,3113.0827998019863,3063.28276151623,3113.0827998019863,1648500,-0.015794353783565085,0.011720982356742744,3153.9136962890625,3101.11130859375,3121.74741804312,-44.28201855198631,49.80003828575627,43.59475165574083,-14.960508374797882,-2.361266444455689,3299.5008152470546,3008.3265773310704,-59.50244140625,52.80238769531252,BUY,LOW
2023-03-10,3063.420166015625,3069.168102382361,3025.713703449837,3046.774052486052,1024404,-0.001753328292683598,0.011552662877328885,3144.264050292969,3103.8020654296874,3116.192441659549,16.646113529573086,43.45439893252433,43.044544889508735,-17.412911914751476,-5.371595538514846,3286.951601830232,3001.576498755706,-76.149169921875,40.46198486328149,BUY,LOW
2023-03-13,3018.310791015625,3099.103887099542,3009.1601197869472,3065.2599875458113,1901233,-0.014725167477979584,0.01183188733402736,3132.5106811523438,3105.3811083984374,3106.8703796934606,-46.94919653018633,89.9437673125949,38.64138952013324,-22.734341617966038,-8.844144754405086,3276.0336303020354,2988.987732002652,-108.98095703125,27.12957275390636,BUY,LOW
2023-03-14,2956.6923828125,3038.956801633835,2951.5881705094835,3016.5169482934,2670334,-0.02041486529039349,0.012132942232776502,3120.21240234375,3105.9444970703125,3092.567713323845,-59.82456548090022,87.3686311243514,33.587235245502285,-31.559900682352236,-13.387295939994516,3278.9327002731115,2961.4921044143885,-107.509765625,14.267905273437464,BUY,LOW
2023-03-15,2941.932373046875,2998.4462760881806,2935.586739643008,2988.927601453564,1780522,-0.004992068113485959,0.011947322920968872,3106.362194824219,3106.1272705078127,3078.221490440324,-46.995228406688966,62.85953644517258,32.49096110251605,-39.292292173561236,-18.56829518670786,3276.162911352514,2936.5614782959237,-104.79638671875,0.23492431640625,BUY,LOW
2023-03-16,2929.14892578125,2961.1534864223922,2917.1932158801023,2950.301335606358,1901060,-0.004345255309993967,0.011699938885719352,3090.927844238281,3105.1569384765626,3064.024103329936,-21.152409825107952,43.96027054228989,31.531053526541612,-45.92242042092812,-24.039120233551913,3266.151262090544,2915.704426386018,-184.577392578125,-14.229094238281505,SELL,LOW
2023-03-17,2923.90673828125,2962.62470874156,2891.4423439035454,2897.420198622175,6739966,-0.0017896623329255457,0.01114755118271079,3073.511584472656,3104.0224169921876,3050.6795923729187,26.48653965907488,71.18236483801456,31.12496106499806,-51.011813117058864,-29.433658810253306,3242.3159598619045,2904.7072090834076,-130.73095703125,-30.510832519531505,SELL,LOW
2023-03-20,2890.798828125,2915.031998513119,2846.424749516427,2915.031998513119,2289468,-0.011323175846474354,0.010964813833703032,3057.056433105469,3102.2895751953124,3035.452852920736,-24.233170388119106,68.6072489966923,28.618095338331784,-57.05898469353451,-34.95872398690955,3229.6907202631974,2884.4221459477403,-182.8759765625,-45.23314208984357,SELL,LOW
2023-03-21,2856.586669921875,2903.1678589753687,2848.631390837733,2890.798344143033,1815297,-0.011834845742384359,0.011054423852116529,3039.5275024414063,3101.6628515625,3018.417978349416,-34.211674221157864,54.53646813763589,26.2640374817433,-63.875727355768504,-40.74212466068134,3218.7051664405935,2860.349838442219,-244.40234375,-62.13534912109344,SELL,LOW
2023-03-22,2879.302734375,2890.9824978748425,2856.586931436793,2878.612981910102,1123939,0.00795217057207176,0.0114009160146374,3024.8035888671875,3099.54091796875,3005.16890749471,0.6897524648979925,34.39556643804963,30.360146965353906,-66.67644393127784,-45.92898851480064,3205.820315654603,2843.786862079772,-238.74560546875,-74.73732910156241,SELL,LOW
2023-03-23,2873.646484375,2893.603500974921,2851.896380891422,2864.679702784,1372218,-0.0019644513001262354,0.01119000014857493,3012.070751953125,3097.9092529296877,2992.64296243569,8.9667815910002,41.707120083499376,29.91453722132215,-68.56210285589304,-50.455611383019125,3197.9357945031134,2826.205709403137,-195.154296875,-85.8385009765625,SELL,LOW
2023-03-24,2869.830078125,2915.3537406365167,2856.4948638539495,2895.9486148857454,1329577,-0.0013280708920707651,0.011063229635942286,2998.5837890625,3095.4405078125,2980.946497263243,-26.118536760745428,58.85887678256722,29.598864866123876,-69.5625791175612,-54.27700492992754,3184.6308945080546,2812.536683616945,-193.590087890625,-96.85671875000025,SELL,LOW
2023-03-27,2871.4853515625,2899.4892548960856,2856.494687402186,2883.1651142967976,1524217,0.0005767844758883811,0.011119535864231365,2985.7934692382814,3092.90326171875,2970.521626244125,-11.679762734297583,42.99456749389947,29.944166313187708,-69.42164749146013,-57.305933442234064,3169.850012565735,2801.7369259108277,-146.825439453125,-107.10979248046851,SELL,LOW
2023-03-28,2865.599365234375,2896.5463922339063,2860.3112632842117,2875.807790984465,1303530,-0.002049805451705411,0.01046858645516451,2975.863330078125,3089.5253125,2960.529029957482,-10.2084257500901,36.23512894969463,29.39210961728878,-68.98963846024662,-59.64267444583658,3163.32564847678,2788.40101167947,-91.093017578125,-113.66198242187511,SELL,LOW
2023-03-29,2886.75244140625,2896.9608695199026,2854.748100947005,2877.6477970564365,1740616,0.0073817283841228765,0.010715982771410162,2967.8645141601564,3085.935859375,2953.502688190698,9.104644349813498,42.21276857289786,34.09463544908763,-66.17753826014041,-60.94964720869735,3156.19922913873,2779.529799181583,-55.179931640625,-118.0713452148434,SELL,LOW
2023-03-31,2948.36962890625,2954.8993749774395,2898.7995113379675,2933.7009389751283,2382581,0.021344811774016925,0.01063863093984537,2959.5966796875,3082.7629931640627,2953.013825401703,14.668689931121662,56.099863639472005,45.48433546488558,-58.30483467589556,-60.420684702136995,3135.7142922194516,2783.4790671555484,19.220703125,-123.16631347656266,SELL,LOW
2023-04-03,2942.94384765625,2965.889568062685,2918.8025114059446,2965.889568062685,1521830,-0.0018402649372062374,0.009922197484076023,2954.0119873046874,3079.2682421875,2952.054779902136,-22.945720406435157,47.087056656740515,44.75093907993873,-51.90514536144883,-58.71757683399936,3124.720987420787,2783.302987188588,19.037109375,-125.25625488281275,SELL,LOW
2023-04-05,2979.546875,3002.1248181336805,2929.60874969603,2929.60874969603,2655065,0.012437555467767591,0.0102776972873853,2949.3055908203123,3076.8164013671876,2954.673074673361,49.93812530397008,72.51606843765057,50.54432493308646,-43.37973251659514,-55.650007970518516,3111.5385411549787,2787.072640485646,88.748046875,-127.51081054687529,SELL,LOW
2023-04-06,2961.98095703125,2995.686995347432,2956.7388832326774,2965.935582713961,1703464,-0.0058954997876145,0.010019443471765102,2942.355187988281,3074.197177734375,2955.3690634693503,-3.9546256827111392,38.94811211475462,47.94597161444695,-37.60719189187694,-52.0414447547902,3089.177729187867,2795.5326467886953,105.394287109375,-131.841989746094,SELL,LOW
2023-04-10,3001.250244140625,3009.1594939913457,2956.738316987218,2961.3366658472287,2203187,0.013257778385156849,0.010474745273342046,2936.515283203125,3071.4105712890623,2959.7386997237572,39.91357829339631,52.42117700412791,53.67884129509569,-29.523381412026538,-47.53783208623747,3062.7711720113766,2810.259394394873,121.947509765625,-134.8952880859374,SELL,LOW
2023-04-11,2955.63525390625,3010.033640232757,2935.7242652855402,3001.8026392985266,2348779,-0.015198662731783052,0.010433789971523895,2930.8570068359377,3067.318046875,2959.3478953601852,-46.16738539227663,74.30937494721684,47.17896111578333,-26.492265511614733,-43.32871877131292,3042.148107783893,2819.5659058879824,81.98876953125,-136.46104003906248,SELL,LOW
2023-04-12,2981.248046875,2998.997722073373,2942.0242127497345,2968.6486132828945,2417727,0.008665748906228954,0.010694422505857329,2926.748400878906,3063.8582470703127,2961.4336240758817,12.59943359210547,56.97350932363861,50.78270559576038,-21.77236768316834,-39.017448553684005,3023.244202484321,2830.2525992734913,111.41796875,-137.10984619140663,SELL,LOW
2023-04-13,2932.689208984375,2970.5335324422176,2924.550041227942,2952.1401359565075,4174070,-0.016288090466516247,0.010802814108880454,2922.467321777344,3059.7712353515626,2958.6960607338337,-19.450926972132493,45.983491214275546,44.573703576517396,-21.69996337371549,-35.55395151769031,3009.464181243971,2835.470462310717,61.203857421875,-137.30391357421877,SELL,LOW
2023-04-17,2887.303466796875,2909.283486192707,2823.6163302860664,2882.3373394653017,5505048,-0.0154758104092515,0.010393532652039362,2918.9978759765627,3054.3608154296876,2951.896766073171,4.9661273315732615,85.6671559066408,39.68926289781686,-25.01645836703665,-33.44645288755958,3005.792655308292,2832.2030966448333,21.7041015625,-135.3629394531249,SELL,LOW
2023-04-18,2879.256591796875,2903.260066434997,2860.725332786317,2901.51255887594,2617302,-0.002786986228685895,0.010362116901555089,2915.8640869140627,3050.1680419921877,2944.9786542373336,-22.255967079065158,42.53473364868023,38.875854662011484,-27.971679990099346,-32.351498308067534,3003.6406605893176,2828.087513238808,-7.495849609375,-134.303955078125,SELL,LOW
2023-04-19,2841.411865234375,2887.7631327122667,2824.76575226934,2879.2561871780026,3298034,-0.013143922868952052,0.010692017959960706,2911.4772338867188,3044.3051318359376,2935.115150522766,-37.84432194362762,62.9973804429269,35.220009444674176,-32.987211528936314,-32.47864095224129,3004.756804222868,2818.1976635505694,-106.957763671875,-132.82789794921882,SELL,LOW
2023-04-20,2855.39111328125,2862.9323614573923,2830.7439153761175,2841.7799540325545,2419999,0.0049198246188508765,0.010786144192327624,2908.0514526367188,3037.7644482421874,2927.5223850711927,13.611159248695458,32.18844608127483,37.555951291399,-35.425682702019,-33.06804930219683,3004.2406744987397,2811.8622307746978,-87.552734375,-129.71299560546868,SELL,LOW
2023-04-21,2906.93896484375,2910.249642075821,2851.7127372827904,2860.173656247601,1929184,0.018052816415494277,0.011312288073025971,2908.8584594726562,3031.85189453125,2925.562059335246,46.765308596149225,58.53690479303077,45.377679709514226,-32.82037500412616,-33.0185144425827,3004.725441680283,2812.9914772650295,-72.60791015625,-122.9934350585936,SELL,LOW
2023-04-24,2919.76806640625,2925.4239465242517,2875.02599070183,2897.9719345104572,1640676,0.004413268292748462,0.01097025136737418,2912.017529296875,3026.6070263671877,2925.010250484865,21.79613189579277,50.397955822421864,47.151915306819305,-29.38175403350806,-32.29116236076777,3004.90399384958,2819.1310647441705,-42.212890625,-114.58949707031252,SELL,LOW
2023-04-25,2920.87158203125,2934.8505195080106,2894.66099006403,2927.3092712863568,2024090,0.0003779463299489194,0.01085323964760888,2914.0959716796874,3021.1524609375,2924.6160915845207,-6.437689255106761,40.18952944398052,47.310453000349376,-26.26481323420876,-31.08589253545597,3005.8142517265487,2822.377691632826,-80.378662109375,-107.0564892578127,SELL,LOW
2023-04-26,2941.242431640625,2950.6690488552285,2925.4701814296627,2925.4701814296627,2000029,0.006974236640423737,0.010918436958796691,2917.4757690429688,3015.2307080078126,2926.199552542245,15.772250210962284,25.198867425565822,50.275870275038585,-21.898426448435202,-29.248399318051817,3007.9561792262043,2826.995358859733,-14.392822265625,-97.75493896484386,SELL,LOW
2023-04-27,2931.861572265625,2942.207858497585,2915.9512383098318,2929.1485910038896,2434446,-0.0031894206591353003,0.010949187141493052,2920.57734375,3008.739677734375,2926.7387925159,2.712981261735422,26.25662018775347,48.910710489553814,-18.976244085525195,-27.193968271546495,3008.529566340081,2832.625121159919,-49.386474609375,-88.16233398437498,SELL,LOW
2023-04-28,2960.647216796875,2968.0045757265557,2939.4948098740424,2943.311350007304,2931312,0.009818214066977804,0.011118450898749526,2925.035437011719,3002.88505859375,2929.968166256945,17.3358667895709,28.509765852513283,53.117516757532314,-14.17424074359542,-24.590022765956284,3011.6103137498635,2838.460560273574,27.9580078125,-77.84962158203098,SELL,LOW
2023-05-02,2960.78515625,2975.1320963561516,2952.1403490891025,2975.1320963561516,2321159,4.6590979277283395e-05,0.011092193519727704,2929.7947265625,2998.0476025390626,2932.9031176848553,-14.346940106151578,22.99174726704905,53.13743018308927,-10.239453886921183,-21.719908990149264,3013.183485358699,2846.405967766301,73.481689453125,-68.25287597656279,SELL,LOW
2023-05-03,2924.458251953125,2957.658425458373,2918.2504800713327,2957.658425458373,2468285,-0.01226934829100701,0.011427112250659002,2931.6800170898437,2992.158037109375,2932.098844758024,-33.20017350524813,39.4079453870404,47.4244555602272,-9.937827445836774,-19.36349268128677,3012.764144649049,2850.5958895306385,45.20166015625,-60.478020019531414,SELL,LOW
2023-05-04,2961.98095703125,2965.429719336731,2922.711095151928,2924.688295728886,1953253,0.012830651643963575,0.010756899581903658,2932.3605834960936,2986.6409375,2934.944760212617,37.292661302364195,42.71862418480305,53.040559015233036,-6.594994616010808,-16.809793068231578,3014.2184103867103,2850.502756605477,120.569091796875,-54.28035400390627,SELL,LOW
2023-05-05,2971.177734375,2983.409389911408,2952.186639259988,2961.3373105779083,1710027,0.003104941414939999,0.010762303051672122,2933.7722778320312,2980.619853515625,2938.3955196566535,9.840423797091717,31.22275065142003,54.32828902879018,-3.16716335592173,-14.081267125769608,3017.2688971892003,2850.275658474862,115.78662109375,-46.84757568359373,SELL,LOW
2023-05-08,2989.478759765625,2993.387356439256,2971.7290876125603,2984.3285190429833,928235,0.006159518893431137,0.010484775005189153,2934.2688720703127,2976.0113916015625,2943.260590143222,5.1502407226416835,21.658268826695803,56.86326366485667,1.014463313268152,-11.062121037962058,3018.9581789362423,2849.579565204383,82.539794921875,-41.742519531249854,SELL,LOW
2023-05-09,3019.506591796875,3033.0717245857286,2985.248883567397,2991.318795508172,1107375,0.010044504224410167,0.010600741684671492,2937.145153808594,2972.2582177734375,2950.5221141102365,28.187796288702884,47.822841018331474,60.71604837665062,6.674488320815726,-7.514799166206501,3029.0074885989734,2845.2828190182145,99.738525390625,-35.113063964843604,SELL,LOW
2023-05-10,3022.77099609375,3040.888447761684,3003.687846149381,3025.713894793873,1559987,0.0010811052063086635,0.010202839498070666,2938.22119140625,2969.238017578125,2957.402960013428,-2.942898700122896,37.20060161230276,61.12257555942217,11.293326623108442,-3.753174008343513,3033.502467518644,2842.939915293856,101.8994140625,-31.016826171874982,SELL,LOW
2023-05-11,3018.49462890625,3043.831580870088,3009.160068749002,3043.1878568124844,1719623,-0.001414717553207434,0.009537038027694834,2941.36416015625,2967.041845703125,2963.221214193697,-24.69322790623437,34.671512121085925,60.24307267388381,14.442240997434055,-0.11409100718799925,3042.690975987078,2840.0373443254216,77.252197265625,-25.677685546875182,SELL,LOW
2023-05-12,3011.275146484375,3025.7139187593248,2998.1238222356833,3015.7354107050955,1027479,-0.002391749302032342,0.009394561305357442,2942.865515136719,2964.4759619140623,2967.7977791737617,-4.460264220720546,27.590096523641478,58.70724295892326,16.168842083295203,3.1424956109086417,3047.3522207849514,2838.3788094884862,79.41357421875,-21.61044677734344,SELL,LOW
2023-05-15,2993.572021484375,3027.5537847027813,2987.4102770956342,3020.1964243511343,1150390,-0.0058789463396157204,0.008673712298097935,2945.9096557617186,2961.8015673828127,2970.25246891763,-26.624402866759283,40.14350760714706,55.00418714312237,15.925116813434215,5.699019851413757,3052.558251647725,2839.2610598757124,32.9248046875,-15.891911621094096,SELL,LOW
2023-05-16,2996.42236328125,3021.115589647415,2989.3409500316684,2994.6290519009144,986306,0.0009521540742694068,0.007754108113972698,2951.3656005859375,2960.4459716796873,2972.7448398094034,1.793311380335581,31.774639615746764,55.490984542488796,15.780058847185956,7.715227650568197,3056.6187398072957,2846.1124613645793,35.63720703125,-9.080371093749818,SELL,LOW
2023-05-17,2950.9443359375,3016.516835218581,2941.3338317798252,2994.398732420451,1588815,-0.015177442239467487,0.008596271574132997,2954.949987792969,2958.530283203125,2970.6686013454123,-43.45439648295087,75.1830034387558,46.792531057411146,11.858702887835534,8.543922698021664,3054.8845946737847,2855.015380912153,26.486083984375,-3.5802954101559408,SELL,LOW
2023-05-18,2942.805908203125,2969.56816838411,2938.3454192418985,2966.809158600784,1369364,-0.0027579062184477365,0.00797094870990798,2960.0196899414063,2955.111875,2968.0150115223373,-24.00325039765903,31.22274914221134,45.42040444182274,8.00205423559828,8.435549005536988,3045.6668312358947,2874.372548646918,-19.175048828125,4.907814941406286,BUY,LOW
2023-05-19,2963.95849609375,2974.672561589856,2945.7489855149392,2952.1406469944154,1152449,0.007187897724298287,0.008033784800939478,2965.4480590820312,2953.298291015625,2967.6286767196148,11.81784909933458,28.923576074916582,49.560374364964005,6.5766578385323555,8.063770772136062,3036.3792868579912,2894.5168313060713,-7.21923828125,12.149768066406068,BUY,LOW
2023-05-22,3033.715087890625,3042.6818695151333,2958.6241295338236,2970.533809965233,1333243,0.02353494216899743,0.008681396893697114,2971.786865234375,2952.4990966796877,2973.9226206406634,63.181277925391896,84.05773998130962,60.264515257686945,10.949575017351435,8.640931621179137,3043.32658736698,2900.24714310177,44.236328125,19.287768554687318,BUY,LOW
2023-05-23,3032.197998046875,3060.6157110445483,3025.806336495552,3040.4289995858485,1687418,-0.0005000765727162237,0.00868416349020472,2977.4083618164063,2951.1232763671874,2979.4726565841124,-8.231001538973487,34.8093745489964,59.966458417126695,14.129846836384331,9.738714664220176,3049.3822241190255,2905.434499513787,12.69140625,26.28508544921897,BUY,LOW
2023-05-24,3037.991943359375,3050.729237970391,3012.838879386915,3012.838879386915,1016555,0.0019108070502757979,0.008676536675864101,2983.2643798828126,2949.5221484375,2985.04592199128,25.15306397246013,37.89035858347597,60.76457000533556,16.922683963559393,11.17550852408802,3054.9432306074104,2911.5855291582147,15.220947265625,33.74223144531243,BUY,LOW
2023-05-25,3028.93310546875,3040.428980318715,3004.6539075971464,3029.392940462749,1374917,-0.002981850531376895,0.008661921426913965,2987.6489135742186,2948.724794921875,2989.2256537510393,-0.4598349939988111,35.77507272156845,58.79108487381055,18.195310781740318,12.57946897561848,3059.237451560054,2916.060375588383,10.4384765625,38.92411865234362,BUY,LOW
2023-05-26,3061.4892578125,3070.4560399745756,3026.6338559375918,3028.9330308509448,1791115,0.010748389353653742,0.008823487051103966,2994.1302978515623,2948.6861767578125,2996.1079017568927,32.55622696155524,43.8221840369838,63.39256920210748,21.582101088001764,14.379995398095138,3067.784348654866,2920.4762470482588,50.214111328125,45.4441210937498,BUY,LOW
2023-05-29,3053.6259765625,3101.126836063768,3045.946643251246,3090.8265783111865,1210372,-0.0025684497275089146,0.008694562927853018,2998.7792358398438,2949.39248046875,3001.585813643141,-37.200601748686495,55.180192812522364,61.60333812475918,23.36234910757412,16.176466139990936,3075.08252879455,2922.4759428851376,60.053955078125,49.38675537109384,BUY,LOW
2023-05-30,3049.8095703125,3059.6960226867827,3036.152605703449,3048.7060112322947,1344224,-0.001249794925538339,0.008711436345763306,3003.2304565429686,2951.25482421875,3006.178552373556,1.1035590802052866,23.543416983333827,60.707751295847224,24.186450059004528,17.778462923793654,3080.5288914769435,2925.9320216089936,53.38720703125,51.97563232421862,BUY,LOW
2023-05-31,3025.25390625,3060.3852488556463,3002.859856074551,3043.1874679377565,5815424,-0.00805154010320186,0.00840578440450516,3008.2702392578126,2952.9212548828127,3007.9952527427413,-17.933561687756537,57.525392781095434,55.151957115723405,22.597627744637975,18.74229588796252,3077.0411984499083,2939.499280065717,74.3095703125,55.34898437499987,BUY,LOW
2023-06-01,3056.982666015625,3071.6973840229207,3032.611414316042,3047.7859672610653,1177314,0.010487965886127881,0.008257965832714124,3013.0203247070312,2955.4779296875,3012.660720673492,9.196698754559748,39.085969706878586,60.218060532050984,23.626370268877963,19.71911076414561,3081.4690803963636,2944.571569017699,114.1767578125,57.54239501953134,BUY,LOW
2023-06-02,3040.06103515625,3067.926854638959,3032.5655904484856,3059.0521295537624,2030661,-0.00553540294732191,0.008400530990787771,3016.464489746094,2957.801015625,3015.270274433755,-18.99109439751237,35.36126419047332,56.54920300237602,22.813245052433103,20.33793762180311,3083.051745248429,2949.8772342437587,76.1025390625,58.663474121093714,BUY,LOW
2023-06-05,3024.7021484375,3059.741660328517,3021.1615541519814,3048.7056218782786,1861468,-0.005052163933925935,0.008424800485906173,3018.2256591796877,2960.47908203125,3016.1685481483973,-24.003473440778635,38.58010617653554,53.37079283238215,20.690990799279007,20.40854825729829,3083.7190298660803,2952.732288493295,-9.012939453125,57.74657714843761,BUY,LOW
2023-06-06,2972.6494140625,3024.656797960872,2961.889319866343,3016.517628572255,2022849,-0.017209209971927097,0.00900425557184391,3015.8828002929686,2962.8003369140624,3012.0238687116453,-43.868214509755035,62.767478094529,44.285941413460755,14.64010633969383,19.2548598737774,3084.3118607785227,2947.4537398074144,-59.548583984375,53.08246337890614,BUY,LOW
2023-06-07,3011.8271484375,3015.460024506568,2980.65042571226,2991.6864655482823,1567196,0.013179399558409077,0.009524622961339177,3015.3356079101563,2965.4508251953125,3012.005133447441,20.140682889217715,34.80959879430793,51.040973287230564,12.857835430164869,17.975454985054892,3083.7105949670986,2946.960620853214,-26.164794921875,49.88478271484382,BUY,LOW
2023-06-08,2976.465576171875,3007.320545945049,2973.2927599511754,2999.0435169195125,1759366,-0.011740903618579268,0.009871032372181624,3013.2341552734374,2967.50720703125,3008.6204137069108,-22.577940747637513,34.02778599387375,45.65983806498012,8.49407513022561,16.079179014089036,3083.6447683444508,2942.823542202424,-52.467529296875,45.72694824218752,BUY,LOW
2023-06-09,2951.496826171875,2988.9273483672064,2947.8641747619263,2984.3289986004875,1775689,-0.008388724600038255,0.010016586255214972,3010.2452392578125,2969.1405419921875,3003.1800720369074,-32.832172428612466,41.0631736052801,42.271024695612724,2.986566916538777,13.460656594578984,3085.6339119817317,2934.8565665338933,-109.992431640625,41.104697265624964,BUY,LOW
2023-06-12,2986.075927734375,2992.9734515668288,2953.059870134538,2956.7385495118465,2324605,0.01171578476923174,0.010329102284715366,3009.8704345703127,2971.432353515625,3001.5511059128567,29.337378222528514,39.91358143229081,48.02430075410911,1.3959795014957308,11.047721175962334,3085.6604203638094,2934.080448776816,-67.550048828125,38.4380810546877,BUY,LOW
2023-06-13,2983.133544921875,3002.7225608987374,2978.811140811948,2998.124210882047,1371928,-0.0009853677145886808,0.010328049444750496,3009.2059936523438,2973.783037109375,2999.7970524851444,-14.99066596017201,23.91142008678935,47.589686107650486,-0.10083581443905132,8.818009777882057,3085.6857828059497,2932.726204498738,-66.676025390625,35.42295654296868,BUY,LOW
2023-06-14,2989.893310546875,2994.307771618209,2966.7176705833945,2983.1336459818185,1658544,0.0022659949758223608,0.009712334172295597,3011.1534423828125,2975.8458544921873,2998.853838967214,6.759664565056482,27.590101034814325,48.73747094396482,-0.7331646780403389,6.907774886697578,3083.470105169191,2938.836779596434,-35.360595703125,35.3075878906252,BUY,LOW
2023-06-15,2979.93310546875,3008.793791293159,2974.0960492911586,3006.8018859763647,2273810,-0.0033312911343660323,0.009723919455795862,3013.009802246094,2976.4771240234377,2997.051864348313,-26.8687805076147,34.69774200200027,47.1006836009772,-2.0147701508772116,5.123265879182621,3079.91705320223,2946.102551289958,-77.049560546875,36.53267822265616,BUY,LOW
2023-06-16,2941.575439453125,2964.2749262033685,2924.0644972966825,2962.0513934909673,4156189,-0.012871988953453761,0.01004566712804258,3011.8906494140624,2976.449755859375,2991.7683953106757,-20.475954037842257,40.21042890668605,41.3423944242345,-6.05578745248431,2.8874552128492352,3082.678626703564,2941.1026721245607,-98.485595703125,35.44089355468759,BUY,LOW
2023-06-19,2974.46630859375,2978.6356017646413,2941.667959462191,2955.565603365162,1468186,0.011181378760335203,0.008804036081979976,3008.9282104492186,2976.34814453125,2990.1205775281114,18.900705228587867,36.96764230245026,47.292769197527136,-6.529041789221537,1.0041558124350807,3080.766143217785,2937.090277680652,-50.23583984375,32.58006591796857,BUY,LOW
2023-06-20,2990.4951171875,2994.942408695361,2965.803725782431,2977.8019803702673,1528452,0.005388801529686127,0.008917577221467831,3006.84306640625,2976.918427734375,2990.1562479718627,12.693136817232698,29.138682912930108,49.95701198242579,-5.546768669052653,-0.3060290838624662,3078.2780470824746,2935.408085730025,17.845703125,29.924638671874618,BUY,LOW
2023-06-21,3018.75341796875,3021.718203335577,2987.020465383,3011.156084779186,1645987,0.009449371984872723,0.009186961684662898,3005.881140136719,2977.2684912109376,2992.879787971566,7.597333189563869,34.69773795257697,54.339067353017455,-2.459747003531902,-0.7367726677963534,3076.1205595776632,2935.6417206957744,6.92626953125,28.612648925781286,BUY,LOW
2023-06-22,3000.50146484375,3027.509130331622,2992.7188743583506,3020.421422075228,1529603,-0.006046188806398511,0.009259703039943728,3004.4595581054687,2978.1658154296874,2993.6056619593933,-19.919957231477838,34.79025597327154,51.21934034061657,-1.4691052413318175,-0.8832391825034462,3073.9217926047454,2934.997323606192,24.035888671875,26.293742675781232,BUY,LOW
2023-06-23,2979.97900390625,3010.599962776281,2973.3079543613294,2999.3893332328184,1119505,-0.0068396770266428986,0.008972871268942051,3000.3840454101564,2978.1404345703127,2992.307885001951,-19.410329326568444,37.2920084149514,47.890029864267795,-2.3133388615015065,-1.1692591183030583,3065.4066951851355,2935.3613956351774,28.482177734375,22.243610839843768,BUY,LOW
2023-06-26,2955.2412109375,2977.7090684012846,2939.8149168077966,2969.463223564131,1978803,-0.008301331296738268,0.009105771820188324,2995.464807128906,2978.591474609375,2988.7777255672413,-14.222012626631113,37.894151593488004,44.16353646969573,-4.921797816560684,-1.9197668579545835,3058.486897041635,2932.4427172161772,-30.834716796875,16.873332519531232,BUY,LOW
2023-06-27,2962.37548828125,2973.771375126299,2948.431473899292,2966.683667337439,863542,0.002414109994590463,0.009149868843755932,2991.0931030273437,2980.0929150390625,2986.263226778099,-4.308179056189147,25.339901227006976,45.48111329635683,-6.3402572346517445,-2.8038649332940158,3050.4534144923805,2931.732791562307,-20.758056640625,11.00018798828114,BUY,LOW
2023-06-28,2979.145263671875,2993.506162547034,2958.7156816452284,2972.242812355477,1575872,0.005660921600574964,0.009140037800869997,2988.7876708984377,2982.0906884765627,2985.585325529887,6.902451316398128,34.790480901805495,48.55416725687722,-6.041572334649118,-3.451406413565036,3046.211921748682,2931.3634200481933,-10.748046875,6.696982421874964,BUY,LOW
2023-06-30,3059.56640625,3066.746855836929,2977.8946733632847,2983.3609896661364,2672406,0.026994703332795522,0.010800560067957739,2988.916857910156,2986.453779296875,2992.6311427413266,76.20541658386355,88.85218247364446,60.153666678073975,0.6766516796728865,-2.625794794917452,3046.9624626736736,2930.8712531466385,79.63330078125,2.463078613281141,BUY,LOW
2023-07-03,3031.8173828125,3074.900078835827,3028.5282285215303,3070.7307856722796,1687264,-0.009069593449848035,0.010925755927374313,2988.504675292969,2989.9823046875,2996.3631656052476,-38.91340285977958,46.37185031429681,55.50346992011004,3.7189090613528606,-1.3568540236633895,3045.1929305886315,2931.816419997306,90.241943359375,-1.47762939453105,SELL,LOW
2023-07-04,3065.681640625,3071.3795846691332,3036.450215024391,3048.216842703303,1656681,0.011169623211634727,0.011137235425970428,2990.5536499023438,2993.157158203125,3002.9649251309384,17.464797921697027,34.92936964474211,59.60731097210529,8.761485592596728,0.6668138995886341,3054.7873675577084,2926.319932246979,91.21533203125,-2.6035083007814137,SELL,LOW
2023-07-05,3075.966064453125,3084.351023108038,3062.1147886368476,3076.0124351813415,1453008,0.003354694007309922,0.01031243158012344,2995.719482421875,2996.2811181640627,3009.9174145901943,-0.046370728216516,22.236234471190528,60.790036344296155,13.432786079517882,3.2200083355744837,3069.3005327067576,2922.1384321369924,85.470947265625,-0.5616357421877183,SELL,LOW
2023-07-06,3078.698486328125,3083.8406595588453,3059.334527255893,3063.5501909386862,1848238,0.0008883134006505422,0.009956172167690638,2999.0630493164062,2999.43765625,3016.4679928509495,15.148295389438772,24.50613230295221,61.115803092065384,17.15752768090033,6.007512204639653,3080.8839808661864,2917.242117766626,59.945068359375,-0.3746069335938955,SELL,LOW
2023-07-07,3084.58203125,3110.199930757501,3059.334645096493,3059.334645096493,1789326,0.001911049408704013,0.009482925559080434,3004.4688720703125,3002.3044482421874,3022.9550441270494,25.247386153506795,50.865285661007874,61.850777151623845,20.349587759159476,8.875927315543617,3093.5662528217963,2915.3714913188287,84.08056640625,2.164423828125109,BUY,LOW
2023-07-10,3031.493408203125,3080.4131662568616,3025.2394676445165,3080.4131662568616,1407431,-0.017210961650243828,0.010163922748400354,3008.468701171875,3004.2970849609374,3023.7682216581043,-48.91975805373659,55.173698612345106,52.25325174656918,18.383595523182976,10.777460957071488,3094.835397917283,2922.1020044264674,51.514404296875,4.171616210937827,BUY,LOW
2023-07-11,3031.90966796875,3052.848873636109,3021.1622932374844,3052.848873636109,1110172,0.00013731178319531523,0.009870141435244123,3010.760388183594,3005.722333984375,3024.5435974972133,-20.939205667359147,31.686580398624756,52.315731152984576,16.666994458940735,11.95536765744534,3097.0610690250805,2924.4597073421073,76.66845703125,5.038054199219005,BUY,LOW
2023-07-12,3020.32861328125,3047.429019608131,3011.2489999836316,3039.8316859801516,1515240,-0.0038197228663672256,0.009917480802973933,3012.6201416015624,3006.913203125,3024.1421704290265,-19.503072698901633,36.18001962449944,50.34198283534064,14.208297018051326,12.405953529566537,3098.058039955769,2927.182243247356,57.953125,5.7069384765623,BUY,LOW
2023-07-13,3095.051513671875,3119.974530016401,3032.234121121169,3042.657353528965,4585146,0.0247399902322043,0.01128693394511396,3017.8780517578125,3010.325068359375,3030.8954412140597,52.394160142910096,87.74040889523167,60.65600803203309,18.08085037024739,13.540932897702708,3109.7732989072692,2925.9828046083558,115.90625,7.552983398437391,BUY,LOW
2023-07-14,3256.357177734375,3265.807757491409,3105.660467771408,3117.7050936905694,6306101,0.052117279260121885,0.01585026247682997,3031.699255371094,3016.2125927734373,3052.3679875493276,138.65208404380564,160.14728972000103,73.46745738752216,33.77654086632401,17.58805449142697,3168.692425591045,2894.706085151143,196.790771484375,15.486662597656505,BUY,MEDIUM
2023-07-17,3235.09375,3289.0165672292546,3221.520473895772,3252.0489220985337,2743228,-0.006529820463113012,0.015543578499959458,3046.3751708984373,3021.4909130859373,3069.7704411160585,-16.955172098533694,67.4960933334828,70.22138947607583,43.992588576846174,22.868961308510812,3203.075529387481,2889.674812409394,203.2763671875,24.884257812499982,BUY,MEDIUM
2023-07-18,3239.865234375,3265.0198799170403,3210.3558126880093,3220.5474184425743,2600090,0.001474913787274268,0.015487891404310058,3059.6451171875,3026.498642578125,3085.9699452359578,19.317815932425674,54.664067229030934,70.53598994074066,51.8759057523057,28.67035019726979,3233.7259618826506,2885.5642724923496,174.18359375,33.14647460937522,BUY,MEDIUM
2023-07-19,3215.034912109375,3258.3956097228456,3192.42794053721,3242.7838313695074,2405370,-0.007663998490485047,0.01571709207961716,3070.872106933594,3030.409208984375,3098.26184684295,-27.748919260132425,65.96766918563571,66.59324535538101,55.48034899106506,34.032349956028845,3254.373639537311,2887.3705743298765,139.06884765625,40.46289794921904,BUY,MEDIUM
2023-07-20,3217.125,3231.615999345678,3191.8119589657226,3207.6500721995853,1715404,0.0006500980386721089,0.01567199842337615,3080.7906860351563,3034.2962890625,3109.5821471436216,9.474927800414662,39.804040379955495,66.76166548942504,57.838818950130644,38.79364375484921,3273.180939999624,2888.4004320706886,138.426513671875,46.49439697265643,BUY,MEDIUM
2023-07-21,3128.8779296875,3190.743799344201,3120.2854288918306,3162.0867841140066,3770223,-0.027430413898278716,0.01701520962647951,3087.209509277344,3036.503955078125,3111.419840719229,-33.208854426506605,70.45837045237022,54.31157404179881,51.98783887660511,41.432482779200384,3277.0052137750104,2897.4138047796773,44.2958984375,50.70555419921902,BUY,MEDIUM
2023-07-24,3153.447509765625,3170.8182482458337,3132.4075869016933,3140.6748745909354,1680132,0.007852521137051482,0.0169198119788549,3095.8829345703125,3039.34740234375,3115.4224758665046,12.77263517468964,38.41066134414041,56.730957910906014,48.77125017706521,42.900236258773354,3281.0836756752633,2910.6821934653617,121.9541015625,56.53553222656228,BUY,MEDIUM
2023-07-25,3157.53466796875,3164.641033805337,3139.9316997265273,3156.0020424597774,1272980,0.0012960920359281758,0.016718304068168603,3105.997607421875,3042.6266552734373,3119.4331608286234,1.5326255089726146,24.70933407880966,57.13757323189885,46.02137421297948,43.52446384961458,3281.195371218021,2930.7998436257285,125.625,63.37095214843748,BUY,MEDIUM
2023-07-26,3147.455810546875,3177.692164718962,3144.390332959445,3158.649328138262,1066803,-0.003192002141455097,0.016783401214907734,3115.2516235351563,3045.64732421875,3122.101984611314,-11.193517591386808,33.30183175951697,55.7463480926929,42.538441464295374,43.32725937255074,3278.2547004455387,2952.248546624774,127.127197265625,69.60429931640647,BUY,MEDIUM
2023-07-27,3155.444580078125,3169.1461341109766,3144.437026978076,3153.633233546405,1701769,0.002538167336449959,0.016773497211395073,3124.0665893554688,3049.7373291015624,3125.2774698938674,1.811346531720119,24.7091071329005,56.647388289310065,39.96216019685835,42.654239537412266,3275.3190111697477,2972.81416754119,60.39306640625,74.32926025390634,BUY,MEDIUM
2023-07-28,3116.894287109375,3152.47192520402,3094.228757385738,3144.3903763886888,2599831,-0.012217071791448042,0.01610067969717286,3126.9329833984375,3053.2190966796875,3124.4790715334398,-27.496089279313765,58.24316781828202,51.22704459196168,34.413059933446675,41.00600361661915,3275.333333482998,2978.532633313877,-139.462890625,73.71388671875002,BUY,MEDIUM
2023-07-31,3178.249755859375,3183.0800891327967,3122.0036670222876,3125.254883408398,2743678,0.019684809011248694,0.016429955237887234,3134.254602050781,3057.504921875,3129.600089088291,52.9948724509768,61.07642211050916,58.0990172358708,34.56775598138984,39.71835408957328,3277.5219264435223,2990.98727765804,-56.843994140625,76.74968017578112,BUY,MEDIUM
2023-08-01,3206.674560546875,3214.0594205054076,3172.258069660684,3172.258069660684,1956167,0.008943540272471129,0.0163754931906529,3141.304248046875,3060.964111328125,3136.9405149414897,34.416490886190786,41.8013508447234,60.851036750024605,36.56252783469108,39.087188838596845,3284.256044376785,2998.3524517169644,-33.190673828125,80.34013671874982,BUY,MEDIUM
2023-08-02,3196.084716796875,3201.4260004622265,3170.957642026737,3190.7899244338078,1914899,-0.003302437946242298,0.016422149517087474,3147.3101806640625,3064.241845703125,3142.5732960705736,5.294792363067245,30.468358435489336,59.28869535389131,36.86394243104178,38.64253955708583,3288.863334891606,3005.757026436519,-18.9501953125,83.06833496093759,BUY,MEDIUM
2023-08-03,3158.277587890625,3189.21063084712,3128.59867609207,3176.9024561267456,2026351,-0.01182920111834218,0.016712870145532806,3151.2891357421877,3066.64755859375,3144.0689429105787,-18.62486823612062,60.61195475504974,53.96192223940992,33.664038256959884,37.646839297060644,3289.3344580897287,3013.2438133946466,-58.847412109375,84.64157714843759,BUY,MEDIUM
2023-08-04,3198.779296875,3224.278079893619,3159.485975003795,3159.485975003795,2248493,0.012823986447443758,0.016907189964921878,3156.9989990234376,3070.044482421875,3149.279452811952,39.29332187120508,64.79210488982426,58.28568408884283,34.00426062351835,36.918323562352185,3292.966628958696,3021.031369088179,69.9013671875,86.95451660156277,BUY,MEDIUM
2023-08-07,3236.39990234375,3240.0690865999345,3196.642128515489,3208.439353054858,1853889,0.011760925646074671,0.01641271798906939,3167.2443237304688,3073.5426953125,3157.576638481647,27.960549288891798,43.42695808444569,61.86805580417999,36.88437760766237,36.91153437141423,3294.4366965402633,3040.0519509206742,82.952392578125,93.70162841796855,BUY,MEDIUM
2023-08-08,3223.90625,3241.8806958970467,3210.9013844925967,3236.4001647193836,1634225,-0.003860354937812893,0.01647877654949958,3176.8441528320313,3076.94830078125,3163.893744340538,-12.49391471938361,30.979311404450073,60.02447486188179,37.72390009935498,37.07400751700238,3289.9294913757803,3063.7588142882823,66.37158203125,99.89585205078129,BUY,MEDIUM
2023-08-09,3216.3818359375,3220.5619711755417,3181.593866924947,3218.6111506830484,1794589,-0.0023339431977899006,0.016448777836604544,3186.6468139648437,3080.27974609375,3168.8926102069154,-2.229314745548436,38.96810425059448,58.88637977135372,37.35150548701267,37.129507111004436,3275.0614506790766,3098.2321772506107,68.926025390625,106.3670678710937,BUY,MEDIUM
2023-08-10,3197.431640625,3218.61080881872,3186.2381232080143,3204.770008770933,1096701,-0.005891774136007277,0.015756574137968653,3191.7658203125,3083.72330078125,3171.6106131038755,-7.338368145933146,32.37268561070596,56.00624806782606,35.12238865199242,36.72808341920204,3269.5967509983534,3113.934889626647,41.987060546875,108.04251953125004,BUY,MEDIUM
2023-08-11,3203.655517578125,3220.236583715237,3171.329094804473,3193.7161307988767,1679974,0.001946523851846349,0.010397110498866756,3189.1307373046875,3086.6567578125,3174.66250876809,9.939386779248252,48.90748891076419,56.754368856389064,33.472166060678774,36.07689994749739,3261.4062062487737,3116.8552683606013,86.76123046875,102.47397949218748,BUY,LOW
2023-08-14,3204.631103515625,3209.4149453532923,3168.5425118958265,3196.1313591222456,1190425,0.0003045227341538226,0.010309575233268477,3187.6076049804688,3089.9481591796875,3177.516660648808,8.499744393379387,40.87243345746583,56.87815364692449,31.8756319563945,35.23664634927681,3257.177686524967,3118.0375234359703,26.38134765625,97.65944580078121,BUY,LOW
2023-08-16,3212.572998046875,3219.6328723246997,3191.0221251590224,3204.770170086617,1328445,0.00247825546052316,0.010321726867075377,3186.2429931640627,3093.705576171875,3180.855359448624,7.802827960258128,28.610747165677367,57.93376003178991,30.89507252725207,34.36833158487187,3252.6585770934025,3119.827409234723,5.8984375,92.5374169921879,BUY,LOW
2023-08-17,3191.533447265625,3214.802913522075,3170.586278504093,3209.4151379764926,1843241,-0.006549127691119039,0.010283212119172692,3185.067919921875,3098.0832568359374,3181.8723201931,-17.881690710867588,44.216635017981844,54.15181909772411,28.09637863836906,33.11394099557131,3250.223959256588,3119.9118805871617,-4.55126953125,86.98466308593743,BUY,LOW
2023-08-18,3127.7626953125,3167.6132225589963,3117.9160649616633,3167.6132225589963,2526749,-0.019981226268445118,0.011177127904017946,3180.5998046875,3100.4019677734377,3176.7190225854233,-39.85052724649631,49.69715759733299,44.63975827891545,20.496357587987404,30.59042431405453,3248.5461049817445,3112.653504393256,-30.514892578125,80.19783691406246,BUY,LOW
2023-08-21,3159.857177734375,3167.3815122350584,3132.314820516641,3135.101577474396,1375579,0.01026116286570411,0.00961653298224959,3182.1487670898437,3104.0697998046876,3175.113132599609,24.75560025997902,35.06669171841759,49.45211769377934,16.86859202845926,27.84605785693548,3246.63227993972,3117.6652542399675,-38.922119140625,78.07896728515607,BUY,LOW
2023-08-22,3141.74267578125,3168.5420742775395,3125.8583001353277,3158.323967324431,1222012,-0.005732696427157236,0.009552160824826827,3181.563525390625,3107.874716796875,3171.934993855003,-16.581291543181123,42.68377414221186,46.97033126260343,12.389059402614748,24.754658166071337,3247.279059373418,3115.8479914078316,-94.6572265625,73.68880859374985,BUY,LOW
2023-08-23,3156.6982421875,3160.1816876103508,3136.0297993452514,3147.1768246983743,1330046,0.004760277320462247,0.009610849248690075,3181.5217041015626,3111.2871630859377,3170.483874648575,9.521417489125724,24.151888265099387,49.23550108118592,9.931304843233647,21.7899875015038,3247.2993878135703,3115.744020389555,-67.2080078125,70.23454101562493,BUY,LOW
2023-08-24,3146.94482421875,3170.446516407415,3137.9808480590923,3165.75543087226,1152881,-0.003089753033217124,0.00960907179551906,3181.4961547851562,3114.563388671875,3168.2420603219243,-18.81060665351015,32.46566834832265,47.801459761583146,7.11448596480659,18.85488719416436,3247.3271214133088,3115.6651881570037,-69.43701171875,66.9327661132811,BUY,LOW
2023-08-25,3140.953369140625,3145.133503987289,3112.110393341278,3135.1011349979294,1158046,-0.0019038958141289752,0.0095995183737505,3180.771594238281,3117.58458984375,3165.6431373522773,5.852234142695579,33.02311064601099,46.89781840550335,4.348548991546977,15.953619553640884,3248.036910708756,3113.5062777678063,-56.478271484375,63.18700439453096,BUY,LOW
2023-08-28,3135.6123046875,3152.7508133982506,3121.2605527357937,3152.7508133982506,1037485,-0.001700459645660457,0.009184910724377151,3181.7074951171876,3120.698173828125,3162.7830580508694,-17.138508710750557,31.490260662456876,46.06187524504204,1.7058804208913898,13.104071727090986,3245.8396194496204,3117.575370784755,-68.043212890625,61.00932128906243,BUY,LOW
2023-08-29,3136.16943359375,3148.6170828467652,3125.8120786392947,3140.7212722469335,944517,0.00017767786706834876,0.007979072041314686,3179.603479003906,3124.5900537109374,3160.248427150191,-4.551838653183495,22.805004207470574,46.16966159734168,-0.33958330913355894,10.415340719846078,3246.741945276815,3112.4650127309974,-68.461669921875,55.013425292968805,BUY,LOW
2023-08-30,3149.917236328125,3165.8483302087693,3142.578868343871,3156.4661593852143,1188200,0.004383628826654773,0.007752882578632819,3176.7656127929686,3128.099072265625,3159.2645042147565,-6.548923057089269,23.269461864898403,48.88413700793324,-0.841593895907863,8.16395379669529,3243.885249447333,3109.645976138604,-62.65576171875,48.666540527343386,BUY,LOW
2023-08-31,3118.195068359375,3174.487418701091,3105.979648519252,3159.2532391652235,3417652,-0.010070794115761839,0.008008438110499769,3172.871130371094,3130.6530712890626,3155.353129371387,-41.05817080584848,68.50777018183908,43.44073712345681,-3.755859533811872,5.779991130593858,3243.975517228895,3101.7667435132926,-73.33837890625,42.21805908203123,BUY,LOW
2023-09-01,3139.003173828125,3148.1066257752304,3118.195478052062,3126.7414878605564,1277950,0.00667312500102768,0.007781697546465691,3171.9074096679688,3133.05806640625,3153.7959907482195,12.26168596756861,29.911147723168597,47.56527807311247,-4.336408420317184,3.7567112204116504,3244.2878780258266,3099.526941310111,11.240478515625,38.849343261718786,BUY,LOW
2023-09-04,3175.50927734375,3188.839354347761,3130.5032017453473,3137.888061684127,1828332,0.011629839631893235,0.0076797982833212396,3170.7439086914064,3136.55822265625,3155.863922804937,37.621215659622976,58.33615260241368,53.91492788468694,-1.829668852426039,2.6394352058441126,3242.1000036472715,3099.3878137355414,15.652099609375,34.18568603515632,BUY,LOW
2023-09-05,3185.58837890625,3201.98370810682,3163.1083582727633,3176.902895771779,1501842,0.0031740110584501657,0.007192426623184246,3168.203332519531,3140.67041015625,3158.694823386014,8.685483134470815,38.87534983405658,55.51658643182466,0.9591827154645216,2.3033847077681946,3233.378511360151,3103.028153678911,43.845703125,27.53292236328116,BUY,LOW
2023-09-06,3186.098876953125,3199.103741686018,3156.5594370607423,3189.907535196781,1314818,0.0001602523572270531,0.007157497619278861,3166.3129638671876,3145.2875634765624,3161.304733249548,-3.8086582436558274,42.5443046252758,55.600753502188866,3.1739730163781132,2.4775023694901783,3226.951211378867,3105.6747163555083,29.400634765625,21.025400390625236,BUY,LOW
2023-09-07,3209.64697265625,3214.059337353484,3179.039140798069,3186.9349513089087,1885092,0.007390886665025409,0.007358519232078957,3165.976220703125,3150.2329931640625,3165.908756050186,22.712021347341306,35.020196555414714,59.415379658621696,6.751517518865967,3.332305399365336,3225.5642425776678,3106.388198828582,62.7021484375,15.743227539062445,BUY,LOW
2023-09-08,3197.24560546875,3218.703720990079,3190.8826476046866,3209.646762467813,1518917,-0.0038637791922757625,0.00728783696221382,3165.9669189453125,3154.595,3168.8932178995733,-12.401156999063005,27.821073385392538,56.65473170499848,8.488213777723104,4.36348707503689,3225.535351869656,3106.398486020969,56.292236328125,11.3719189453127,BUY,LOW
2023-09-11,3233.2412109375,3237.932296351562,3200.1253456084146,3215.9169656012573,1783604,0.011258317286348296,0.00770285829460666,3167.4462036132813,3158.06849609375,3175.0215981888996,17.32424533624271,37.806950743147354,62.151698853507554,12.62358576974475,6.015506813978462,3231.9498860490567,3102.942521177506,97.62890625,9.377707519531214,BUY,LOW
2023-09-12,3326.272705078125,3334.725730646849,3235.424395053453,3243.7846648081127,4476016,0.028773446851387163,0.009965347089464576,3173.528283691406,3163.9576025390625,3189.426465511683,82.48804027001233,99.30133559339629,72.0259133676005,23.141006825768727,9.440606816336516,3267.2373356171984,3079.819231765614,190.103271484375,9.570681152343695,BUY,LOW
2023-09-13,3314.2431640625,3333.7504596439576,3293.0172779174695,3317.26215028344,1754929,-0.003616522781568654,0.010040011268141637,3178.6117919921876,3168.9288330078125,3201.3137701355704,-3.0189862209399507,40.733181726488056,69.50097484649308,30.157814844760196,13.584048422021253,3289.66698436969,3067.556599614685,164.325927734375,9.682958984375091,BUY,LOW
2023-09-14,3306.997802734375,3341.9715088947505,3293.574969875399,3316.28699181143,2604721,-0.002186128467183357,0.009899895724074079,3184.385009765625,3173.5494677734373,3211.3789160973606,-9.289189077055198,48.39653901935162,67.95577701065501,34.73365766144434,17.813970269905873,3308.735865396067,3060.034154135183,188.802734375,10.8355419921877,BUY,LOW
2023-09-15,3342.5283203125,3350.935080198483,3309.2264930396436,3314.242790266924,2952897,0.010744040273854116,0.00864198602759891,3195.123291015625,3178.826064453125,3223.8693355464216,28.285530045575797,41.70858715883924,71.32286957113513,40.7572378213581,22.402623780196322,3334.2726230102303,3055.9739590210197,203.525146484375,16.297226562499873,BUY,LOW
2023-09-18,3349.820556640625,3362.0359753584007,3321.117055435085,3325.5759111878315,1395753,0.0021816528176621386,0.008489967285849422,3204.6214599609375,3184.1308349609376,3235.8646899363453,24.24464545279352,40.91891992331557,71.97376900154504,45.593813917877924,27.040861807732647,3358.0463105897275,3051.1966093321475,174.311279296875,20.49062499999991,BUY,LOW
2023-09-20,3349.72802734375,3367.3309950501616,3325.52964476678,3325.52964476678,1649396,-2.76221652206754e-05,0.008275770957748707,3215.0207275390626,3190.49552734375,3246.708817308479,24.198382576969834,41.80135028338145,71.9514527639009,48.856185286991604,31.403926503584444,3377.891966882788,3052.149488195337,164.1396484375,24.525200195312664,BUY,LOW
2023-09-21,3330.452880859375,3348.7525373008507,3277.225784076949,3333.4718671967476,2004073,-0.005754242233110385,0.008505067804631868,3223.708459472656,3196.4663916015625,3254.684442408564,-3.018986337372553,71.52675322390178,67.27210968335098,49.31779008413059,34.986699219693676,3391.6660368702733,3055.750882075039,144.35400390625,27.242067871093695,BUY,LOW
2023-09-22,3347.49853515625,3375.45908502732,3311.6424013468136,3329.2453693121192,1989083,0.0051181190386566655,0.008407612806315863,3233.7361450195312,3203.0097900390624,3263.5238798131054,18.253165844130763,63.81668368050623,69.1809319607193,50.477187460737696,38.08479686790248,3406.055021883439,3061.4172681556233,137.8515625,30.72635498046884,BUY,LOW
2023-09-25,3322.882080078125,3362.6863447912865,3305.697080802258,3346.430264395196,1238778,-0.007353686587043162,0.008663662234880425,3242.8325805664062,3207.5664013671876,3269.1770417431076,-23.54818431707099,56.989263989028586,63.427565400806515,48.84660280699609,40.23715805572121,3413.801833979232,3071.8633271535805,125.636474609375,35.26617919921864,BUY,LOW
2023-09-26,3330.824462890625,3339.4169627375986,3284.6572387999286,3314.0111668297322,1726062,0.002390209047777425,0.008598507619297738,3252.5931884765623,3209.0557470703125,3275.048224709538,16.813296060892753,54.75972393767006,64.45470103165658,47.64600317093618,41.71892707876421,3420.219810778979,3084.9665661741456,97.583251953125,43.537441406249854,BUY,LOW
2023-09-27,3334.1689453125,3357.1131987958183,3302.9571768225646,3334.819143242111,1541134,0.0010041004739627102,0.008585908214526343,3262.4931640625,3211.0372509765625,3280.678769528868,-0.6501979296108402,54.1560219732537,64.90171653501767,46.429184353876735,42.66097853378672,3424.7481150457475,3100.2382130792525,7.896240234375,51.45591308593748,BUY,LOW
2023-09-28,3285.35400390625,3346.709144183534,3276.6222567368527,3344.1081258394006,1755753,-0.014640812210454657,0.009446936758928645,3269.265002441406,3211.9470263671874,3281.124029945762,-58.7541219331506,70.08688744668143,54.18981399872621,41.0526593639006,42.3393146998095,3423.255565909031,3115.2744389737813,-28.88916015625,57.31797607421868,BUY,LOW
2023-09-29,3277.782958984375,3314.8002369860105,3256.3713353484836,3285.7715245693503,2243791,-0.0023044837520928008,0.009070306127843002,3277.2443969726564,3213.2019873046875,3280.8058327113445,-7.988565584975277,58.428901637526906,52.73601139337972,35.76848766158855,41.02514929216531,3414.752566943601,3139.736227001712,-29.21484375,64.04240966796897,BUY,LOW
2023-10-03,3264.081787109375,3282.9851507659523,3232.7307740458355,3282.9851507659523,1948148,-0.004180011930761118,0.009134294660455814,3283.498327636719,3214.141123046875,3279.2130664635383,-18.903363656577312,50.25437672011685,50.11572721876416,30.12787802830553,38.84569503939336,3405.8281029088794,3161.1685523645583,-78.446533203125,69.35720458984406,BUY,LOW
2023-10-04,3286.282958984375,3295.8043780585294,3230.129854777585,3238.4901251841598,1788138,0.006801659187180231,0.00892771717739358,3289.03701171875,3217.2892236328125,3279.8863895607615,47.79283380021525,65.67452328094441,54.09584546942194,27.136292989086087,36.50381462933191,3400.8899941126388,3177.184029324861,-63.53759765625,71.74778808593737,BUY,LOW
2023-10-05,3334.215087890625,3366.4020365150864,3298.776696384458,3301.37771461772,2990768,0.014585514852033077,0.009376653136177674,3296.4683471679687,3220.9045751953126,3285.0605513064625,32.8373732729051,67.6253401306285,61.2789886735968,28.306858663255298,34.864423436116596,3399.2208579467083,3193.715836389229,-15.512939453125,75.56377197265601,BUY,LOW
2023-10-06,3363.987060546875,3376.573957922691,3320.931802445196,3335.748014629831,2075691,0.008929229780159531,0.009474654742929169,3305.362756347656,3225.033623046875,3292.577361710311,28.239045917044223,55.64215547749518,64.94793773712756,31.276355415729086,34.1468098320391,3398.728209020895,3211.9973036744173,33.5341796875,80.329133300781,BUY,LOW
2023-10-09,3379.732421875,3417.4928872534488,3372.9047767375027,3385.9561336104794,4233074,0.004680565366254719,0.009424219237153083,3313.8670288085937,3229.6791552734376,3300.8778436307575,-6.223711735479355,44.58811051594603,66.74271863495906,34.50249872756649,34.21794761114458,3401.6262695363735,3226.107788080814,32.23388671875,84.18787353515609,BUY,LOW
2023-10-10,3370.953857421875,3388.696299926251,3345.3623220029544,3381.3114396957885,1848148,-0.0025974140426936465,0.009382476429085275,3322.55244140625,3233.9893408203125,3307.5517497061023,-10.357582273913522,43.333977923296516,64.75201457102068,35.93662867388457,34.56168382369258,3395.5703069530587,3249.5345758594417,48.07177734375,88.56310058593772,BUY,LOW
2023-10-11,3353.3046875,3390.55443100469,3348.7530750060023,3390.55443100469,2426417,-0.005235660489097627,0.00931437390920011,3328.555615234375,3238.717548828125,3311.90917235314,-37.24974350468983,41.80135599868754,60.82408357162792,35.24278953636167,34.6979049662264,3390.047868855154,3267.0633616135965,22.480224609375,89.83806640625016,BUY,LOW
2023-10-12,3290.741943359375,3333.5649718150416,3286.608299299206,3320.8853185860926,4241281,-0.018657041328167367,0.008055914684792007,3326.7790771484374,3240.967392578125,3309.893245782305,-30.14337522671758,46.956672515835635,49.38733987469345,29.306795926954692,33.61968315837206,3390.4470072660165,3263.1111470308583,-43.427001953125,85.81168457031254,BUY,LOW
2023-10-13,3317.029541015625,3322.742300496055,3274.4385264882844,3279.0831201428778,2890357,0.007988349773004222,0.008235995256911358,3326.9183959960938,3243.1744921875,3310.5728929473826,37.94642087274724,48.3037740077707,53.355987250743134,26.419124440003998,32.17957141469845,3390.4881101221854,3263.348681870002,31.675537109375,83.74390380859359,BUY,LOW
2023-10-16,3273.556396484375,3320.559552467454,3268.9582937059067,3312.5244954296677,1671104,-0.013106046839106322,0.008740260393236741,3325.2463256835936,3244.72392578125,3307.047512331858,-38.968098945292695,51.60125876154734,46.81790784920792,20.387687962663676,29.821194724291498,3392.4777161849906,3258.0149351821965,-4.2265625,80.52239990234375,BUY,LOW
2023-10-17,3257.765380859375,3282.9389493515223,3254.3284259625857,3279.0840262676807,1672065,-0.0048238104716811225,0.008374402326700472,3321.0081787109375,3246.713681640625,3302.353976001145,-21.318645408305656,28.6105233889366,44.67640366013081,14.170183060614363,26.690992391556073,3393.8038820519146,3248.2124753699604,-6.31640625,74.29449707031245,BUY,LOW
2023-10-18,3239.372314453125,3272.302442885238,3236.353328139562,3261.434137513778,1408245,-0.005645914992625456,0.008388478433783018,3315.4857666015623,3247.5255419921873,3296.355722520381,-22.06182306065284,35.94911474567607,42.25211601441162,7.670181807962308,22.886830274837322,3395.135490550339,3235.8360426527856,-46.91064453125,67.96022460937502,BUY,LOW
2023-10-19,3218.32470703125,3238.0689271624133,3214.832247438286,3231.223615410734,1514545,-0.006497433878769332,0.008447509924373936,3308.9156005859377,3247.1640380859376,3288.9241972357013,-12.898908379484055,23.236679724127498,39.60376414315478,0.8111673363841874,18.471697687146698,3397.3743933339933,3220.456807837882,-115.890380859375,61.75156250000009,BUY,LOW
2023-10-20,3254.55322265625,3259.1632237474687,3207.521434458151,3213.43519615391,1481211,0.011256948544020373,0.008890676868182058,3305.1206176757814,3247.7769775390625,3285.6507710852775,41.118026502339944,51.641789289317785,45.89060400524318,-1.6819244343546416,14.44097326284643,3396.0361453474006,3214.2050900041622,-109.433837890625,57.34364013671893,BUY,LOW
2023-10-23,3175.94921875,3240.0242499313185,3167.7071513441997,3234.4829267293885,1106272,-0.02415201059213168,0.010133035766430858,3296.5431518554688,3246.9683251953124,3275.203004196204,-58.53370797938851,72.31709858711883,36.912663534059455,-9.886439102704117,9.575490789736321,3401.181643694312,3191.9046600166257,-203.783203125,49.574826660156305,BUY,LOW
2023-10-25,3157.276611328125,3189.7796767932823,3145.262414223449,3157.6490493920073,1518537,-0.0058793784584578734,0.010101778815350328,3288.2628784179688,3246.165224609375,3263.9719191611493,-0.3724380638823277,44.51726256983329,35.15326742564149,-17.69136441665796,4.1221197484574645,3408.3263961725997,3168.1993606633378,-213.67724609375,42.097653808593805,BUY,LOW
2023-10-26,3107.590087890625,3142.0024058676267,3101.3036615496458,3136.7405251390774,1984471,-0.015737146140198055,0.010446856375166451,3277.1011596679687,3244.243916015625,3249.078411421099,-29.150437248452363,40.69874431798098,30.92881990125578,-27.56832071272902,-2.2159683437798323,3418.8161771736095,3135.386142162328,-245.714599609375,32.85724365234364,BUY,LOW
2023-10-27,3120.815185546875,3131.1063449752,3107.8232817317794,3119.930474618358,1108851,0.004255740712967304,0.010544026756665773,3266.4334716796875,3242.56759765625,3236.8628660997447,0.8847109285170518,23.283063243420656,33.22887313711993,-33.93751434291016,-8.560277543605899,3420.905678332812,3111.961265026563,-169.9267578125,23.8658740234373,BUY,LOW
2023-10-30,3146.51953125,3150.524263288147,3104.796239719202,3119.930229639093,910972,0.008236420350095308,0.010483769230122314,3259.491748046875,3241.2465283203123,3228.2587389711975,26.589301610907114,45.72802356894499,37.579582106198394,-36.49038189630255,-14.146298414145232,3422.1975741080105,3096.785921985739,-170.510009765625,18.245219726562482,BUY,LOW
2023-10-31,3137.392578125,3165.5650829081633,3119.976893370138,3165.5650829081633,999811,-0.0029006503962091257,0.010485216411693645,3252.4722290039062,3240.1637109375,3219.6048188906075,-28.172504783163276,45.58818953802529,36.666018006568954,-38.80272302763433,-19.077583336843052,3423.3254379976765,3081.619020010136,-136.163818359375,12.308518066406123,BUY,LOW
2023-11-01,3101.908935546875,3140.04677064712,3083.6085408942245,3124.586727484181,1563475,-0.011309914744341953,0.010677882533959227,3244.3635864257812,3239.6466357421873,3208.3956871435853,-22.67779193730621,56.438229752895495,33.278809584640754,-43.00279399969486,-23.862625469413416,3427.215229527711,3061.5119433238515,-155.8564453125,4.71695068359395,BUY,LOW
2023-11-02,3129.33642578125,3144.097749107403,3113.5969411059323,3113.5969411059323,1245384,0.008842132636475819,0.010780591935051752,3236.516259765625,3239.036220703125,3200.866233680506,15.739484675317726,30.500808001470887,38.04322410390426,-43.61543962577889,-27.813188300686512,3424.8861194042593,3048.1464001269906,-110.035888671875,-2.5199609374999454,SELL,LOW
2023-11-03,3120.768310546875,3155.2272412387383,3114.621718793595,3149.732529726521,1402598,-0.002737997475690368,0.010013691014285477,3225.8439208984373,3238.6167333984376,3193.237860048732,-28.96421917964608,40.60552244514338,37.15074673179097,-44.28188696262305,-31.10692803307382,3415.0478164687056,3036.640025328169,-97.556396484375,-12.772812500000327,SELL,LOW
2023-11-06,3148.1025390625,3159.325019444616,3128.311938084739,3143.213096467994,1099852,0.008758813790580744,0.01000284463239797,3215.049694824219,3238.4448193359376,3188.9392580500426,4.889442594505908,31.013081359877106,41.83846960312134,-42.11888716588237,-33.30931985963553,3395.9477100603385,3034.1516795880993,-106.45068359375,-23.395124511718677,SELL,LOW
2023-11-07,3138.975830078125,3170.3613524077323,3134.8314904867043,3146.0073603280116,1191144,-0.002899114266809444,0.00982810047755121,3203.011865234375,3238.285439453125,3184.1808363384316,-7.0315302498866,35.52986192102799,40.74568272482848,-40.6722984445023,-34.78191557660889,3369.978391859136,3036.0453386096137,-36.973388671875,-35.27357421875013,SELL,LOW
2023-11-08,3149.3134765625,3168.312363594793,3138.13760716147,3139.9070288671746,992899,0.0032933182808603245,0.009948585535710942,3191.9298461914063,3238.4526416015624,3180.8601354073903,9.406447695325369,30.174756433323182,42.57526048449397,-38.250773676069,-35.475687196500914,3341.3365972774036,3042.523095105409,-7.963134765625,-46.52279541015605,SELL,LOW
2023-11-09,3117.554931640625,3158.579726325025,3112.525881937808,3157.2759659942562,2112352,-0.01008427555980862,0.010055519768746054,3180.1423583984374,3238.091494140625,3174.831068381984,-39.72103435363124,46.05384438721694,38.629146799968005,-38.45110658714839,-36.070771074630414,3313.0504300028706,3047.234286794004,9.96484375,-57.949135742187536,SELL,LOW
2023-11-10,3104.516357421875,3117.5548699661017,3094.178816043121,3108.7539194734713,1338557,-0.004182307771522842,0.009414473307899305,3170.8310791015624,3237.4584326171876,3168.1344292429258,-4.237562051596342,23.376053922980645,37.10846126121907,-39.20998750544868,-36.69861436079407,3297.3820987539834,3044.2800594491414,-16.298828125,-66.62735351562515,SELL,LOW
2023-11-13,3102.747314453125,3125.5181025923366,3098.509751884596,3125.5181025923366,1030990,-0.0005698288445221689,0.009083830506644708,3160.1169677734374,3236.5150341796875,3161.90708497723,-22.770788139211618,27.008350707740647,36.89623490761363,-39.49883509985284,-37.25865850860582,3270.608024413312,3049.625911133563,-43.772216796875,-76.39806640625011,SELL,LOW
2023-11-15,3170.501220703125,3178.603680948949,3125.5649102414236,3150.757229249606,2059802,0.02183674640032418,0.010367053965758053,3154.964208984375,3237.5611572265625,3162.7255740939822,19.743991453518902,53.0387707075256,48.94057311862135,-33.870141006011636,-36.58095500808699,3252.6879811658264,3057.240436802924,33.108642578125,-82.59694824218741,SELL,LOW
2023-11-16,3257.626220703125,3286.962876959751,3179.7209637752344,3194.4825150950874,3951984,0.027479882181113968,0.012186457617411035,3154.9572509765626,3239.9336181640624,3171.7637309139004,63.143705608037635,107.24191318451676,59.614928578307904,-22.124068527862164,-33.68957771204202,3252.6517595119467,3057.2627424411785,155.71728515625,-84.97636718749982,SELL,LOW
2023-11-17,3261.910400390625,3282.446106711715,3252.6903987151904,3257.6264533729463,2021292,0.0013151231593953039,0.012113859222178043,3156.0841552734373,3241.661640625,3180.349128006922,4.283947017678656,29.755707996524507,60.057124388199554,-12.327421129422419,-29.417146395518106,3258.0731350230153,3054.0951755238593,132.573974609375,-85.5774853515627,SELL,LOW
2023-11-20,3277.8828125,3291.200542556456,3251.4797282683567,3251.4797282683567,1475621,0.004896643423272007,0.012039299011366548,3159.062060546875,3243.507529296875,3189.638050339596,26.403084231643334,39.72081428809952,61.73916220578074,-3.2373491688772447,-24.181186950189936,3271.126709901185,3046.9974111925644,157.114501953125,-84.44546875000015,SELL,LOW
2023-11-21,3269.128173828125,3295.996918736589,3260.560052355792,3277.8827416982326,1807236,-0.0026708211283483774,0.011814641498181393,3159.790808105469,3245.168115234375,3197.2085382908845,-8.754567870107621,35.436866380797255,60.24173303971713,3.223019215774457,-18.70034571699706,3274.488492446768,3045.09312376417,121.025634765625,-85.37730712890607,SELL,LOW
2023-11-22,3287.707763671875,3290.0360697315477,3242.026580680009,3259.6284835416786,1798051,0.005683347013584195,0.01036015630410548,3165.3787353515627,3246.7293310546875,3205.8275121366933,28.079280130196366,48.00948905153882,62.329898581758876,9.729964356917662,-13.014283702214115,3292.858105160914,3037.8993655422114,148.73193359375,-81.35059570312478,SELL,LOW
2023-11-23,3267.31201171875,3300.606789576356,3259.628601443918,3287.56827517058,2729804,-0.00620363895431697,0.010373021577897042,3170.880505371094,3248.1306591796874,3211.683178763556,-20.25626345182991,40.978188132437936,58.68604747619038,13.090103962898866,-7.793406169191519,3305.768835174117,3035.9921755680707,117.99853515625,-77.2501538085935,SELL,LOW
2023-11-24,3219.67529296875,3263.8665026893573,3215.856779547187,3254.2738349066776,1989733,-0.014579788700663787,0.010272988840498804,3176.484765625,3247.8593408203124,3212.4443324973836,-34.59854193792762,48.00972314217006,51.162800610371335,11.773436871141257,-3.8800375611249636,3309.6924285256164,3043.2771027243834,102.120361328125,-71.37457519531245,SELL,LOW
2023-11-28,3231.82861328125,3242.1663837595383,3197.2300740959413,3219.675036815199,1689195,0.0037747037221551594,0.010267555022506977,3182.035437011719,3245.970458984375,3214.2904544767994,12.153576466051163,44.93630966359706,52.824397594083244,11.57718550656,-0.7885929475879712,3314.7524649679503,3049.3184090554873,127.312255859375,-63.93502197265616,SELL,LOW
2023-11-29,3272.43408203125,3276.3922022300785,3237.0904424364394,3241.933273440279,1441634,0.012564239509215147,0.01045427401636321,3188.331164550781,3245.13427734375,3219.8279428153182,30.50080859097079,39.30175979363912,57.96970840974998,14.530676269278047,2.2752608957852325,3325.5804700514227,3051.0818590501394,169.686767578125,-56.80311279296893,SELL,LOW
2023-11-30,3248.08056640625,3275.1353041689813,3241.9337467212595,3259.116602029924,3266235,-0.007442018697557229,0.010614757464017022,3193.8655639648437,3243.9559326171875,3222.5186688715976,-11.036035623673797,33.201557447721825,54.1547276251308,14.736342415062609,4.767477199640708,3331.3788500135606,3056.3522779161267,77.579345703125,-50.09036865234384,SELL,LOW
2023-12-01,3270.478759765625,3275.4148147825376,3250.3623289990637,3259.628942947853,1172141,0.00689582444198944,0.010205109530991407,3202.294055175781,3242.51494140625,3227.0862965757906,10.84981681777208,25.052485783473912,56.96014842663999,16.51629180108239,7.117240119929045,3336.861726017279,3067.726384334283,12.8525390625,-40.22088623046875,SELL,LOW
2023-12-04,3271.2236328125,3304.1459737662194,3257.766068313779,3301.212171500063,1625213,0.00022775657681650685,0.010113544265328017,3209.3884155273436,3240.9430029296873,3231.2898524078582,-29.98853868756305,46.3799054524402,57.05426745264711,17.782039263371644,9.250199948617565,3342.778191888859,3075.998639165828,9.313232421875,-31.554587402343714,SELL,LOW
2023-12-05,3289.058349609375,3295.0187221482606,3262.236218437115,3295.0187221482606,1377656,0.0054520016968515606,0.010065884553568535,3217.8029174804688,3239.729609375,3236.791614046098,-5.960372538885622,32.78250371114564,59.346572783142506,19.993789877014933,11.398917934297039,3348.983602580353,3086.6222323805846,11.175537109375,-21.92669189453136,SELL,LOW
2023-12-06,3356.578857421875,3364.727927704784,3283.050778513191,3289.9893116815297,1896572,0.02052882637990261,0.01076026661716172,3228.2267333984373,3240.25212890625,3248.199922939029,66.58954574034533,81.67714919159334,66.61249275690068,26.885044800073956,14.496143307452423,3368.4190018768013,3088.0344649200733,87.45068359375,-12.025395507812846,SELL,LOW
2023-12-07,3366.636962890625,3381.2122936196415,3345.0303305460197,3357.4169628740638,1967653,0.0029965348338263365,0.010662801677877328,3239.6097900390623,3240.6348974609373,3259.479641029657,9.220000016561244,36.18196307362177,67.54309838386872,32.780149864933264,18.15294461894859,3385.8079767723166,3093.411603305808,78.92919921875,-1.0251074218749636,SELL,LOW
2023-12-08,3377.626953125,3394.6701987746455,3354.6699465710817,3383.494329807486,1641155,0.003264382336294114,0.010662841818081104,3251.0254638671877,3241.729794921875,3270.7317659911187,-5.867376682485883,40.00025220356383,68.57381469892528,37.90195334054397,22.10274636326767,3402.7874551036507,3099.2634726307247,110.31494140625,9.295668945312627,BUY,LOW
2023-12-11,3392.714599609375,3402.12104768493,3366.7307931511145,3374.0881498547355,1102503,0.004466936903856578,0.010167857924887247,3264.783447265625,3242.96759765625,3282.349178716667,18.626449754639452,35.39025453381555,69.98312443671567,42.6864041781314,26.219477926240415,3415.537748027472,3114.029146503778,173.039306640625,21.815849609375164,BUY,LOW
2023-12-12,3419.908935546875,3444.4025317621104,3381.6314955293296,3389.0354628305504,2236866,0.008015509450936653,0.009997529396706034,3280.553076171875,3244.6823974609374,3295.4501079385914,30.873472716324613,62.771036232780716,72.38678634419477,48.117799533898506,30.599142247772036,3426.8671555365445,3134.2389968072057,188.080322265625,35.87067871093768,BUY,LOW
2023-12-13,3346.754150390625,3399.3272621622086,3318.302201392863,3393.3202772695595,3850968,-0.02139085763245674,0.011558853663577109,3292.75341796875,3245.910400390625,3300.336207219737,-46.56612687893448,81.0250607693456,58.75630132225582,45.9891059165916,33.67713498153595,3416.712907827145,3168.793928110355,74.320068359375,46.843017578125,BUY,LOW
2023-12-14,3415.392333984375,3425.404050554102,3378.465488934795,3380.7005719171807,3290396,0.02050888129495232,0.01145346825076899,3304.9979736328123,3248.662587890625,3311.2939335782744,34.691762067194304,46.938561619307166,65.34915669064917,49.27264429892557,36.79623684501387,3426.592296482828,3183.403650782797,167.311767578125,56.3353857421871,BUY,LOW
2023-12-15,3595.8359375,3628.3856112730377,3414.879942101353,3414.879942101353,8531230,0.052832467216180845,0.015051340336060289,3321.9084594726564,3255.2976708984374,3338.3931720470105,180.9559953986468,213.50566917168453,76.14498604084248,65.67806702366488,42.57260288074408,3495.4303568635905,3148.3865620817223,325.357177734375,66.61078857421899,BUY,MEDIUM
2023-12-18,3594.159423828125,3659.165773966342,3567.1044621574897,3593.1351055942864,2521612,-0.00046623753169361404,0.015079891137121965,3338.5209106445313,3261.4552001953125,3362.7518626928304,1.024318233838585,92.06131180885222,75.90834937288044,77.64911146353961,49.587904597303194,3546.1506744987796,3130.891146790283,322.935791015625,77.06571044921884,BUY,MEDIUM
2023-12-19,3554.11279296875,3590.341373765734,3529.7121895342984,3580.934925794031,2004435,-0.011142140939513934,0.01550436292321623,3352.332409667969,3265.853154296875,3380.9767131952985,-26.822132825281187,60.629184231435374,70.28917218087904,82.94864169444872,56.2600520167323,3577.959679678876,3126.705139657062,265.054443359375,86.47925537109404,BUY,MEDIUM
2023-12-20,3520.4453125,3631.0398484080574,3507.872459996768,3564.403684666202,2586083,-0.009472822735214215,0.01573510881853109,3364.8982666015627,3268.9823193359375,3394.2594369386034,-43.958372166202025,123.16738841128927,65.87420116619599,83.46968669045236,61.70197895147632,3598.4445416265676,3131.351991576558,163.866455078125,95.91594726562516,BUY,MEDIUM
2023-12-21,3527.384033203125,3545.265380055125,3486.2662350262744,3498.2802045463336,1517562,0.0019709781255479175,0.01573393811399957,3376.882080078125,3271.9353515625,3406.937969916177,29.103828656791393,58.99914502885076,66.34340662609475,83.48020750762271,66.0576246627056,3617.8344935489217,3135.9296666073283,160.7470703125,104.94672851562518,BUY,MEDIUM
2023-12-22,3561.376953125,3581.8194348785914,3503.6349627762156,3539.0252149254707,2413058,0.009636863920089445,0.015610549739501729,3391.5853271484375,3275.7438134765625,3421.646444507493,22.351738199529336,78.18447210237582,68.619713857614,85.24879483669292,69.89585869750307,3639.778548892744,3143.392105404131,183.75,115.84151367187496,BUY,MEDIUM
2023-12-26,3534.881103515625,3570.6904075901484,3529.8518256722914,3557.51228537649,1285231,-0.007439776793671249,0.01522988151744573,3407.3456176757813,3279.375341796875,3432.4306977463625,-22.631181860865127,40.83858191785703,64.93331470351575,83.54931491385832,72.62654994077413,3649.8377870841864,3164.8534482673763,142.16650390625,127.97027587890625,BUY,MEDIUM
2023-12-27,3549.45654296875,3555.975800976492,3509.223453309995,3538.0944530585643,1293976,0.004123318161572298,0.015228858886829308,3423.227014160156,3284.5496337890627,3443.5760163389714,11.36208991018566,46.75234766649692,66.01492346928768,82.42839772369462,74.58691949735822,3659.1749670192903,3187.279061301022,129.547607421875,138.67738037109348,BUY,MEDIUM
2023-12-28,3538.932373046875,3574.415852211362,3531.6682392482426,3561.377336856761,1682889,-0.0029650088103551075,0.015208380136560656,3436.5519287109373,3288.9876904296875,3452.6575741206766,-22.44496380988585,42.747612963119536,64.46868952891785,79.77129636756263,75.6237948713991,3666.9669182543407,3206.136939167534,192.17822265625,147.5642382812498,BUY,MEDIUM
2023-12-29,3532.87841796875,3560.073214846418,3506.8013899069297,3531.574657515115,1574996,-0.0017106727227208518,0.015033833041272196,3450.7918212890627,3294.174130859375,3460.2976544871594,1.3037604536348226,53.2718249394884,63.546624417833385,76.29751061088473,75.75853801929622,3667.6591467866792,3233.924495791446,117.486083984375,156.61769042968763,BUY,MEDIUM
2024-01-01,3549.363037109375,3568.8275851289145,3513.8795612451445,3529.71204270318,825907,0.004666059000723477,0.015021962663330961,3464.73603515625,3300.006083984375,3468.780071879751,19.650994406194968,54.94802388377002,65.01396808574438,74.0214086462338,75.41111214468374,3668.9280265600764,3260.544043752424,-46.472900390625,164.7299511718752,BUY,MEDIUM
2024-01-02,3523.37890625,3549.3629379884974,3508.5243592421702,3549.3629379884974,1344068,-0.007320787022264352,0.01522066881134702,3477.343798828125,3305.6862158203126,3473.979960867394,-25.98403173849738,40.83857874632713,60.855728413141435,69.3217809000048,74.19324589574796,3662.4300863485387,3292.257511307711,-70.780517578125,171.65758300781226,BUY,MEDIUM
2024-01-03,3438.209716796875,3512.8087373367534,3433.83254667766,3508.29173242333,1803075,-0.02417258879027917,0.0164464118127906,3484.8013671875,3310.083916015625,3470.573270955916,-70.0820156264549,78.97619065909339,49.64703135280433,58.05562118917669,70.9657209544337,3649.8785785842706,3319.7241557907296,-115.903076171875,174.71745117187493,BUY,MEDIUM
2024-01-04,3414.97314453125,3463.58813008378,3400.258204607658,3447.5228181063812,3598144,-0.0067583347671045235,0.015983998519632194,3487.721081542969,3313.292314453125,3465.2780208202335,-32.54967357513124,63.32992547612184,47.09824950515668,46.713625665895506,66.11530189672607,3645.529131174826,3329.913031911112,-105.47216796875,174.42876708984386,BUY,MEDIUM
2024-01-05,3481.190185546875,3490.3638028676905,3422.4704854443794,3422.6100928660567,1963127,0.01939020841837813,0.016504604927918647,3493.4487426757814,3319.3971337890625,3466.793465079914,58.580092680818325,67.89331742331115,54.29856615669761,42.57736890484557,61.40771529834997,3641.260832448371,3345.636652903192,-46.19384765625,174.0516088867189,BUY,MEDIUM
2024-01-08,3425.683349609375,3482.9130676229634,3420.188410832366,3481.190030173045,1067805,-0.015944786977727277,0.016967447176460128,3495.8515625,3324.7652685546873,3462.878215987482,-55.506680563670216,62.72465679059724,48.35698353525316,34.42360397277116,56.01089303323421,3637.487758520117,3354.215366479883,-135.693603515625,171.08629394531272,BUY,MEDIUM
2024-01-09,3436.487060546875,3494.6483369499874,3429.8281951199665,3455.160123552573,1370944,0.003153738928827643,0.016955215119205582,3498.040185546875,3331.3432080078123,3460.364772612186,-18.673063005698168,64.82014183002093,49.51492850909498,28.50486931191199,50.50968828896977,3634.4917664657182,3361.5886046280316,-98.39404296875,166.69697753906257,BUY,MEDIUM
2024-01-10,3458.047119140625,3473.1344984496654,3434.717444602096,3436.5800896371293,1292227,0.006273865786160959,0.016920511372033993,3499.9470947265627,3338.0878466796876,3460.1440437101323,21.467029503495723,38.417053847569605,51.83585731760572,25.262732934820633,45.46029721813994,3633.0015172444764,3366.892672208649,-91.409423828125,161.8592480468751,BUY,MEDIUM
2024-01-11,3479.001953125,3513.8799367066313,3452.412649184066,3468.2451323338178,1777909,0.006059730611647218,0.01613012749426108,3506.5594848632813,3344.7374951171873,3461.9400350829765,10.756820791182236,61.46728752256513,54.04707245657832,24.106313892436447,41.18950055299924,3620.2375772591927,3392.88139246737,-59.930419921875,161.821989746094,BUY,MEDIUM
2024-01-12,3616.138916015625,3637.0470599000287,3559.142026578151,3583.7288487280734,6813450,0.03941847827002287,0.017742028418381593,3516.596813964844,3354.312421875,3476.6256427908475,32.410067287551556,77.90503332187745,65.28095583614706,33.865272492755594,39.724654940950515,3631.744359554226,3401.449268375462,83.260498046875,162.284392089844,BUY,MEDIUM
2024-01-15,3635.69677734375,3692.6936681850148,3618.1878690791377,3688.0370557408974,2801505,0.005408492810247134,0.013360418501350722,3518.5898559570314,3364.9881787109375,3491.775274653029,-52.34027839714736,74.50579910587703,66.53735743373878,42.68542247083042,40.3168084469265,3640.344777440212,3396.834934473851,86.333740234375,153.6016772460939,BUY,LOW
2024-01-16,3596.11572265625,3631.226536485312,3590.760618120525,3631.226536485312,1432672,-0.010886786525805436,0.013606564310378164,3518.6876708984373,3374.3237646484376,3501.7124601771457,-35.110813829061954,40.46591836478683,61.67319726995893,45.95188977236148,41.4438247120135,3640.6881738407315,3396.687167956143,72.73681640625,144.36390624999967,BUY,LOW
2024-01-17,3617.8154296875,3641.4243183462013,3550.713598917996,3556.7205834939423,3458696,0.006034207101439426,0.01339916780979397,3521.872802734375,3384.26470703125,3512.769885844799,61.094846193557714,90.71071942820527,63.25898362144771,49.71845030143959,43.09874982989872,3650.5499845371032,3393.1956209316468,179.605712890625,137.60809570312495,BUY,LOW
2024-01-18,3634.57958984375,3640.353744362133,3596.7678021651477,3630.295415028417,2239110,0.004633779827098117,0.01319000094450595,3527.5795166015623,3393.994248046875,3524.370810035175,4.28417481533279,43.58594219698534,64.48164866899819,53.440179158037154,45.16703569552641,3665.30281604822,3389.8562171549047,219.6064453125,133.58526855468745,BUY,LOW
2024-01-19,3697.834228515625,3717.0593463167797,3671.5755310311206,3699.6629134417612,2941975,0.017403564045929798,0.013651351819762927,3536.1020263671876,3405.171416015625,3540.891135604742,-1.8286849261362477,45.48381528565915,68.71245443461981,60.79301278124149,48.29223111266943,3692.5453076632803,3379.658745071095,216.64404296875,130.9306103515628,BUY,LOW
2024-01-23,3618.30810546875,3689.253392795468,3603.772039730458,3657.4617018928593,2618854,-0.021506135249009795,0.014535964305759715,3538.948583984375,3414.55130859375,3548.2641803536953,-39.15359642410931,85.4813530650099,59.16973741077717,59.51701776683649,50.53718844350284,3699.1543647956305,3378.7428031731197,192.624755859375,124.39727539062505,BUY,LOW
2024-01-24,3602.88134765625,3642.1285897607904,3568.9326446510017,3638.7056721419845,2657709,-0.004263527970209013,0.014457270820373304,3542.348596191406,3424.2578369140624,3553.465815334891,-35.82432448573445,73.19594510978868,57.50147224339075,56.608425405643175,51.75143583593091,3704.9334129732442,3379.763779409568,166.394287109375,118.09075927734375,BUY,LOW
2024-01-25,3573.33984375,3620.8867962936347,3543.7049366365304,3601.0989006696973,2205154,-0.008199410709283428,0.014581531412885367,3543.542761230469,3433.634306640625,3555.3585799458533,-27.759056919697287,77.18185965710427,54.34179967442349,51.327916259415815,51.666731920627896,3706.668802778075,3380.4167196828625,115.292724609375,109.90845458984404,BUY,LOW
2024-01-29,3564.61865234375,3582.4370565517297,3545.7218573588943,3564.4311359857325,1646747,-0.0024406274767019287,0.01457556497891138,3544.8270751953123,3442.8717333984373,3556.240491602796,0.18751635801754674,36.71519919283537,53.408752820302524,45.9101241237322,50.51541036124876,3708.1919890628656,3381.462161327759,85.61669921875,101.95534179687502,BUY,LOW
2024-01-30,3564.19677734375,3608.508336345958,3551.4893955843795,3570.667580091148,1411621,-0.0001183506683730684,0.014567419604007528,3546.3929931640623,3450.74564453125,3556.9982331019346,-6.470802747398011,57.018940761578506,53.36102339102637,41.10856904165803,48.63404209733062,3709.870115957968,3382.9158703701564,-51.942138671875,95.64734863281228,BUY,LOW
2024-01-31,3578.638427734375,3595.565955397303,3560.3511204494907,3574.183827241903,2459358,0.00405186674384117,0.014558911973196705,3547.8567626953127,3457.165888671875,3559.05920401931,4.4546004924718545,35.21483494781205,54.84854497250001,38.030233677557135,46.513280413375924,3711.937195928314,3383.7763294623114,-57.058349609375,90.69087402343757,BUY,LOW
2024-02-01,3614.463134765625,3662.057029330496,3568.4167652804376,3582.436989907515,2363107,0.010010708752694608,0.014584005079695827,3552.4109741210937,3464.216943359375,3564.3357688522924,32.02614485811,93.64026405005825,58.39361448704806,38.04285087709286,44.81919450611931,3718.564138014919,3386.2578102272682,18.347412109375,88.19403076171875,BUY,LOW
2024-02-02,3719.638671875,3736.612908383376,3631.2030759637855,3634.063444426215,2826510,0.029098522571096908,0.01453659362890362,3566.482421875,3473.052060546875,3579.1265215211215,85.57522744878497,105.40983241959066,66.66792981347336,46.009270721612666,45.05720974921798,3739.1076994234836,3393.8571443265164,101.8232421875,93.43036132812495,BUY,LOW
2024-02-05,3726.203125,3771.874458152277,3715.6996914451147,3735.2998425709893,1691523,0.001764809354907415,0.014326755287534418,3582.0439208984376,3482.1935595703126,3593.1338170905383,-9.096717570989313,56.174766707162235,67.10760911149019,52.250105655675725,46.49578893050953,3753.3389115384657,3410.7489302584095,91.62353515625,99.85036132812502,BUY,LOW
2024-02-06,3878.784912109375,3891.8203887754125,3741.8645549604466,3748.429229618272,4474396,0.04094832782616353,0.016197473597787018,3601.9236572265627,3494.0151025390624,3620.3386832828087,130.35568249110293,149.9558338149659,75.27239236318923,68.71597238874529,50.93982562215668,3810.101240406307,3393.746074046818,180.95068359375,107.90855468750033,BUY,MEDIUM
2024-02-07,3829.455810546875,3896.6031428098927,3820.593545941405,3894.7275215618497,2124267,-0.012717668723650322,0.015986833607849135,3622.1122802734376,3505.257978515625,3640.2546001651003,-65.2717110149747,76.00959686848773,69.28454427298902,76.89840719868562,56.13154193746247,3836.237549892783,3407.987010654092,211.147705078125,116.85430175781266,BUY,MEDIUM
2024-02-08,3877.003662109375,3899.4172483124053,3831.941808049095,3835.6461148623707,2345173,0.012416346842688775,0.01604306051689934,3644.1381103515623,3518.4045458984374,3662.802129874079,41.35754724700428,67.47544026331025,71.62740508429448,86.22580260520681,62.15039407101134,3867.7709818042476,3420.505238898877,274.122314453125,125.73356445312493,BUY,MEDIUM
2024-02-09,3876.628173828125,3924.503225662895,3845.0237708866407,3879.300567921934,2100596,-9.685012292348638e-05,0.01610400914109111,3665.0671630859374,3531.300537109375,3683.1665150125596,-2.672394093809089,79.47945477625444,71.58097095755816,92.52100731887504,68.22451672058408,3893.4175839785457,3436.716742193329,303.288330078125,133.7666259765624,BUY,MEDIUM
2024-02-12,3864.43701171875,3900.9177589811775,3850.228812262782,3873.1584686878864,1013716,-0.0031447849942586314,0.016228770814139003,3684.338916015625,3543.140595703125,3700.4303718417204,-8.721456969136398,50.68894671839553,69.99441692677647,95.42626295397667,73.6648659672626,3911.6799103723624,3456.997921658887,299.818359375,141.19832031249962,BUY,MEDIUM
2024-02-13,3891.4453125,3910.670430925413,3827.674187966924,3868.8911494158424,1257415,0.00698893543855128,0.014135008907520044,3698.1042358398436,3556.007890625,3718.6222709520325,22.554163084157608,82.99624295848889,71.50143055739053,98.76948993321366,78.68579076045282,3940.1256305317283,3456.082841147959,327.24853515625,142.0963452148435,BUY,LOW
2024-02-14,3845.11767578125,3858.997090733716,3797.6643636034514,3851.5884779156377,1391283,-0.011904994930787671,0.01455331175727969,3708.5752807617187,3567.5006689453126,3730.6694523643387,-6.470802134387668,61.33272713026463,65.4309137804513,96.56759714527107,82.26215203741647,3956.928731494889,3460.2218300285485,266.479248046875,141.0746118164061,BUY,LOW
2024-02-15,3848.025390625,3888.4446690678324,3829.0814296291696,3871.282914893268,1091582,0.0007562095854867223,0.014201255349082655,3721.170764160156,3579.0367041015625,3741.8462083891636,-23.257524268267844,59.36323943866273,65.628160621605,93.9739364910256,84.6045089281383,3970.980067167933,3471.361461152379,233.562255859375,142.1340600585936,BUY,LOW
2024-02-16,3871.564208984375,3889.992557853304,3845.118218719311,3857.450339368081,1307556,0.006117116175148762,0.014202050496068012,3733.858203125,3590.6868212890627,3754.2003036839455,14.113869616293869,44.87433913399309,67.25692816115048,92.74867862259453,86.23334286702955,3987.13271044011,3480.58369580989,151.925537109375,143.17138183593715,BUY,LOW
2024-02-19,3848.58740234375,3871.5637647018066,3802.8224229354896,3866.640258482223,772291,-0.005934760577470222,0.014353062057686923,3744.55859375,3600.5269921875,3763.1895511753555,-18.05285613847309,68.74134176631696,64.06560377723477,88.89884610337413,86.76644351429846,3998.2341578811665,3490.8830296188335,122.38427734375,144.03160156249987,BUY,LOW
2024-02-20,3779.986572265625,3843.1482139238024,3760.6208730684352,3828.2371155114192,1193648,-0.017824937543668096,0.014646079668476857,3748.6662109375,3608.793984375,3764.7892674696673,-48.25054324579423,82.52734085536713,55.58518391886661,79.39707240141797,85.29256929172237,4001.842427894107,3495.4899939808934,-98.79833984375,139.87222656250015,BUY,LOW
2024-02-21,3743.271484375,3810.6532761089843,3733.04943912238,3763.434414830734,1885939,-0.009713020718118304,0.013902320844542074,3754.9143798828127,3616.106875,3762.739954793985,-20.162930455734113,77.60383698660416,51.6449654113731,68.11901394392225,81.85785822216235,4000.981874392831,3508.8468853727945,-86.184326171875,138.80750488281274,BUY,LOW
2024-02-22,3832.926513671875,3840.288190887888,3724.0465910094176,3724.0465910094176,2982052,0.023950982361581108,0.014666277407668814,3766.416638183594,3624.91111328125,3769.4243889728314,108.87992266245737,116.24159987847042,59.2426604140999,65.65861134769784,78.61800884726945,4004.354390750161,3528.4788856170267,-44.0771484375,141.50552490234395,BUY,LOW
2024-02-23,3800.1025390625,3873.157895434478,3794.756835314285,3873.157895434478,2538072,-0.008563684822104789,0.014681398103073817,3777.754772949219,3632.5149853515627,3772.3461175528,-73.05535637197818,78.40106012019305,55.78667553746144,60.364262491815225,74.9672595761786,3998.823493419638,3556.6860524788,-76.525634765625,145.23978759765623,BUY,LOW
2024-02-26,3752.227783203125,3798.1335740660365,3735.0658005213595,3785.004223439635,1379284,-0.01259828001146146,0.015057039213442258,3787.1352294921876,3640.6244580078123,3770.430085709974,-32.7764402365101,63.06777354467704,51.10401782159994,51.70928770720684,70.31566520238425,3986.043076422264,3588.227382562111,-112.209228515625,146.51077148437525,BUY,MEDIUM
2024-02-27,3849.150146484375,3867.5313277921664,3750.3049902620937,3750.3049902620937,2960475,0.025830618203703803,0.01589823163827088,3801.3828979492187,3649.2996142578127,3777.9272343551547,98.84515622228128,117.22633753007267,58.66799944300911,52.07074342025271,66.66668084595794,3973.374777528322,3629.3910183701155,-42.295166015625,152.083283691406,BUY,MEDIUM
2024-02-28,3862.795654296875,3896.509674983892,3834.7080400231876,3840.8976823678586,1939225,0.003545070286479435,0.015898501143181656,3815.5907592773438,3654.63880859375,3786.009941016271,21.89797192901642,61.80163496070463,59.61520782738924,52.84906697055567,63.903158070877495,3955.6087540967933,3675.572764457894,17.677978515625,160.95195068359362,BUY,MEDIUM
2024-02-29,3840.4287109375,3880.7545712662445,3811.778548098447,3844.08608110517,3772719,-0.0057903511759661574,0.01597371243829312,3826.8890380859375,3659.5641943359374,3791.192681008769,-3.6573701676697965,68.9760231677974,57.29730655944063,51.07233846454028,61.33699414961006,3932.375316612106,3721.402759559769,-7.5966796875,167.32484375000013,BUY,MEDIUM
2024-03-01,3839.72509765625,3882.536061925083,3832.644581510238,3851.7760560015763,2043265,-0.000183212170882463,0.01476717095468559,3832.893359375,3665.2764404296877,3795.8148159275765,-12.050958345326308,49.891480414844864,57.221934136264444,49.04216506030252,58.87802833174855,3926.250587993426,3739.5361307565736,-31.839111328125,167.61691894531214,BUY,LOW
2024-03-04,3826.92431640625,3861.810830830789,3822.422778973925,3849.7131636292625,1749271,-0.0033337754460113223,0.014809800727878655,3837.9294189453126,3671.4060205078126,3798.7776254969735,-22.788847223012453,39.38805185686442,55.784206368950734,45.87154334689376,56.2767313347776,3917.5829764548407,3758.2758614357845,-21.6630859375,166.52339843749996,BUY,LOW
2024-03-05,3762.59033203125,3811.2626148853183,3732.4865175304053,3809.386993519725,2070859,-0.016810884944652882,0.012079451408192773,3832.1196899414062,3676.110146484375,3795.3312165954762,-46.79666148847491,78.77609735491296,49.10630445212942,37.732629651523894,52.56791099812686,3915.851635807976,3748.3877440748365,-17.396240234375,156.0095434570312,BUY,LOW
2024-03-06,3811.544189453125,3818.7652862706927,3712.276832263034,3745.662985779128,1744204,0.013010679638739031,0.012185915011652828,3831.2241088867186,3681.1134912109374,3796.875309248586,65.88120367399688,106.48845400765867,53.652863510007435,34.83113740930003,49.020556280361504,3915.4326683702006,3747.0155494032365,68.272705078125,150.1106176757812,BUY,LOW
2024-03-07,3853.08935546875,3867.5315494972733,3786.598435635506,3812.2007150112554,2688905,0.010899825359649284,0.012107982445342079,3830.0283935546877,3687.47765625,3802.2290279362205,40.8886404574946,80.9331138617672,57.15130572582536,35.47509676026493,46.311464376342194,3912.2587216133043,3747.798065496071,20.162841796875,142.55073730468757,BUY,LOW
2024-03-11,3865.98388671875,3894.7276920199565,3834.707809455719,3834.707809455719,2304068,0.0033465435292068246,0.012134577667535769,3829.4961791992187,3693.808203125,3808.300919248842,31.276077263030857,60.01988256423738,58.20578420944447,36.60397228583315,44.369965958240385,3910.6438559224293,3748.348502476008,65.88134765625,135.68797607421857,BUY,LOW
2024-03-12,3931.537109375,3966.8927577504023,3864.764800933032,3865.984229655007,4039801,0.016956413833345785,0.01268622555778907,3832.851184082031,3701.6602978515625,3820.0376992608567,65.55287971999314,102.12795681737043,63.168231166533616,42.3005965444172,43.95609207547575,3924.3837965068697,3741.3185716571925,179.309326171875,131.19088623046855,BUY,LOW
2024-03-13,3890.9765625,3977.255146194866,3874.9399080779876,3943.493961270788,2837260,-0.010316714747084732,0.012840970060130978,3832.827746582031,3708.8222607421876,3826.7937814741085,-52.51739877078808,102.31523811687839,58.53691958561376,43.04610643738852,43.7740949478583,3924.3005539418373,3741.354939222225,41.826416015625,124.00548583984346,BUY,LOW
2024-03-14,3945.932373046875,3962.2501875616867,3831.8945009176455,3895.1500154804917,2919608,0.014123911995904015,0.012882169168933574,3837.8684814453127,3716.7536474609374,3838.1403140048483,50.782357566383325,130.35568664404127,62.543942668841744,47.52358076824339,44.52399211193532,3941.762472070575,3733.9744908200505,83.13671875,121.11483398437531,BUY,LOW
2024-03-15,3956.857177734375,3975.378936165436,3917.2346818502065,3931.8646180674227,3373143,0.002768624409815734,0.012884953800680268,3843.3100708007814,3725.423212890625,3849.4466819790887,24.992559666952275,58.14425431522932,63.30317298655442,51.36148860061394,45.89149140967105,3959.4416647676453,3727.1784768339176,116.428466796875,117.88685791015632,BUY,LOW
2024-03-18,3894.259033203125,3990.1501797762785,3861.7639831846413,3953.106656161222,1526904,-0.015820167804765806,0.013392626612909861,3844.4448120117186,3734.54419921875,3853.714524952806,-58.84762295809696,128.38619659163714,56.26554259051027,48.78949615794863,46.47109235932656,3962.092152210708,3726.7974718127293,54.533935546875,109.90061279296879,BUY,LOW
2024-03-19,3729.95458984375,3805.6358684946754,3719.9200610190014,3799.3056461900082,8931209,-0.04219145207303543,0.016406680846118068,3838.5131713867186,3740.843828125,3841.9278644662295,-69.35105634625825,85.71580747567396,42.81194423527337,33.111489547044584,43.79917179687017,3966.2563872432297,3710.7699555302074,-96.9697265625,97.6693432617185,BUY,MEDIUM
2024-03-20,3723.952392578125,3768.123367840969,3713.9178639455963,3738.113425638154,1817913,-0.0016091877584698544,0.015948402840194376,3835.711462402344,3745.699072265625,3830.6921052387906,-14.161033060028785,54.20550389537266,42.41297416761086,19.97200436292951,39.033738310082036,3970.7177317076657,3700.705193097022,-38.637939453125,90.01239013671875,BUY,MEDIUM
2024-03-21,3725.875,3759.120343748554,3702.476668668117,3741.9116546616547,3829582,0.0005162814180188491,0.015804989217463223,3834.8416381835937,3751.7029052734374,3820.7095237874773,-16.036654661654666,56.64367508043733,42.59750594244529,9.603305117143918,33.147651671494415,3972.4186935457733,3697.264582821414,-85.669189453125,83.13873291015625,BUY,MEDIUM
2024-03-22,3667.683837890625,3693.098599879169,3615.260310445454,3654.6483605203457,5852485,-0.01561811979987926,0.015094734420924074,3826.5795043945313,3756.3268408203126,3806.1356489401583,13.035477370279295,77.83828943371509,38.569067366035185,-3.271789048446408,25.863763527506254,3982.277954105867,3670.8810546831955,-185.405517578125,70.25266357421879,BUY,MEDIUM
2024-03-26,3636.361083984375,3701.257540323518,3630.6872833100233,3634.0165571732955,3440925,-0.008540200107396534,0.015094205380171736,3818.392431640625,3759.8931201171877,3789.966642753893,2.344526811079504,70.57025701349448,36.56459123980192,-15.820509415165361,17.526908938971932,3994.660120555615,3642.1247427256353,-229.622802734375,58.49931152343743,BUY,MEDIUM
2024-03-27,3602.036865234375,3652.7725134223638,3591.2520426658625,3646.6767441445086,1968575,-0.009439166781641695,0.01499466138480588,3810.8828857421877,3762.353818359375,3772.068568704415,-44.639878910133575,61.520470756501254,34.45160524215939,-28.209951546752563,8.379536841827033,4009.2036338232992,3612.562137661076,-329.500244140625,48.52906738281263,BUY,LOW
2024-03-28,3635.235595703125,3671.5288233376846,3601.661927465741,3610.6650016041267,4311783,0.009216654829153237,0.013787218560569551,3800.187158203125,3762.735751953125,3759.0368569900065,24.5705940989983,69.8668958719436,38.17311176012667,-34.946966723033256,-0.2857638711450248,4011.731579589662,3588.642736816588,-255.740966796875,37.45140624999976,BUY,LOW
2024-04-01,3673.170166015625,3688.690979343402,3646.2550439346555,3655.3048258696854,1569676,0.010435243965298602,0.014036971939503581,3790.7058837890627,3763.4852197265627,3750.859076897208,17.865340145939626,42.435935408746445,42.21053061057977,-36.80087936643804,-7.588786970203628,4007.1179039403346,3574.2938636377908,-272.76220703125,27.220664062499964,BUY,LOW
2024-04-02,3642.268798828125,3666.6988103791205,3632.140398710212,3648.083178668403,2142666,-0.008412724102302982,0.014082296032464412,3780.797888183594,3764.40828125,3740.5171456525336,-5.814379840277979,34.55841166890832,39.92344891315136,-40.29905811492972,-14.130841199148849,4005.1942577814484,3556.4015185857393,-314.58837890625,16.389606933593768,BUY,LOW
2024-04-03,3701.8203125,3733.424488071944,3611.509094088183,3611.509094088183,3973090,0.01635011498630612,0.014700264309833828,3773.9026489257812,3766.08837890625,3736.83173297134,90.31121841181721,121.91539398376108,45.99619371889964,-37.82999982593492,-18.870672924506064,3999.1060274082824,3548.69927044328,-192.438720703125,7.81427001953125,BUY,LOW
2024-04-04,3754.337646484375,3778.1110105154908,3690.519582126367,3728.6414957560305,3394637,0.014186894433270814,0.01511543875354521,3770.2733154296875,3768.4835400390625,3738.4989628297244,25.69615072834449,87.59142838912385,50.72648746967799,-31.2750243833716,-21.351543216279172,3994.27816326351,3546.268467595865,24.383056640625,1.7897753906249818,BUY,MEDIUM
2024-04-05,3731.783447265625,3753.118641944344,3714.19949560734,3730.6111838217394,1636819,-0.0060075042104618115,0.014702328568805172,3768.7329711914062,3769.1625244140623,3737.8593899188577,1.1722634438856403,38.919146337003895,48.75151397265126,-27.58214470783514,-22.597663514590366,3993.3508011939284,3544.115141188884,7.8310546875,-0.4295532226560681,SELL,LOW
2024-04-08,3725.499755859375,3781.8620387375217,3713.7301863711327,3735.299831392985,2302538,-0.001683830665697994,0.014365059092404917,3764.4307495117187,3771.306357421875,3736.6822819131926,-9.800075533610197,68.13185236638901,48.18859887099353,-24.875799607467798,-23.053290733165852,3988.899890395931,3539.9616086275064,-0.375244140625,-6.875607910156305,SELL,LOW
2024-04-09,3701.11669921875,3766.1070236289547,3680.953770065772,3736.237662579727,1876992,-0.006544908935311566,0.014129485633754971,3756.8321166992187,3773.271064453125,3733.295083561341,-35.12096336097693,85.15325356318272,45.970445909296544,-24.417046003212818,-23.326041787175246,3979.0597082302247,3534.6045251682126,33.432861328125,-16.438947753906177,SELL,LOW
2024-04-10,3736.84716796875,3742.0520629416483,3674.342178842318,3710.3540167302876,2101965,0.009653969775538895,0.014322162479753346,3750.375280761719,3776.5412109375,3733.633377314428,26.49315123846236,67.70988409933034,49.629420466904385,-20.92907292576865,-22.84664801489393,3966.974905350151,3533.7756561732867,100.486083984375,-26.16593017578134,SELL,LOW
2024-04-12,3752.5556640625,3763.76268515537,3700.1321372268762,3724.0463102085732,4354821,0.004203676358080388,0.013723977766247128,3741.4262084960938,3780.299951171875,3735.4354998618633,28.50935385392677,63.6305479284938,51.19429378513359,-16.704723129115337,-21.61826303773821,3941.506399867342,3541.3460171248453,150.518798828125,-38.87374267578116,SELL,LOW
2024-04-15,3696.099853515625,3811.450581115032,3675.3274360228825,3752.5560174922475,4200329,-0.015044629740616822,0.013909945451019451,3731.682373046875,3782.9380126953124,3731.689247828888,-56.45616397662252,136.12314509214957,45.69926270108232,-17.708277569903203,-20.83626594417121,3920.335885276929,3543.028860816821,60.8642578125,-51.25563964843741,SELL,LOW
2024-04-16,3631.953369140625,3684.37689632826,3622.622198353119,3659.33739612377,3051420,-0.017355181655599905,0.013712712500026472,3715.9834228515624,3784.0043115234375,3722.19059271572,-27.38402698314485,61.75469797514097,40.393919447267976,-23.409832907330838,-21.350979336803135,3881.5517829685355,3550.4150627345894,-41.216796875,-68.02088867187513,SELL,LOW
2024-04-18,3621.8251953125,3691.2231923226304,3610.571466067614,3635.7048405060677,3476284,-0.0027886299185942987,0.013623355026056966,3699.231823730469,3784.151552734375,3712.631983439223,-13.87964519356774,80.65172625501646,39.611978776171426,-28.41803021032456,-22.76438951150742,3827.526557775794,3570.9370896851437,-20.443603515625,-84.91972900390601,SELL,LOW
2024-04-19,3588.25146484375,3612.962869820078,3564.5248069516724,3599.3176775438415,2957749,-0.009269837349467402,0.013409507156488963,3683.9314453125,3781.52380859375,3700.786219763464,-11.066212700091455,48.43806286840572,37.051524493063,-34.69622562515906,-25.150756734237753,3785.8104813779087,3582.052409247091,-113.56884765625,-97.59236328125007,SELL,LOW
2024-04-22,3624.26318359375,3636.829754907987,3574.9342510854167,3598.3795176848753,1728883,0.010036007538164027,0.010306410288844816,3678.646875,3779.485009765625,3693.498311556825,25.88366590887472,61.89550382257039,41.425047043681936,-36.34691141313306,-27.389987670016815,3781.3895904637493,3575.9041595362505,-130.074462890625,-100.838134765625,SELL,LOW
2024-04-23,3633.7353515625,3652.7729560208513,3620.5123570552523,3635.9392984592287,1807586,0.0026135430814264726,0.01034477403927573,3674.136022949219,3774.5840185546876,3687.806601081175,-2.2039468967286666,32.260598965599,42.555582551968186,-36.47035939864645,-29.206062015742745,3776.4471437468155,3571.824902151622,-98.048095703125,-100.4479956054688,SELL,LOW
2024-04-24,3592.800048828125,3655.5864350077914,3586.6104060723746,3648.0839487378935,1317312,-0.011265350603139823,0.010576279479589628,3667.482275390625,3769.8509033203127,3678.758358009456,-55.28389990976848,68.9760289354167,39.048026295989125,-39.41695550971235,-31.24824071453667,3772.7353029031883,3562.229247878062,-132.69970703125,-102.36862792968759,SELL,LOW
2024-04-25,3612.634521484375,3632.7505162587627,3573.9967644173494,3574.184280775608,2856271,0.005520616896762531,0.01016720744039746,3664.7298095703127,3764.5635205078124,3672.4608497689724,38.45024070876707,58.753751841413305,41.56138988138578,-39.69410899726063,-32.937414371081466,3772.662856522655,3556.79676261797,-88.482177734375,-99.83371093749975,SELL,LOW
2024-04-26,3583.703125,3635.7046841917695,3566.07223748283,3615.400944510773,2039178,-0.008008392853558699,0.010146316301454829,3662.0969116210936,3758.70501953125,3664.007733124308,-31.697819510773115,69.63244670893937,39.03306093384348,-41.76681519284193,-34.703294535433564,3775.118687497206,3549.0751357449813,-153.14404296875,-96.60810791015638,SELL,LOW
2024-04-29,3629.51513671875,3636.6425900369045,3581.686788233394,3599.3176762116937,1110693,0.012783428236330163,0.010351362227540625,3663.4708251953125,3754.00658203125,3660.722723942826,30.19746050705635,54.95580180351044,44.7632180828632,-39.26023574808005,-35.61468277796286,3774.183262820517,3552.758387570108,-123.04052734375,-90.53575683593772,SELL,LOW
2024-04-30,3583.04638671875,3640.3467125091584,3573.058794270598,3631.2030581143713,2203078,-0.012803018653893772,0.010537076563961027,3660.861364746094,3747.838603515625,3653.3249775405334,-48.15667139562129,67.28791823856045,40.595343234816404,-40.555890191664275,-36.60292426070315,3776.4649076568962,3545.2578218352915,-113.053466796875,-86.97723876953114,SELL,LOW
2024-05-02,3623.04443359375,3630.3594034721755,3543.0960645672344,3543.0960645672344,2491044,0.011163139562820223,0.010578627813554639,3658.355078125,3743.397138671875,3650.4411162122683,79.94836902651559,87.26333890494107,45.31513653020447,-37.91810129912574,-36.86595966838767,3774.951716076698,3541.758440173302,-8.908935546875,-85.04206054687484,SELL,LOW
2024-05-03,3604.381591796875,3651.459872612422,3561.430044438285,3648.224242496259,2962234,-0.0051511490236852975,0.010477046960469633,3656.4607177734374,3738.5242626953127,3646.0544948393735,-43.842650699384194,90.02982817413658,43.575461398432864,-36.90811616997462,-36.87439096870506,3775.2516911090925,3537.6697444377824,-17.443603515625,-82.06354492187529,SELL,LOW
2024-05-06,3677.20263671875,3694.927167103904,3613.384573734727,3613.384573734727,2053831,0.0202034782020879,0.010832067438400724,3655.229833984375,3734.63703125,3649.0209845421714,63.81806298402307,81.54259336917721,51.41345174436843,-29.887125762541928,-35.476937927472434,3772.6171498237745,3537.8425181449757,88.951171875,-79.40719726562475,SELL,LOW
2024-05-07,3731.501708984375,3739.988941315255,3670.12204659911,3686.3462169354693,2062112,0.014766407410736981,0.01087349290693627,3654.088037109375,3732.2953173828123,3656.876291631905,45.15549204890567,69.866894716145,56.289244190803586,-19.71420585219539,-32.32439151241703,3767.989640272193,3540.186433946557,107.238525390625,-78.20728027343739,SELL,LOW
2024-05-08,3729.6259765625,3736.518976345146,3693.6610759161904,3714.6679426556366,1247685,-0.0005026749464857039,0.010789400075117556,3653.9801635742188,3731.28810546875,3663.804833053867,14.95803390686342,42.85790042895542,56.079881442957834,-11.668937217034,-28.193300653340422,3767.590943713064,3540.3693834353735,95.890625,-77.30794189453127,SELL,LOW
2024-05-09,3713.91796875,3724.0463703208047,3666.886852709913,3715.6060738380834,1726486,-0.004211684472172683,0.010825235031876962,3653.40107421875,3730.70103515625,3668.577512643975,-1.6881050880833754,57.159517610891726,54.2598151407747,-6.485745180602407,-23.85178955879282,3765.65776964295,3541.1443787945504,121.117919921875,-77.29996093749969,SELL,LOW
2024-05-10,3651.7412109375,3726.484911351382,3643.4417231221314,3716.1689930361385,1672489,-0.016741553888824035,0.011371092684925482,3650.9322998046873,3727.0773291015626,3666.974055338597,-64.42778209863854,83.04318822925052,47.66541698079984,-7.310897397152075,-20.543611126464672,3761.0339852346847,3540.83061437469,39.106689453125,-76.14502929687524,SELL,LOW
2024-05-13,3702.2890625,3709.041253630369,3629.327345524533,3642.925600436705,931326,0.013842123152402408,0.011606191810408445,3649.20439453125,3725.1210595703124,3670.337389353969,59.363462063295174,79.7139081058358,52.69846844651202,-3.8417618592961844,-17.203241273030976,3754.85319484895,3543.5555942135497,118.5859375,-75.91666503906254,SELL,LOW
2024-05-14,3658.5869140625,3700.413361230903,3650.8030397651737,3691.222770938554,1058317,-0.011804088686686698,0.01182192778462102,3644.50595703125,3723.2482421875,3669.218296469067,-32.63585687605382,49.61032146572916,48.36753667126789,-4.566208685228958,-14.675834755470571,3739.1351126895925,3549.8768013729077,29.07177734375,-78.74228515625009,SELL,LOW
2024-05-15,3639.08056640625,3682.7357004952323,3634.485385536964,3661.6818959693137,1115021,-0.005331661680982203,0.011415820669079282,3641.654992675781,3719.0468505859376,3666.3480364630846,-22.6013295630637,48.25031495826852,46.52943722471738,-6.63782058484594,-13.068231921345646,3733.282859896323,3550.0271254552395,56.0341796875,-77.39185791015643,SELL,LOW
2024-05-16,3684.942138671875,3693.0187445265583,3630.67337116967,3675.637702384871,2599399,0.01260251633035847,0.011077951315628649,3644.3044311523436,3715.4897802734376,3668.1189033401124,9.304436287004137,62.3453733568881,51.2228536229113,-4.526760660679884,-11.359937669212496,3737.7042119672597,3550.9046503374275,61.897705078125,-71.18534912109408,SELL,LOW
2024-05-17,3621.794189453125,3702.9375501529057,3617.9211268075583,3701.992923226846,2765804,-0.017136754619845873,0.011764704130969503,3644.302880859375,3711.11708984375,3663.7070258270655,-80.19873377372096,85.01642334534745,45.323640187393266,-7.858652559074926,-10.659680647184983,3737.7041551233997,3550.90160659535,17.41259765625,-66.814208984375,SELL,LOW
2024-05-21,3608.66357421875,3631.8542103330115,3599.0757035999536,3618.487832180219,1908117,-0.0036254448893346947,0.011595465003448477,3645.323486328125,3706.495859375,3658.464792340559,-9.824257961468902,32.77850673305784,44.18415828030694,-11.427008366439168,-10.81314619103582,3736.6761616044714,3553.9708110517786,-68.5390625,-61.17237304687478,SELL,LOW
2024-05-22,3619.810546875,3628.548346342274,3606.1607332910276,3622.644427783305,1311168,0.0030889475915369946,0.011392232537886033,3645.1008544921874,3702.353583984375,3654.7834356295534,-2.8338809083052183,22.387613051246262,45.43824487761097,-13.203289218816735,-11.291174796592003,3736.679169425709,3553.522539558666,-111.691162109375,-57.25272949218743,SELL,LOW
2024-05-23,3677.857666015625,3688.7681531563644,3613.6703123942825,3628.264752304816,2095742,0.016035955028292026,0.011936644627679247,3647.3069702148437,3700.6589306640626,3656.980981380608,49.59291371080917,75.09784076208189,51.54383324892399,-9.813957998278056,-10.995731436929214,3739.8050068891616,3554.8089335405257,-51.768310546875,-53.35196044921895,SELL,LOW
2024-05-24,3636.341064453125,3668.7418115804035,3631.429050950218,3663.4990864307915,1309452,-0.011288256733294588,0.01193785124613481,3649.484020996094,3697.1548681640625,3655.0152750065618,-27.15802197766652,37.312760630185494,47.453720620197586,-10.358524739328459,-10.868290097409064,3738.740829757163,3560.227212235025,-77.576904296875,-47.67084716796853,SELL,LOW
2024-05-27,3634.02685546875,3691.9325288692844,3628.64252842061,3641.5365929797185,1841538,-0.0006364114210840599,0.011885456662115459,3650.5536376953123,3692.7736181640626,3653.016377907723,-7.5097375109685345,63.29000044867462,47.228747596359746,-10.851742991163519,-10.864980676159956,3738.5218663977935,3562.585408992831,-17.71435546875,-42.21998046875024,SELL,LOW
2024-05-28,3627.272705078125,3655.706066734782,3617.9209911096164,3644.370544047232,1801993,-0.0018585857120072546,0.011736113908100053,3652.7321166992188,3687.99939453125,3650.5645995429995,-17.097838969107215,37.78507562516552,46.53532850383007,-11.653293584403855,-11.022643257808737,3736.002929912192,3569.4613034862455,-75.016357421875,-35.26727783203114,SELL,LOW
2024-05-29,3593.02978515625,3635.774149635783,3589.5819894414226,3635.774149635783,1568095,-0.009440404046250905,0.011579858782953392,3650.907849121094,3681.229248046875,3645.085093410928,-42.74436447953303,46.19216019436044,43.08176386341671,-14.880116936587001,-11.79413799356439,3737.6591290587085,3564.1565691834794,-65.55712890625,-30.321398925781068,SELL,LOW
2024-05-30,3529.220947265625,3584.292515624753,3509.714261782953,3567.856098444586,2919230,-0.017759061768492956,0.011906726490401273,3648.2165771484374,3673.9941357421876,3634.050412825661,-38.63515117896122,74.57825384179978,37.49732187146257,-22.328844614767604,-13.901079317805035,3745.875768176476,3550.557386120399,-109.859619140625,-25.7775585937502,SELL,LOW
2024-05-31,3467.677734375,3542.161650427461,3451.4301994032935,3532.9042615855815,10956800,-0.017438186446872228,0.012123873901250611,3640.4482421875,3664.42904296875,3618.2053958303604,-65.22652721058148,90.73145102416765,33.04780425130697,-32.819712688778964,-17.684805991999824,3765.700215695934,3515.196268679066,-217.264404296875,-23.980800781249854,SELL,LOW
2024-06-03,3497.81201171875,3543.815298291685,3491.3412248298496,3526.103542889748,2156773,0.008690045515195921,0.012334909034341089,3635.119763183594,3655.2481396484377,3606.739359248302,-28.29153117099804,52.47407346183536,36.990420956676694,-38.26116597645159,-21.800077988890177,3774.343842667585,3495.895683699603,-123.982177734375,-20.128376464843768,SELL,LOW
2024-06-04,3509.288818359375,3537.627624429572,3392.6274000370645,3495.1194153242764,3395997,0.0032811387810933734,0.011310943419100428,3626.724072265625,3647.5487353515623,3597.4583553541183,14.16940303509864,145.00022439250733,38.476379137979144,-41.172859435901046,-25.674634278292352,3774.757465425011,3478.6906791062393,-99.374755859375,-20.824663085937118,SELL,LOW
2024-06-05,3538.99755859375,3574.2794671048623,3495.1196832887176,3510.2337143515874,2799670,0.00846574385070542,0.010891331331349598,3617.0988647460936,3643.7295947265625,3591.890660424559,28.763844242162577,79.15978381614468,42.271602709185494,-40.61496637904247,-28.66270069844238,3761.6216125058745,3472.5761169863126,-80.81298828125,-26.630729980468914,SELL,LOW
2024-06-06,3618.298828125,3627.2727837806888,3534.321587974697,3571.63435096414,4328036,0.02240783391858603,0.012243190246170307,3611.532507324219,3641.6165234375,3594.405724015077,46.66447716085986,92.95119580599157,50.966576564368715,-33.38899486044602,-29.607959530843107,3746.553635611311,3476.5113790371265,-59.558837890625,-30.084016113280995,SELL,LOW
2024-06-07,3678.329833984375,3698.2142761529285,3624.8168128885063,3624.8168128885063,4552445,0.016590947489675045,0.012863522512640429,3609.7531005859373,3640.6656201171877,3602.398496393105,53.51302109586868,73.39746326442219,56.328900764233936,-22.558321609396444,-28.198031946553776,3740.1902883740577,3479.315912797817,41.98876953125,-30.912519531250382,SELL,LOW
2024-06-10,3645.031494140625,3689.617834286387,3629.161717309955,3679.321494112552,1734661,-0.009052570418265349,0.012458015801099532,3609.417614746094,3640.2125732421873,3606.4587818928685,-34.289999971927045,60.456116976431986,52.87475348378516,-16.471954330618246,-25.852816423366672,3739.4550035358543,3479.3802259563336,11.004638671875,-30.794958496093386,SELL,LOW
2024-06-11,3638.79736328125,3665.1050839975637,3628.3119124726636,3632.0904200618043,1419898,-0.0017103091892062272,0.01202518931255215,3606.243029785156,3640.261298828125,3609.538646787,6.706943219445748,36.79317152490012,52.229010950532135,-12.013027963313107,-23.08485873135596,3730.004991985904,3482.4810675844083,11.524658203125,-34.01826904296877,SELL,LOW
2024-06-12,3619.479248046875,3677.9045088776033,3615.511861543188,3659.862044439457,2177001,-0.005308928556811754,0.011797806731303373,3604.287646484375,3640.610146484375,3610.4853707165116,-40.382796392581895,62.392647334415415,50.18375478094068,-9.923712760180479,-20.452629537120867,3725.8968247683106,3482.678468200439,26.449462890625,-36.32250000000022,SELL,LOW
2024-06-13,3663.404541015625,3674.598461482482,3638.7026410361236,3643.236896058969,1932323,0.012135804616769885,0.012062627195806735,3605.5038452148438,3641.173525390625,3615.5252916973795,20.167644956656204,35.89582044635836,54.5426334448498,-4.669682176056995,-17.296040064908095,3728.953137128373,3482.0545533013146,134.18359375,-35.669680175781195,SELL,LOW
2024-06-14,3619.857421875,3673.6538756786167,3616.031636949793,3673.6538756786167,1860730,-0.011887062608857302,0.012001806558814053,3602.249609375,3640.1072705078127,3615.93787552382,-53.796453803616714,57.622238728823504,49.88266590824957,-3.973904958391813,-14.631613043604839,3720.471790074992,3484.027428675008,152.1796875,-37.85766113281261,SELL,LOW
2024-06-18,3603.84619140625,3629.256562858962,3584.9063758687394,3614.1898098741085,1774045,-0.004423166053997951,0.011414548272479268,3601.3522094726563,3639.338818359375,3614.7862865602415,-10.343618467858505,44.35018699022248,48.25037542738928,-4.660742845666391,-12.63743900401715,3719.239335130521,3483.465083814792,106.0341796875,-37.98660888671884,SELL,LOW
2024-06-19,3591.18798828125,3621.557881055292,3582.9225030243783,3615.7010098615556,1509050,-0.0035124149180353337,0.011412783886157615,3600.4784301757813,3637.126171875,3612.53882958129,-24.513021580305576,38.63537803091367,46.94255958653699,-6.155521008395681,-11.341055404892856,3718.394890021005,3482.561970330558,81.899169921875,-36.64774169921884,SELL,LOW
2024-06-20,3577.5380859375,3598.981069597492,3570.736818650082,3585.8035709865335,2846526,-0.003800943417134439,0.011412872965901625,3598.3648071289062,3633.5901806640627,3609.2054254247387,-8.265485049033487,28.24425094740991,45.51005690919427,-8.345376211649182,-10.741919566244121,3716.334835629509,3480.3947786283034,38.54052734375,-35.22537353515645,SELL,LOW
2024-06-21,3599.7373046875,3663.0745905361437,3587.740588030383,3615.0874932858524,4642195,0.006205166295017328,0.010860378788811426,3594.4587890625,3630.9492578125,3608.3036996402393,-15.35018859835236,75.33400250576051,48.274612085836324,-8.195092881301662,-10.23255422925563,3706.6748910399165,3482.242687085083,-18.5615234375,-36.49046875000022,SELL,LOW
2024-06-24,3605.45166015625,3643.425611853127,3581.3636764636767,3597.8473681995324,1702154,0.0015874368002657402,0.010597922922225743,3592.9143188476564,3628.5482958984376,3608.03207683224,7.604291956717589,62.061935389450355,48.99201204258111,-7.5281121391481065,-9.691665811234126,3703.6222934232287,3482.206344272084,-72.878173828125,-35.63397705078114,SELL,LOW
2024-06-25,3625.903076171875,3634.5935975227003,3582.8752747763524,3605.6408753024607,1338808,0.005672358956197554,0.010683220642989327,3592.5081298828127,3627.0440234375,3609.734076769348,20.2622008694143,51.718322746347894,51.580344728130015,-5.288306438047584,-8.810993936596818,3702.6680098990873,3482.348249866538,-19.12841796875,-34.53589355468739,SELL,LOW
2024-06-26,3642.339599609375,3652.8248194664434,3628.3117983770853,3631.6179924136177,1639845,0.004533084059944903,0.010722045757034622,3593.261474609375,3625.1538720703124,3612.8393646588747,10.721607195757315,24.513021089358062,53.61742446120167,-2.1620316522789835,-7.481201479733251,3704.5621888452306,3481.9607603735194,3.542236328125,-31.892397460937445,SELL,LOW
2024-06-27,3716.3037109375,3723.7191241208575,3606.679947095457,3618.865541478185,4526556,0.02030675869324683,0.011350178376983969,3599.4251708984375,3624.4288330078125,3622.6931119235055,97.43816945931485,117.03917702540048,61.47253848840312,6.212238461347624,-4.742513491517077,3722.9717290445888,3475.8786127522862,96.824462890625,-25.003662109375,SELL,LOW
2024-06-28,3687.964599609375,3740.7220982180547,3682.0136353141756,3700.858893699783,2731571,-0.007625617692310738,0.010637286353649975,3607.362353515625,3624.2661279296876,3628.9094440840645,-12.894294090408039,58.70846290387908,57.45746100049142,10.441811709822105,-1.7056484512492407,3732.2377956260725,3482.486911405177,24.56005859375,-16.90377441406281,SELL,LOW
2024-07-01,3757.914306640625,3780.1130365410763,3668.9305078023185,3668.9305078023185,2658723,0.018967022362052832,0.010195525776854944,3621.8741821289063,3626.7853466796873,3641.1956214704037,88.98379883830648,111.18252873875781,63.7509782942316,19.216618528529125,2.4788049447064324,3745.899675139542,3497.8486891182706,138.056884765625,-4.911164550780995,SELL,LOW
2024-07-02,3794.94384765625,3800.61160880511,3762.0237400230303,3772.4619129298726,2307449,0.009853748115062011,0.010226516481483991,3636.7307739257812,3630.2477197265625,3655.838309678579,22.481934726377403,38.58786878207957,66.57032982039739,28.8263978717423,7.748323530113607,3768.684504593115,3504.7770432584475,191.09765625,6.483054199218714,BUY,LOW
2024-07-03,3745.681640625,3803.162277059337,3735.9992153513335,3797.399960989219,1821198,-0.012981010789309688,0.010920849933284738,3648.5504150390625,3633.3963232421875,3664.394817387762,-51.718320364218926,67.16306170800362,59.89609245188478,32.09717260399748,12.618093344890383,3774.9574529603074,3522.1433771178176,154.49365234375,15.154091796875036,BUY,LOW
2024-07-04,3798.2978515625,3823.236142486343,3761.5992313523902,3778.366360434806,2518001,0.014047165772668402,0.01112857101755968,3661.5154296875,3636.8770166015624,3677.1474873091656,19.93149112769379,61.63691113395271,64.04274680514096,38.49127023135998,17.792728722184304,3793.389862746708,3529.6409966282918,220.759765625,24.638413085937373,BUY,LOW
2024-07-05,3789.654052734375,3803.7761780539627,3767.171887521997,3787.953678275629,1668616,-0.0022757032665484678,0.010268488530933421,3670.0831909179688,3639.995390625,3687.862398302043,1.700374458745955,36.60429053196549,62.892269186422695,42.37271011572375,22.708725000892194,3811.5314372055236,3528.634944630414,189.916748046875,30.08780029296895,BUY,LOW
2024-07-08,3772.083984375,3808.027083028784,3757.7729794930797,3799.2892844506714,1758882,-0.004636325140733533,0.009807496053321695,3674.7708984375,3643.5810693359376,3695.8835017375627,-27.205300075671403,50.25410353570442,60.51264779713302,43.52924348801571,26.8728286983169,3823.050832749157,3526.4909641258428,166.63232421875,31.18982910156228,BUY,LOW
2024-07-09,3764.810791015625,3785.072993408959,3754.986762770923,3764.338477530364,1305801,-0.0019281631558317747,0.00953716481354225,3680.75986328125,3646.6245947265625,3702.4480054783307,0.47231348526111105,30.086230638035886,59.508890266443366,43.359101862277384,30.170083331108998,3833.3639855629876,3528.1557409995125,138.90771484375,34.13526855468763,BUY,LOW
2024-07-10,3692.688232421875,3781.624995321451,3685.9342421919528,3763.1102154389605,2669716,-0.0191570207899594,0.010600386537172688,3683.4544067382812,3648.804296875,3701.518503282478,-70.4219830170855,95.69075312949826,50.55384951398368,36.97831270229972,31.531729205347144,3834.898332983056,3532.0104804935063,50.3486328125,34.65010986328116,BUY,LOW
2024-07-11,3706.432373046875,3759.6149115124776,3679.8884965924376,3713.3281952652137,4872189,0.0037219878202352508,0.010519011776041663,3687.8020629882812,3650.3426416015627,3701.986490879087,-6.895822218338708,79.72641492004004,52.035139374604064,32.654112325367805,31.75620582935128,3836.619694800434,3538.9844311761285,-9.871337890625,37.45942138671853,BUY,LOW
2024-07-12,3952.27197265625,3967.386003323572,3751.3969204452933,3759.6151284962884,13509164,0.06632782548445171,0.01787852791496089,3702.2454345703127,3657.7271533203125,3725.823203429293,192.65684415996157,215.98908287827862,69.5860415452654,48.505215562133344,35.10600777590769,3889.8142550491566,3514.6766140914688,264.307373046875,44.5182812500002,BUY,MEDIUM
2024-07-15,3938.338623046875,4005.2180225102193,3926.8610373129627,4001.156311371623,4848030,-0.0035254025294242375,0.01758403993111738,3718.1694946289062,3664.033037109375,3746.062767202396,-62.817688324747905,78.35698519725656,68.06586507907409,59.259912823670675,39.936788785460294,3927.831607235485,3508.5073820223274,180.42431640625,54.13645751953118,BUY,MEDIUM
2024-07-16,3947.076416015625,3962.2845399612966,3915.383907085896,3940.983388073058,2029521,0.0022186494877858287,0.017471634607514445,3735.331005859375,3670.88693359375,3765.2069242322273,6.093027942567005,46.90063287540033,68.53016355506854,67.70766296256807,45.49096362088185,3960.3773206294663,3510.284691089284,152.132568359375,64.44407226562498,BUY,MEDIUM
2024-07-18,4076.5849609375,4085.511870794273,3929.648412139694,3929.648412139694,5613364,0.03281125858024492,0.01843443005297659,3759.6008544921874,3678.874580078125,3794.8619753470152,146.93654879780615,155.86345865457906,74.45780222473635,83.88583929920333,53.169938756546145,4019.2643907250304,3499.9373182593445,330.9033203125,80.72627441406257,BUY,MEDIUM
2024-07-19,4073.601806640625,4126.955252351664,4057.363922028097,4087.804118951557,3903354,-0.000731777781025067,0.0183566355278668,3784.4040405273436,3685.71658203125,3821.408625946406,-14.20231231093203,69.59133032356704,74.11151624246847,95.36711227659816,61.609373460556554,4063.7860534598685,3505.0220275948186,275.303955078125,98.68745849609377,BUY,MEDIUM
2024-07-22,4059.352783203125,4090.219237805453,4038.191243077126,4071.282819315056,1896386,-0.003497893047443079,0.018497239475693383,3807.384814453125,3692.3111181640625,3844.06997425657,-11.930036111930804,52.02799472832703,72.3799580439779,102.1389326852227,69.71528530548979,4097.627552215788,3517.142076690462,269.69873046875,115.07369628906235,BUY,MEDIUM
2024-07-23,4073.554443359375,4129.748348674782,4039.4212771190782,4055.233368947045,2365208,0.003498503558255317,0.018477167679169865,3830.7899536132813,3699.50384765625,3865.9256379806466,18.321074412329835,90.32707155570415,73.05566374399416,107.41340951144957,77.25491014668175,4127.544901637908,3534.0350055886543,301.470458984375,131.2861059570314,BUY,MEDIUM
2024-07-24,4077.246826171875,4108.349980054808,4041.1257072749645,4059.493937233536,1809793,0.0009064277558679112,0.018516108018221608,3853.357141113281,3708.0139599609374,3886.0514654274302,17.752888938338856,67.22427277984343,73.23897464259414,110.61629899269383,83.92718791588418,4152.988345875387,3553.7259363511757,312.43603515625,145.34318115234373,BUY,MEDIUM
2024-07-25,4092.633544921875,4112.043374342557,4046.9022780908194,4066.595968869741,2810342,0.0037738011471939448,0.01852014187693729,3875.8718383789064,3715.820849609375,3905.7259491888058,26.037576052134227,65.14109625173796,74.031816102971,113.0925312900481,89.76025659071696,4176.365051970797,3575.378624787016,399.9453125,160.0509887695316,BUY,MEDIUM
2024-07-26,4154.5078125,4187.2679052166895,4106.4090376287495,4118.670552129421,3552210,0.015118448035714938,0.01834475801335674,3897.7820434570312,3725.739267578125,3929.419459980348,35.837260370579315,80.85886758794004,76.98471573400677,118.67963456298185,95.54413218516994,4212.124447253223,3583.4396396608395,448.075439453125,172.04277587890647,BUY,MEDIUM
2024-07-29,4148.11669921875,4195.362964674367,4138.553716676068,4180.21383187482,1746803,-0.0015383563034880865,0.018160834778642897,3920.7896484375,3735.919990234375,3950.2477684792434,-32.097132656070244,56.809247998298815,76.02309508149234,121.19468781064506,100.67424331026497,4237.68484136906,3603.8944555059393,195.8447265625,184.86965820312525,BUY,MEDIUM
2024-07-30,4133.20458984375,4164.118198879963,4097.177778242139,4157.585227320139,1797906,-0.0035949107646389145,0.018016315374521696,3939.554162597656,3744.8852392578124,3967.6722276568153,-24.380637476388983,66.94042063782399,73.70958970214816,120.59446510228327,104.65828766866863,4260.07324379236,3619.035081402953,194.865966796875,194.6689233398438,BUY,MEDIUM
2024-07-31,4152.14111328125,4179.267439518362,4113.936797622856,4118.670902108038,2330091,0.004581559665357782,0.017978867095947624,3957.414025878906,3755.492177734375,3985.240692954381,33.47021117321219,65.33064189550623,74.76000278489715,120.26051510524985,107.77873315598488,4283.47045692558,3631.3575948322323,205.064697265625,201.92184814453094,BUY,MEDIUM
2024-08-01,4163.26611328125,4184.285259071731,4132.920227203137,4165.443616342355,2202244,0.0026793405369618384,0.017505043524958408,3978.293249511719,3766.584228515625,4002.195494890273,-2.177503061105199,51.36503186859409,75.38229556841638,119.5158475565172,110.12615603609136,4300.904352999145,3655.6821460242927,86.68115234375,211.70902099609384,BUY,MEDIUM
2024-08-02,4055.28076171875,4164.11800080395,4042.9249348414887,4132.872913485503,2811282,-0.025937652944647338,0.018711995313782537,3991.1423950195312,3775.2936328125,4007.251234588223,-77.59215176675298,121.19306596246133,59.93548003255339,108.95619852552682,109.89216453397846,4304.38873367784,3677.8960563612227,-18.321044921875,215.8487622070311,BUY,MEDIUM
2024-08-05,3934.087890625,4013.5736879846177,3891.907205581687,4013.5736879846177,2787771,-0.029885198637241817,0.020121293110412726,3998.3640869140627,3780.4182373046874,4000.283297067916,-79.48579735961766,121.6664824029308,48.038078037110246,89.7734957669818,105.86843078057913,4299.106817876149,3697.6213559519765,-125.264892578125,217.94584960937527,BUY,MEDIUM
2024-08-06,3949.37939453125,4031.7999662691227,3939.532087639672,3949.14268931395,2203067,0.003886924830197591,0.0200621698713857,4007.228857421875,3786.67900390625,3995.4353063501385,0.23670521729991378,92.26787862945048,49.40282527596556,74.94108798267189,99.6829622209977,4290.727034944162,3723.730679899588,-124.175048828125,220.54985351562527,BUY,MEDIUM
2024-08-07,3977.07373046875,4019.2072572996026,3957.994920939523,4003.1584593448297,1237666,0.007012326031742733,0.020058232653550882,4017.842004394531,3793.53994140625,3993.686584837625,-26.08472887607968,61.21233636007946,51.868424772068934,64.67546095598846,92.68146196799586,4279.278848882998,3756.405159906064,-100.173095703125,224.30206298828125,BUY,MEDIUM
2024-08-08,3950.6572265625,4006.945912072743,3938.7748095989155,3958.6580478204482,2441283,-0.006642196171489201,0.019520831659214307,4030.7404541015626,3800.0076318359374,3989.5885507161847,-8.000821257948246,68.17110247382743,49.39581550225577,53.78824903138184,84.90281938067307,4248.551168772731,3812.9297394303944,-141.976318359375,230.73282226562515,BUY,MEDIUM
2024-08-09,4003.86865234375,4027.4443989451242,3981.902223791584,3992.7435074037467,1302536,0.013469005972849057,0.0196463768828629,4045.612268066406,3808.2244091796874,3990.9485603950006,11.125144940003338,45.54217515354003,54.13840789671202,48.89019674215888,77.70029485297023,4205.818686419765,3885.4058497130477,-150.63916015625,237.38785888671873,BUY,MEDIUM
2024-08-12,3972.52880859375,4013.573584922349,3963.723559610809,4005.0521972685856,936912,-0.007827390574277393,0.01322020662668655,4046.625109863281,3817.09056640625,3989.194298318691,-32.52338867483559,49.850025311539866,51.10078699075375,41.995493632457965,70.55933460886777,4204.70024816098,3888.549971565583,-175.587890625,229.53454345703085,BUY,LOW
2024-08-13,3973.759765625,4008.839291552157,3960.5514304588273,3988.956054631374,1495593,0.0003098673642307759,0.013188984473540567,4048.3961669921873,3827.21220703125,3987.7243428240536,-15.196289006374172,48.287861093329866,51.21656636767624,36.21327559022848,63.690122805139914,4202.3178412528505,3894.4744927315246,-159.44482421875,221.1839599609375,BUY,LOW
2024-08-14,4066.83203125,4077.1999039105713,3965.42743135513,3985.168737449799,3226545,0.023421714223925028,0.014149046271644686,4054.3839477539063,3838.592607421875,3995.258408388429,81.66329380020079,111.77247255544125,59.10151144946058,38.69492907605718,58.69108405932337,4201.228442250634,3907.5394532571795,-85.30908203125,215.79134033203127,BUY,LOW
2024-08-16,4181.2080078125,4191.575880991633,4095.0949293450403,4118.670675923561,3457058,0.02812409651631098,0.013634155992085626,4059.615100097656,3852.0309912109374,4012.9678940478643,62.53733188893875,96.48095164659298,66.30839111957292,49.32228615881695,56.81732447922209,4216.370122949551,3902.8600772457607,17.94189453125,207.5841088867187,BUY,LOW
2024-08-19,4251.2255859375,4255.249574521071,4156.87498137627,4185.894947757169,2055210,0.01674577729550264,0.014047130370387373,4068.4962890625,3866.2755517578125,4035.659102799258,65.33063818033133,98.37459314480111,69.81500591127971,62.671933568000895,57.98824629697785,4246.14882967015,3890.8437484548504,195.94482421875,202.22073730468765,BUY,LOW
2024-08-20,4282.75439453125,4322.237007322546,4260.693654534821,4265.427758595415,2212298,0.007416404506513041,0.014024874371528129,4079.666369628906,3879.5646630859374,4059.191987726115,17.32663593583493,61.54335278772487,71.26530654625836,74.93196759614557,61.37699055681139,4280.230396305783,3879.102342952029,348.66650390625,200.1017065429687,BUY,LOW
2024-08-21,4309.455078125,4317.503055311436,4253.639804359008,4277.736579801988,1896990,0.006234465284267632,0.014045621214230185,4091.4614013671876,3892.18716796875,4083.026567764104,31.718498323011772,63.863250952427734,72.47158521787868,85.81345086674355,66.26428261879782,4315.565253819414,3867.3575489149616,360.07568359375,199.27423339843745,BUY,LOW
2024-08-22,4262.58740234375,4318.402675534502,4258.042847258311,4317.5030108146375,1829872,-0.010875545731791614,0.014377358684824997,4100.728430175781,3904.5382861328126,4100.127599628832,-54.91560847088749,60.359828276191365,67.14339071888207,89.62216646239267,70.9358593875168,4336.727235691022,3864.72962466054,285.513671875,196.1901440429683,BUY,LOW
2024-08-23,4226.513671875,4266.374923745363,4218.087058430003,4260.6939984141445,1809253,-0.008462871740510303,0.014571455660171338,4107.422436523438,3916.2926123046873,4112.164368414182,-34.18032653914452,48.28786531536025,63.28659730263303,88.70719116275995,74.49012574256543,4349.636138227328,3865.2087348195473,275.8564453125,191.1298242187504,BUY,LOW
2024-08-26,4263.013671875,4310.0703901887255,4246.491463306979,4250.278746663329,1844164,0.008635959287884631,0.014327602351087664,4112.847729492188,3929.16330078125,4126.530968743783,12.734925211670998,63.578926881746156,65.44915766933278,89.89110292330088,77.57032117871252,4363.74225325743,3861.9532057269453,259.14501953125,183.68442871093748,BUY,LOW
2024-08-27,4257.99560546875,4270.162346746741,4248.1959164894,4265.428242149461,930697,-0.0011771171271057757,0.014323946778251159,4118.3416748046875,3941.0551220703123,4139.051410336637,-7.432636680710857,21.966430257341017,64.88330316672298,89.39396749048137,79.9350504410663,4376.783407986438,3859.899941622937,285.466796875,177.28655273437516,BUY,LOW
2024-08-28,4266.42138671875,4319.869602119113,4220.263875901587,4259.509780281284,1848058,0.0019788139844902908,0.01427567363170896,4125.002514648438,3953.9864013671877,4151.18188427779,6.911606437465707,99.60572621752544,65.42385303871538,88.65788133952083,81.6796166207572,4391.378191593065,3858.62683770381,292.66162109375,171.01611328125,BUY,LOW
2024-08-29,4271.8662109375,4313.715878264525,4222.821074859477,4222.821074859477,2133641,0.0012762040420337684,0.01425949214709186,4130.98876953125,3967.3468017578125,4162.675629673953,49.04513607802255,90.89480340504724,65.79031554374345,87.50517439152281,82.84472817491033,4404.811976414828,3857.1655626476722,205.0341796875,163.6419677734375,BUY,LOW
2024-08-30,4311.58544921875,4348.038051973605,4249.14242918416,4260.693828489569,3637222,0.009297865691475726,0.014364249096245217,4138.404736328125,3981.7547509765627,4176.8575172496485,50.89162072918134,98.89562278944504,68.41979413008144,88.77333269240444,84.03044907840916,4423.139400766432,3853.6700718898182,130.37744140625,156.64998535156246,BUY,LOW
2024-09-02,4280.6240234375,4344.013861375445,4272.055480062339,4332.652011694428,1216500,-0.0071809839201633086,0.01300225294033781,4149.671899414063,3995.8164697265624,4186.740041648492,-52.02798825692844,71.95838131310666,64.27262872717353,86.28538477245547,84.48143621721843,4438.166924277545,3861.1768745505806,29.3984375,153.85542968750042,BUY,LOW
2024-09-03,4272.38720703125,4313.6210706253505,4256.811818932973,4280.62427113772,1717263,-0.0019242092650864073,0.01058224546639919,4166.586865234375,4009.2694677734376,4194.896914542087,-8.237064106469916,56.809251692377075,63.175540195218154,82.69576062302258,84.12430109837926,4441.907462850634,3891.266267618116,-10.3671875,157.31739746093763,BUY,LOW
2024-09-04,4241.046875,4248.384735865379,4200.759836723105,4238.869372185236,1265505,-0.007335555162151897,0.010891940645341755,4181.170239257813,4021.9813720703123,4199.292148871412,2.1775028147640114,47.624899142274444,59.04570415952997,76.44089173282009,82.58761922526743,4439.2860540099355,3923.05442450569,-68.408203125,159.18886718750036,BUY,LOW
2024-09-05,4237.92333984375,4259.747377422697,4217.282366116104,4242.704600629275,1688793,-0.0007365009744793038,0.010902913506217634,4194.212719726563,4034.22177734375,4202.971309916396,-4.781260785524864,42.465011306593624,58.63430526757855,70.42006125956686,80.15410763212732,4435.576458807823,3952.8489806453026,-24.6640625,159.9909423828126,BUY,LOW
2024-09-06,4219.744140625,4278.6365868505345,4203.8848901946485,4236.029645395859,1649179,-0.004289647962206988,0.010802948642662352,4207.667065429688,4045.7698681640627,4204.568722364835,-16.285504770859006,74.75169665588601,56.180860788825115,63.45018603646804,76.81332331299548,4421.673822123557,3993.660308735818,-6.76953125,161.89719726562498,BUY,LOW
2024-09-09,4212.92626953125,4251.462060686222,4194.889518372097,4218.086627772867,1184938,-0.0016157072245475135,0.01058402023800625,4218.119946289063,4055.7023193359373,4205.364679237827,-5.1603582416173595,56.5725423141248,55.24719086053603,56.722502785404686,72.79515920747733,4410.631281664084,4025.608610914041,-50.08740234375,162.41762695312536,BUY,LOW
2024-09-10,4268.12646484375,4298.5195066181295,4204.310831961278,4206.204473662924,1385591,0.013102578061173098,0.010533270508748735,4232.899829101562,4067.305556640625,4211.3419921526765,61.9219911808259,94.20867465685114,60.911312624446715,55.20854997505103,69.27783736099207,4389.820074770386,4075.9795834327388,10.130859375,165.5942724609372,BUY,LOW
2024-09-11,4241.14208984375,4307.419549702135,4233.4727484543055,4281.003340307267,1325919,-0.0063222997777288015,0.010746115295976659,4246.2689453125,4076.9701123046875,4214.180096694683,-39.861250463516626,73.94680124782917,57.10632765818976,51.24064763104161,65.67039941500198,4348.698935551773,4143.838955073228,-25.279296875,169.29883300781285,BUY,LOW
2024-09-12,4277.45263671875,4291.5601745835365,4195.6469473824145,4270.398636628928,2742216,0.008561502092078621,0.00975037216390974,4256.799975585937,4086.6202880859373,4220.206052887451,7.054000089821784,95.91322720112203,60.66688841194174,50.4445210708509,62.62522374617176,4318.470518004709,4195.129433167165,5.58642578125,170.1796875,BUY,LOW
2024-09-13,4282.09228515625,4305.194622601226,4265.428144890812,4289.098667337487,1458786,0.0010846755841718014,0.007674658024586181,4261.844189453125,4097.348500976563,4226.099979770194,-7.0063821812373135,39.76647771041371,61.11109788956753,49.61602325864078,60.02338364866557,4313.676520043032,4210.011858863219,-29.4931640625,164.49568847656246,BUY,LOW
2024-09-16,4273.2392578125,4304.2947971775275,4255.43921052289,4286.258044672285,1155120,-0.002067453654476026,0.0067714331196219784,4262.944873046875,4106.8473291015625,4230.589434821843,-13.018786859784996,48.85558665463759,59.72505244081779,47.695266116140374,57.55776014216053,4314.763431935999,4211.126314157751,-7.384765625,156.09754394531228,BUY,LOW
2024-09-17,4266.04345703125,4294.590014445038,4228.502101148829,4273.239388269134,1699364,-0.0016839218089870212,0.006569395831344134,4262.109326171875,4116.3751171875,4233.966008365595,-7.195931237883997,66.08791329620908,58.562404323412494,45.07283961891335,55.0607760375111,4313.156434878227,4211.062217465524,-6.34375,145.73420898437507,BUY,LOW
2024-09-18,4115.02587890625,4257.901071253871,4091.213423900801,4257.901071253871,2961779,-0.035399915553156025,0.010086535206115714,4252.387866210937,4123.233955078125,4222.638376988515,-142.87519234762112,166.68764735307013,40.669133772798126,30.457595081268664,50.14013984626261,4330.529815370765,4174.245917051109,-126.02099609375,129.15391113281203,BUY,LOW
2024-09-19,4067.684326171875,4187.031372404745,4054.097354431545,4156.590712046438,2927551,-0.011504557717862518,0.010115762157167958,4242.642712402344,4129.29142578125,4207.880848339311,-88.90638587456306,132.9340179731994,36.86635777881956,14.883275694544864,43.08876701591907,4354.573787446824,4130.711637357864,-170.239013671875,113.351286621094,BUY,LOW
2024-09-20,4057.033203125,4100.3978822358085,4002.6857702859393,4087.3314750703935,5447908,-0.0026184733604681654,0.010011883453323368,4234.168688964844,4136.578325195313,4193.514405937949,-30.29827194539348,97.71211194986927,36.04963571354149,1.6619013941472076,34.803393891564696,4372.297172866266,4096.040205063421,-162.7109375,97.590363769531,BUY,LOW
2024-09-23,4041.50439453125,4080.2292709651647,4026.8286728221638,4071.329248327135,1702319,-0.0038276266957314453,0.009698261399053904,4223.093225097657,4143.279765625,4179.037261994454,-29.824853795884792,53.400598143000934,34.837858114107405,-9.95442959961656,25.851829193328445,4383.8611134569755,4062.3253367383372,-171.421875,79.81345947265618,BUY,LOW
2024-09-24,4044.155517578125,4062.808072353835,4014.520211321431,4025.55058123155,3012026,0.0006559743076024471,0.009721241137071315,4212.401220703125,4145.117436523437,4166.191381573851,18.60493634657496,48.28786103240418,35.2380958935434,-18.7306172337303,16.935339907916696,4390.022006364546,4034.780435041704,-223.970947265625,67.28378417968725,BUY,LOW
2024-09-25,4047.421875,4061.482255162534,4014.5198549622787,4026.2131833235376,2713073,0.0008076735446196359,0.009696163329930525,4201.451245117188,4147.2991015625,4154.879999995389,21.208691676462422,46.96240020025516,35.76161895862991,-25.132529264025834,8.52176607352819,4391.002127130715,4011.9003631036603,-193.72021484375,54.15214355468743,BUY,LOW
2024-09-26,4064.228515625,4087.2360774502895,4033.456837871287,4033.456837871287,3964251,0.00415243113864916,0.009777450944180833,4191.069360351563,4149.642143554687,4146.246525293447,30.771677753712993,53.77923957900248,38.51573410977064,-28.521161041163396,1.1131806505898725,4386.703623103573,3995.435097599553,-213.22412109375,41.427216796875655,BUY,LOW
2024-09-27,4079.56689453125,4145.181389897665,4071.3765249026305,4104.468096209772,3012477,0.003773995199157998,0.009502516539479543,4179.468432617187,4149.7017822265625,4139.896084268476,-24.90120167852183,73.80486499503468,41.00178278409499,-29.62747011573083,-5.0349495026742686,4372.642377824516,3986.2944874098584,-202.525390625,29.766650390624818,BUY,LOW
2024-09-30,4041.50439453125,4070.145722382854,4033.5035742219807,4058.925803968104,2503416,-0.009330034531612519,0.009567562306020717,4167.512451171875,4149.059833984375,4130.525447150645,-17.421409436853992,36.64214816087315,37.00335489703704,-33.19292628394487,-10.66654485892839,4363.738635937917,3971.286266405833,-231.73486328125,18.452617187500437,BUY,LOW
2024-10-01,4059.873046875,4067.305683040906,4017.3137268821633,4029.243299789114,1823365,0.004545003679472748,0.00970797491206669,4156.886743164063,4149.070239257812,4123.796647124393,30.62974708588581,49.991956158742596,40.042122220320294,-34.14280228251482,-15.361796343645677,4352.259715433344,3961.5137708947814,-206.17041015625,7.816503906250546,BUY,LOW
2024-10-03,4007.65625,4051.446717559506,3986.116074065324,4035.918946931116,3350119,-0.012861682193533786,0.009928903243171769,4145.217211914062,4147.752275390625,4112.735656922069,-28.262696931115897,65.33064349418191,34.889871255526614,-38.66335784655121,-20.022108644226783,4346.868517178435,3943.5659066496905,-107.36962890625,-2.5350634765627547,SELL,LOW
2024-10-04,4026.119140625,4069.436196462167,3999.4186065272825,4000.318271301223,2965463,0.004606904752622043,0.010057802018971159,4134.627001953125,4146.729721679688,4104.486464893776,25.80086932377708,70.01758993488465,37.93096006476702,-40.29167240844254,-24.076021397069937,4337.931265589112,3931.3227383171384,-41.565185546875,-12.10271972656301,SELL,LOW
2024-10-07,4045.62353515625,4068.7258712834955,4004.483984564525,4046.6175121163583,1472619,0.004844465315107849,0.010179457108863688,4125.920971679688,4145.789521484375,4098.88047158544,-0.9939769601082844,64.24188671897036,41.06271749202791,-39.552346961180774,-27.171286509892106,4328.812030431222,3923.0299129281534,-11.40966796875,-19.868549804687063,SELL,LOW
2024-10-08,4027.065673828125,4051.8249459382696,3980.3875920827627,4045.386749254377,1541867,-0.004587144890486727,0.010194384290970141,4116.627941894531,4143.240678710938,4092.0409670371246,-18.32107542625181,71.4373538555069,39.04412383141551,-40.00276357470193,-29.737581922854073,4319.753099673632,3913.5027841154306,-14.438720703125,-26.61273681640614,SELL,LOW
2024-10-09,4026.7822265625,4066.5958614206456,4020.8645957979184,4033.457129138987,1082504,-7.038555826566206e-05,0.009559190978749807,4104.560729980469,4140.813989257813,4085.8258488966844,-6.674902576487057,45.73126562272728,39.01257851387076,-39.92239331218616,-31.77454420072049,4298.729340550808,3910.392119410129,-17.373291015625,-36.253259277344114,SELL,LOW
2024-10-10,4002.58984375,4065.5062659047994,3975.3215917731145,4027.065251974684,2378875,-0.006007869671450283,0.009553457397521498,4092.6331176757812,4138.201694335938,4077.898610311286,-24.475408224684088,90.18467413168491,36.31568083090958,-41.33434580024732,-33.68650452062586,4280.9973827181675,3904.2688526333945,-44.83203125,-45.568576660156396,SELL,LOW
2024-10-11,3928.549072265625,4016.36670200166,3893.753407653234,3922.6785983438544,5759183,-0.018498215998821066,0.009766576555554058,4075.187939453125,4133.729853515625,4063.674844783128,5.870473921770554,122.61329434842628,29.576797531803805,-47.875916035512546,-36.5243868236032,4256.342081663169,3894.033797243081,-135.679443359375,-58.54191406249993,SELL,LOW
2024-10-14,3916.666259765625,3943.8873583904956,3902.984976280472,3919.8382019814067,2137590,-0.0030247331219276363,0.009692506918940393,4056.916638183594,4128.797856445312,4049.6740271624135,-3.1719422157816552,40.90238211002361,28.65768673375807,-53.403400082680946,-39.900189475418756,4224.085428247865,3889.747848119323,-162.900634765625,-71.88121826171846,SELL,LOW
2024-10-15,3897.8720703125,3948.1959706652674,3877.231559755508,3911.364268047913,2759474,-0.004798516954633181,0.009677070362374855,4038.1482788085937,4125.649682617188,4035.216697938612,-13.492197735412901,70.96441090975941,27.217074175692275,-58.62471580156398,-43.64509474064781,4187.266818495232,3889.029739121955,-143.63232421875,-87.5014038085942,SELL,LOW
2024-10-16,3877.183837890625,3896.167641402821,3850.909560357471,3867.7630170426546,2359151,-0.005307570912715054,0.00965465231781331,4018.7052978515626,4124.5116015625,4020.1659493626134,9.42082084797039,45.25808104535008,25.686363340430376,-63.69774562292923,-47.6556249171041,4143.280129342017,3894.130466361108,-182.689208984375,-105.8063037109373,SELL,LOW
2024-10-17,3890.48681640625,3910.3228978529323,3875.2902957519555,3894.0845506582914,2522659,0.003431093048933853,0.0065735510453310084,4007.4783447265627,4123.33375,4007.8155557477216,-3.5977342520413913,35.032602100976874,28.472083461270486,-65.88523513844575,-51.30154696137243,4135.724887233089,3879.2318022200366,-117.16943359375,-115.8554052734371,SELL,LOW
2024-10-18,3913.31298828125,3935.2379992491005,3872.453098683255,3881.944405297675,2361000,0.005867176256385553,0.006507567508798001,3999.7597778320314,4122.05853515625,3998.815311227105,31.368582983574925,62.78490056584542,33.105768512983175,-65.0273601062895,-54.046709590355846,4131.126978440834,3868.3925772232287,-112.80615234375,-122.29875732421897,SELL,LOW
2024-10-21,3872.310791015625,3929.353636003749,3862.961761386138,3922.37743300902,1595450,-0.010477617657572935,0.0067838691544239126,3990.5236572265626,4120.491606445313,3986.767261683155,-50.066641993395024,66.39187461761139,29.419062580518883,-66.88501380762682,-56.61437043381004,4130.1972678321,3850.8500466210257,-173.312744140625,-129.96794921875016,SELL,LOW
2024-10-22,3811.234375,3881.75483326371,3802.5499216715493,3859.1654759681237,1928049,-0.015772601764644456,0.007420854457746278,3979.01015625,4116.638920898437,3970.049843903807,-47.9311009681237,79.2049115921609,24.960113813755598,-72.45041084772583,-59.7815785165932,4136.768189039701,3821.252123460299,-215.831298828125,-137.62876464843748,SELL,LOW
2024-10-23,3859.402587890625,3904.2962832162098,3791.919304547543,3796.143121407225,1966476,0.012638480909646255,0.008169245427080153,3969.772509765625,4114.376396484375,3959.51200999779,63.25946648340005,112.37697866866665,33.518225111310585,-72.14264042521518,-62.2537908983176,4132.740822393112,3806.8041971381385,-167.379638671875,-144.6038867187499,SELL,LOW
2024-10-24,3841.986328125,3871.504387583309,3800.3195802607424,3800.3195802607424,2676744,-0.0045126828230541705,0.008149204278171928,3959.500732421875,4111.740927734375,3948.3190879146673,41.66674786425756,71.18480732256648,32.09302621397737,-72.46870266323822,-64.29677325130173,4127.419195197267,3791.582269646483,-160.603515625,-152.24019531249996,SELL,LOW
2024-10-25,3851.145751953125,3883.843261907162,3827.5597587126654,3850.6711865496663,1759676,0.002384033425906207,0.008081746613017637,3948.8465942382813,4107.427202148438,3939.064484489759,0.47456540345865506,56.28350319449646,33.689905387592844,-71.16764408094741,-65.67094741723088,4115.87098210622,3781.8222063703424,-77.4033203125,-158.58060791015623,SELL,LOW
2024-10-28,3882.751708984375,3923.706609082937,3844.9287550544213,3861.965606057276,1532534,0.008206897133202773,0.00832456701942477,3939.0058349609376,4101.458076171875,3933.701363013056,20.78610292709891,78.77785402851578,39.018822434548994,-66.81599598029607,-65.89995712984393,4097.011946740358,3780.999723181517,-33.91455078125,-162.4522412109377,SELL,LOW
2024-10-29,3867.944580078125,3894.757520238166,3853.5653437958795,3887.496763644427,1445885,-0.0038135657430753422,0.008174160404686132,3930.327844238281,4093.7924560546876,3927.438812257348,-19.55218356630212,41.19217644228638,37.49841892261152,-63.82634469190498,-65.48523464225615,4083.864324313955,3776.7913641626074,-29.927490234375,-163.46461181640643,SELL,LOW
2024-10-30,3876.866455078125,3898.0796180034267,3853.517979890609,3867.7074369038137,1935002,0.002306619139775812,0.008092433932475458,3921.1775146484374,4085.674697265625,3922.6223972878984,9.159018174311313,44.561638112817946,39.039768935831106,-60.04494303072215,-64.39717631994935,4064.1941874826443,3778.1608418142305,-0.3173828125,-164.49718261718772,SELL,LOW
2024-10-31,3766.57763671875,3870.839735602275,3758.5575287403312,3862.9619045386735,3740372,-0.028447928149527235,0.009747179789073497,3909.123583984375,4074.8171484375,3907.7609915194084,-96.38426781992348,112.2822068619439,29.390786637774696,-65.19600196267174,-64.55694144849383,4061.298121435045,3756.949046533705,-123.9091796875,-165.69356445312496,SELL,LOW
2024-11-01,3781.526611328125,3795.5262896074955,3773.791288560614,3786.889338989994,154895,0.003968848129836555,0.009721804927265208,3896.8939575195313,4065.1959326171873,3895.738669596429,-5.36272766186903,21.735001046881735,31.849500109468067,-67.29624671872034,-65.10480250253914,4048.8065647182957,3744.981350320767,-131.786376953125,-168.30197509765594,SELL,LOW
2024-11-04,3762.496337890625,3788.834714578836,3714.1856783834955,3764.5371079100955,2269192,-0.00503243144726051,0.009547176960061453,3882.73759765625,4055.9155859375,3883.048923719686,-2.0407700194705285,74.64903619534061,30.39834193968423,-69.69291332068133,-66.02242466616758,4029.2445145823676,3736.230680730132,-109.814453125,-173.17798828125024,SELL,LOW
2024-11-05,3769.330322265625,3783.234994421101,3740.61911840681,3740.61911840681,967590,0.001816343130006004,0.009618638409472888,3869.850830078125,4046.0419189453123,3872.2185807240617,28.711203858815225,42.61587601429119,31.60354263895539,-70.2312611832358,-66.86419196958123,4008.436994253187,3731.264665903063,-41.904052734375,-176.19108886718732,SELL,LOW
2024-11-06,3929.06884765625,3938.7024316660963,3773.031851752117,3799.9398000465167,3792017,0.042378489475183745,0.01403044355126812,3864.9651611328127,4039.4633837890624,3877.6328918604604,129.12904760973333,165.6705799139795,52.36594875989327,-57.11001305369746,-64.91335618640449,3986.9754391312435,3742.954883134382,69.666259765625,-174.4982226562497,SELL,LOW
2024-11-07,3939.74658203125,3991.8537654616457,3877.246463642715,3957.5905174928102,3724349,0.002717624655869555,0.014006579316436297,3861.822998046875,4032.9298876953126,3883.5484814005354,-17.84393546156025,114.60730181893086,53.384604811797,-45.32722145729349,-60.996129240582285,3972.1740592608103,3751.4719368329397,97.76025390625,-171.10688964843757,SELL,LOW
2024-11-08,3936.044921875,3957.6376448006463,3908.187843785678,3943.637967299403,1648039,-0.0009395680862146483,0.013367900264996086,3862.197790527344,4026.2134619140625,3888.548142398103,-7.593045424403044,49.449801014968216,52.96176621310749,-35.87442917676526,-55.97178922781888,3973.4996316291354,3750.8959494255523,84.899169921875,-164.01567138671862,SELL,LOW
2024-11-11,3985.115234375,4018.903916361986,3908.1879134815194,3918.201520379155,1406487,0.012466908654239717,0.013618931563989854,3865.6202392578125,4019.6840576171876,3897.7450083006647,66.91371399584477,110.71600288046648,57.7402733511799,-24.145129051829826,-49.60645719262108,3987.15058108064,3744.089897434985,102.363525390625,-154.0638183593751,SELL,LOW
2024-11-12,3983.880859375,4003.4330432658335,3952.512277070728,4001.534781984057,1587640,-0.0003097463755508123,0.013555982906792908,3869.9206787109374,4013.7491943359373,3905.948422688697,-17.65392260905719,50.92076619510544,57.58180611168473,-14.778816941959576,-42.64092914248878,4001.3920733123387,3738.449284109536,115.936279296875,-143.8285156249999,SELL,LOW
2024-11-13,3939.224609375,3983.2641802267012,3920.9061091902613,3965.5629857379695,1098813,-0.01120923330197321,0.013767187173501928,3873.0227172851564,4007.0859423828124,3909.117583325488,-26.338376362969484,62.358071036439924,52.019595325482214,-10.834440594431726,-36.27963143287737,4007.9163542367087,3738.129080333604,62.358154296875,-134.06322509765596,SELL,LOW
2024-11-14,3935.000732421875,3948.383567490613,3907.049112395529,3924.655300859059,1825432,-0.0010722610086950635,0.013760150096796576,3875.2484130859375,4000.96501953125,3911.5826451441917,10.345431562815975,41.334455095084195,51.51273250158191,-7.957595285998195,-30.61522420350154,4012.6665135067396,3737.8303126651354,168.423095703125,-125.71660644531266,SELL,LOW
2024-11-18,3815.03076171875,3998.6875479838523,3787.221186498161,3998.6875479838523,3313944,-0.030487915723788728,0.015345759838119047,3870.3343017578127,3992.50716796875,3902.387227675102,-183.65678626510226,211.46636148569132,39.68511878954065,-15.183225880653936,-27.52882453893202,4008.9798609833338,3731.6887425322916,33.504150390625,-122.17286621093717,SELL,MEDIUM
2024-11-19,3834.060791015625,3921.9501508023773,3809.9054621443674,3815.4102345767187,1776233,0.004988171914058537,0.015240810170039329,3868.4218017578123,3984.7935009765624,3895.8799479932472,18.65055643890628,112.04468865800982,41.96152682890339,-19.153239241608844,-25.85370747946739,4007.9579357242983,3728.8856677913263,71.564453125,-116.37169921875011,SELL,MEDIUM
2024-11-21,3865.6669921875,3884.2698145282143,3819.3018656674813,3839.1386042394874,2384347,0.00824353156995783,0.014907185512427897,3871.1434326171875,3977.8483154296873,3893.002523630795,26.52838794801255,64.96794886073303,45.631718665412905,-19.524085636149266,-24.587783110803766,4008.21327256563,3734.073592668745,96.336669921875,-106.70488281249982,SELL,LOW
2024-11-22,4028.679931640625,4038.50352626884,3847.7755423624753,3863.910762939723,3096553,0.04216942115877376,0.017394912684108917,3879.6072998046875,3973.059384765625,3905.9241815364935,164.7691687009019,190.72798390636444,59.76423535962119,-6.588256893318885,-20.98787786730679,4032.7006473099073,3726.5139522994677,99.611083984375,-93.45208496093755,SELL,MEDIUM
2024-11-25,4095.59423828125,4107.932938170639,4035.89400612037,4062.2796558913474,4052167,0.01660948692277353,0.017600082442234596,3892.2876953125,3970.148427734375,3923.987996464565,33.314582389902625,72.03893205026952,63.91117943349655,8.959624923743831,-14.998377309096666,4070.7293029769835,3713.8460876480167,155.84765625,-77.86073242187513,SELL,MEDIUM
2024-11-26,4131.28173828125,4144.474563456407,4090.7536685314544,4101.241378290607,2060669,0.008713631752489404,0.017638717909631826,3906.2944946289062,3967.225009765625,3943.730257589964,30.040359990643083,53.72089492495252,65.92812325630894,23.885775920887227,-7.221546663099888,4111.579039229216,3701.0099500285974,195.23681640625,-60.930515136718896,SELL,MEDIUM
2024-11-27,4112.15625,4154.724856872267,4104.088638616241,4137.213672581404,1558993,-0.004629432097072783,0.017698139933198215,3917.7647216796877,3963.8262890625,3959.770828295682,-25.057422581404353,50.63621825602604,63.86803531761511,33.782171216204006,0.9791969127608908,4141.327777060227,3694.2016662991487,127.041015625,-46.06156738281243,SELL,MEDIUM
2024-11-28,4028.96484375,4119.179995477792,4017.670281030027,4099.2955217974695,2558544,-0.020230604381825223,0.018398708113123396,3925.8157348632812,3958.94080078125,3966.3607345294267,-70.33067804746952,101.50971444776451,55.71305958796099,34.51442376989917,7.6862422841885465,4153.187343921673,3698.4441258048896,45.083984375,-33.12506591796864,SELL,MEDIUM
2024-11-29,4053.594482421875,4080.027862103414,3982.219676510733,4005.331099119542,2017425,0.00611314310922384,0.018419534807899714,3934.652136230469,3954.6918212890623,3974.668710519184,48.26338330233284,97.80818559268118,57.44546381919986,36.65955664738931,13.4809051568287,4167.40048942882,3701.9037830321176,114.369873046875,-20.039685058593477,SELL,MEDIUM
2024-12-02,4059.099609375,4070.0623467391047,4014.87002722247,4052.7879830735096,1670944,0.0013580852690118217,0.016939356502851884,3949.2782348632813,3953.5732958984377,3982.7097485054524,6.311626301490378,55.1923195166346,57.842420582849265,38.36159901037445,18.45704392753785,4174.5863175164895,3723.970152210073,124.098876953125,-4.295061035156323,SELL,MEDIUM
2024-12-03,4083.872314453125,4104.990473536637,4048.469923029549,4094.8823237874603,2010905,0.006103004967138448,0.016946655262482412,3964.3955200195314,3953.8970556640625,3992.344278595707,-11.010009334335336,56.520550507088046,59.66573782486469,41.23410897039412,23.012456936109103,4183.129592992338,3745.661447046725,268.841552734375,10.498464355468968,BUY,MEDIUM
2024-12-04,4132.89453125,4163.789012881952,4070.8687487593297,4094.1224503683907,3302642,0.012003856394672718,0.016897455511966565,3982.9154296875,3955.4142822265626,4005.7300169437344,38.77208088160933,92.92026412262203,63.06962019436194,46.92535077505636,27.795035703898556,4192.673323153032,3773.1575362219683,298.833740234375,27.501147460937318,BUY,MEDIUM
2024-12-05,4236.96630859375,4260.647302659025,4138.209454130842,4176.933797590591,3746747,0.025181329104053685,0.01747521587630175,4006.297229003906,3959.3235205078126,4027.7525209104024,60.032511003159016,122.43784852818317,69.04258348445653,59.151561199007574,34.066340802920365,4219.829872658522,3792.7645853492904,371.29931640625,46.97370849609342,BUY,MEDIUM
2024-12-06,4219.3603515625,4237.868399443609,4188.276322428843,4226.4788315167725,1842087,-0.004155321460909467,0.015346057135043141,4020.811804199219,3962.8276171875,4046.0008857344114,-7.118479954272516,49.59207701476589,67.06642143605376,66.65194531557609,40.58346170545151,4250.245525773651,3791.378082624787,190.680419921875,57.98418701171886,BUY,MEDIUM
2024-12-09,4225.671875,4242.044378496654,4190.933600979431,4205.076018232145,2066639,0.0014958484015623608,0.015352527316612132,4035.1080688476563,3966.3926171875,4063.11240852161,20.595856767855366,51.11077751722314,67.42636219568894,72.27223166043086,46.92121569644738,4277.804413147631,3792.4117245476823,130.07763671875,68.7154516601563,BUY,MEDIUM
2024-12-10,4207.06982421875,4265.204089616263,4187.66037612314,4200.995479380061,2087828,-0.0044021522095228915,0.015426006522399303,4048.659313964844,3969.249443359375,4076.822638588005,6.074344838689285,77.5437134931235,65.16576636702959,74.36805045336041,52.41058264782999,4297.8950220889055,3799.423605840783,75.7880859375,79.40987060546877,BUY,MEDIUM
2024-12-11,4202.228515625,4222.349806544079,4182.818609222603,4206.404597631399,1635256,-0.0011507554654500707,0.015307022317914221,4059.5149780273437,3971.70267578125,4088.766055448671,-4.176082006399156,39.5311973214757,64.55911748477956,74.77637331836695,56.88374078193739,4315.554401485281,3803.4755545694056,90.072265625,87.81230224609362,BUY,MEDIUM
2024-12-12,4228.33056640625,4256.851762402647,4200.853043566135,4204.696838041356,1914642,0.006211478191677555,0.015307498360510246,4071.7374633789063,3975.43919921875,4102.057913635107,23.633728364893614,55.998718836512126,66.37654373296238,76.32634686958636,60.77226199946718,4335.393046227204,3808.081880530609,199.36572265625,96.29826416015612,BUY,MEDIUM
2024-12-13,4246.31591796875,4266.247663475759,4170.8600242636485,4209.347553772588,1967048,0.0042535348833396824,0.014933041884686337,4087.0920288085936,3979.168056640625,4115.796771190692,36.96836419616193,95.38763921211012,67.60909320312436,78.10562659282687,64.23893491813912,4353.840621522931,3820.3434360942565,192.721435546875,107.92397216796871,BUY,LOW
2024-12-16,4190.6025390625,4247.36037614199,4173.328172937727,4232.1742831770125,1646224,-0.013120403658732238,0.015379083433355027,4099.872119140625,3982.826982421875,4122.921130035626,-41.57174411451251,74.03220320426317,60.242143996772356,74.16518445078964,66.22418482466924,4360.674767782821,3839.069470498429,131.5029296875,117.04513671874975,BUY,MEDIUM
2024-12-17,4108.31201171875,4207.44889332409,4098.346139910261,4185.666159565598,3225027,-0.0196369201270421,0.014277686212176404,4114.536181640625,3984.47083984375,4121.529785434019,-77.35414784684781,109.1027534138293,51.34316412791849,63.66826965737437,65.71300179121026,4340.246635985403,3888.825727295846,24.439697265625,130.0653417968747,BUY,LOW
2024-12-18,4126.67822265625,4140.108330075579,4071.3913564877716,4092.3672387441043,1575404,0.00447050050850839,0.014275899315445194,4129.167053222656,3986.09193359375,4122.020112788517,34.31098391214573,68.71697358780739,53.01150854635871,56.18373763296222,63.80714895956066,4314.599403340648,3943.7347031046647,-6.21630859375,143.07511962890612,BUY,LOW
2024-12-19,4054.59130859375,4142.006337975124,4045.1950074358338,4064.177621267067,3015763,-0.01746850860983762,0.014992539415859884,4138.613269042969,3986.6424462890627,4115.598321912825,-9.586312673317025,96.81133053928988,46.301022455050045,43.9289944677339,59.83151806119531,4284.401075121768,3992.8254629641688,-182.375,151.97082275390585,BUY,LOW
2024-12-20,3958.15966796875,4159.090827365295,3941.265326479778,4108.786899056221,4116989,-0.02378331952239232,0.012916084683544106,4135.087255859375,3985.2699951171876,4100.604164394342,-150.62723108747105,217.8255008855167,39.159806603159964,26.134532115002912,53.09212087195684,4294.146949116446,3976.027562602303,-261.20068359375,149.81726074218705,BUY,LOW
2024-12-23,3946.77001953125,4002.484177211474,3905.5778396822147,3986.39622640784,2195338,-0.002877511114488418,0.01225130393236232,4127.646044921875,3984.1535986328126,4085.9532934549998,-39.626206876590004,96.90633752925942,38.40634690736123,10.986596412122253,44.671015979989924,4306.1376025663085,3949.154487277441,-278.90185546875,143.49244628906217,BUY,LOW
2024-12-24,3966.89208984375,4003.43362482616,3946.77033195685,3946.77033195685,1181886,0.005098364032594338,0.012114268401048041,4119.4265625,3984.920458984375,4074.614131206309,20.121757886900014,56.663292869310226,40.581492120248846,0.5985316394994697,35.856519111891835,4311.141767287242,3927.7113577127575,-240.177734375,134.506103515625,BUY,LOW
2024-12-26,3957.020751953125,3986.301525685132,3932.3906257955578,3966.8916181900954,1208464,-0.0024884311614873367,0.01209887191519698,4111.669787597656,3985.727548828125,4063.4147617536246,-9.870866236970414,53.910899889574466,39.838232743865774,-8.33454357408118,27.01830657469723,4316.067946811922,3907.27162838339,-245.207763671875,125.94223876953129,BUY,LOW
2024-12-27,3952.9873046875,3968.26840248144,3936.282510765729,3951.2313201079583,858100,-0.001019314155386808,0.01129906535436441,4107.870910644531,3986.829853515625,4052.8978610806607,1.755984579541746,31.98589171571075,39.519731291491844,-15.560167599368924,18.502611739884003,4320.917586645117,3894.8242346439456,-275.34326171875,121.04105712890623,BUY,LOW
2024-12-30,3947.244384765625,3985.684176313855,3902.825255464751,3939.8413510297137,1527169,-0.001452805050768835,0.011178242562302406,4102.553405761719,3988.231064453125,4042.8356252411336,7.403033735911322,82.85892084910392,39.04112899144734,-21.50206986252897,10.501675419401408,4325.817314070356,3879.2894974530814,-299.071533203125,114.32234130859388,BUY,LOW
2024-12-31,3886.50048828125,3929.353878987766,3826.9425360658684,3924.655496583325,1555429,-0.01538893733532587,0.011590735593591155,4093.923449707031,3988.151337890625,4027.9465645782875,-38.1550083020752,102.41134292189781,34.308359812678944,-30.758035516322252,2.249733232256676,4335.8056407288295,3852.0412586852326,-304.10205078125,105.77211181640587,BUY,LOW
