Date,Close,High,Low,Open,Volume,Daily_Return,Volatility,MA20,MA50,Price_Change,HL_Spread
,TSLA,TSLA,TSLA,TSLA,TSLA,,,,,,
2020-03-13,36.44133377075195,40.50466537475586,33.46666717529297,39.66666793823242,339604500,-0.0248505535904755,0.0651550029755825,49.3237663269043,43.88627979278564,-3.2253341674804688,7.037998199462891
2020-03-16,29.67133331298828,32.9913330078125,29.47800064086914,31.299999237060547,307342500,-0.18577806455584012,0.0751657593681118,48.14056625366211,43.906026458740236,-1.6286659240722656,3.5133323669433594
2020-03-17,28.68000030517578,31.456666946411133,26.399999618530273,29.333999633789062,359919000,-0.03341046380880208,0.0714606593203825,46.71323299407959,43.88894645690918,-0.6539993286132812,5.056667327880859
2020-03-18,24.08133316040039,26.99066734313965,23.367332458496094,25.933332443237305,356793000,-0.1603440409986845,0.07290767878093586,44.85923309326172,43.76851978302002,-1.851999282836914,3.6233348846435547
2020-03-19,28.50933265686035,30.133333206176758,23.8973331451416,24.979999542236328,452932500,0.1838768421567878,0.08879127686076121,43.28666639328003,43.713293113708495,3.5293331146240234,6.236000061035156
2020-03-20,28.50200080871582,31.799999237060547,28.38599967956543,29.213333129882812,424282500,-0.0002571736151377735,0.0887510694686955,41.70843315124512,43.62714645385742,-0.7113323211669922,3.413999557495117
2020-03-23,28.952667236328125,29.46666717529297,27.366666793823242,28.906667709350586,246817500,0.015811747064244486,0.08881180241197387,40.37676658630371,43.564413146972655,0.04599952697753906,2.1000003814697266
2020-03-24,33.66666793823242,34.24599838256836,31.600000381469727,31.81999969482422,343428000,0.16281749323562988,0.09844927542055944,39.39373340606689,43.6002131652832,1.8466682434082031,2.645998001098633
2020-03-25,35.95000076293945,37.133331298828125,34.07400131225586,36.349998474121094,318340500,0.06782176450892674,0.10026844388255868,38.5952335357666,43.619399871826175,-0.3999977111816406,3.0593299865722656
2020-03-26,35.21066665649414,37.33333206176758,34.150001525878906,36.49266815185547,260710500,-0.020565621439638027,0.0966065056213445,38.092433547973634,43.60638656616211,-1.2820014953613281,3.183330535888672
2020-03-27,34.29066848754883,35.0533332824707,32.935333251953125,33.66666793823242,215661000,-0.026128393930185068,0.09667626710280838,37.5803337097168,43.600866622924805,0.6240005493164062,2.118000030517578
2020-03-30,33.47533416748047,34.44333267211914,32.7486686706543,34.017333984375,179971500,-0.02377714859552571,0.09235497092828927,36.775366973876956,43.585719985961916,-0.5419998168945312,1.6946640014648438
2020-03-31,34.93333435058594,36.19733428955078,33.133331298828125,33.41666793823242,266572500,0.04355446239344318,0.09322432699117209,36.037000274658205,43.60372001647949,1.5166664123535156,3.0640029907226562
2020-04-01,32.104000091552734,34.26333236694336,31.67333221435547,33.599998474121094,200298000,-0.08099239055277141,0.09430822551199991,35.14386692047119,43.51620002746582,-1.4959983825683594,2.5900001525878906
2020-04-02,30.29800033569336,32.95066833496094,29.760000228881836,32.068668365478516,297876000,-0.05625466454987249,0.09464821347281911,34.2436336517334,43.36274665832519,-1.7706680297851562,3.1906681060791016
2020-04-03,32.000667572021484,34.36600112915039,31.22599983215332,33.96666717529297,338431500,0.05619734693587186,0.09606923121372843,33.49873371124268,43.23982666015625,-1.9659996032714844,3.1400012969970703
2020-04-06,34.41600036621094,34.733333587646484,33.19733428955078,34.08000183105469,223527000,0.0754775752334993,0.09361912523351504,33.19286708831787,43.17505332946777,0.33599853515625,1.5359992980957031
2020-04-07,36.36333465576172,37.66666793823242,35.48933410644531,36.33333206176758,268797000,0.05658223700690801,0.09344827088532885,32.859933853149414,43.158293380737305,0.030002593994140625,2.1773338317871094
2020-04-08,36.589332580566406,37.14733123779297,35.55533218383789,36.9466667175293,189840000,0.006214994497730331,0.09342322993804823,32.57530040740967,43.13421340942383,-0.3573341369628906,1.5919990539550781
2020-04-09,38.20000076293945,38.345333099365234,37.14066696166992,37.4726676940918,204750000,0.04402015748241661,0.09001541964244633,32.616800498962405,43.123560104370114,0.7273330688476562,1.2046661376953125
2020-04-13,43.39666748046875,43.46666717529297,38.70199966430664,39.34400177001953,337131000,0.13603839302984921,0.0942946732954373,32.96456718444824,43.137080078125,4.052665710449219,4.764667510986328
2020-04-14,47.32600021362305,49.45866775512695,46.1619987487793,46.597999572753906,458647500,0.09054457315006381,0.0832232084518091,33.84730052947998,43.21617340087891,0.7280006408691406,3.2966690063476562
2020-04-15,48.65533447265625,50.20866775512695,47.33333206176758,49.46666717529297,353655000,0.028088878270565276,0.08200630549207484,34.846067237854,43.149280090332034,-0.8113327026367188,2.875335693359375
2020-04-16,49.680667877197266,50.630001068115234,47.11466598510742,47.79600143432617,309868500,0.021073401625000487,0.06882546894407385,36.12603397369385,42.960146789550784,1.8846664428710938,3.5153350830078125
2020-04-17,50.259334564208984,51.663333892822266,49.84400177001953,51.48533248901367,196923000,0.011647723586206471,0.05994741149802418,37.21353406906128,42.98573348999023,-1.2259979248046875,1.8193321228027344
2020-04-20,49.75733184814453,51.03799819946289,47.48066711425781,48.8466682434082,221199000,-0.009988248360573104,0.060248032076785855,38.27630062103272,42.98226676940918,0.9106636047363281,3.557331085205078
2020-04-21,45.781333923339844,50.22200012207031,44.919334411621094,48.67466735839844,303136500,-0.07990777996173748,0.06503829002378085,39.1177339553833,42.900466766357425,-2.8933334350585938,5.302665710449219
2020-04-22,48.807334899902344,48.93333435058594,45.91400146484375,46.93199920654297,212482500,0.06609682849410836,0.05740941926959982,39.8747673034668,42.84824012756348,1.875335693359375,3.0193328857421875
2020-04-23,47.04199981689453,48.93333435058594,46.87533187866211,48.50666809082031,198550500,-0.03616946277907396,0.05758659342413204,40.429367256164554,42.75657348632812,-1.4646682739257812,2.058002471923828
2020-04-24,48.34333419799805,48.71533203125,46.54533386230469,47.387332916259766,198180000,0.02766324531628772,0.05702205871567634,41.08600063323975,42.70038681030273,0.9560012817382812,2.1699981689453125
2020-04-27,53.25,53.29933166503906,49.0,49.17399978637695,310221000,0.10149622245552825,0.05898998492597466,42.03396720886231,42.69338684082031,4.076000213623047,4.2993316650390625
2020-04-28,51.27466583251953,53.66666793823242,50.44599914550781,53.042667388916016,228330000,-0.037095477323576875,0.05962801032382916,42.923933792114255,42.65217346191406,-1.7680015563964844,3.2206687927246094
2020-04-29,53.367332458496094,53.54666519165039,52.21066665649414,52.678001403808594,243240000,0.040812876924676944,0.05958192287233063,43.84563369750977,42.57498680114746,0.6893310546875,1.33599853515625
2020-04-30,52.12533187866211,57.987998962402344,50.900001525878906,57.01266860961914,427078500,-0.023272674923369818,0.05553630583512039,44.846700286865236,42.394266815185546,-4.887336730957031,7.0879974365234375
2020-05-01,46.75466537475586,51.518001556396484,45.5359992980957,50.33333206176758,487977000,-0.1030337133662409,0.05998787883099359,45.66953353881836,42.13014678955078,-3.5786666870117188,5.982002258300781
2020-05-04,50.74599838256836,50.79999923706055,46.53333282470703,46.733333587646484,288556500,0.08536758793631605,0.0611645960528522,46.6068000793457,41.94373344421387,4.012664794921875,4.266666412353516
2020-05-05,51.2140007019043,53.26133346557617,50.8120002746582,52.65266799926758,254875500,0.009222447764407393,0.06007604285147625,47.44670009613037,41.856293487548825,-1.4386672973632812,2.4493331909179688
2020-05-06,52.172000885009766,52.6533317565918,50.740665435791016,51.766666412353516,166848000,0.018705825945557253,0.05951526214449696,48.23713340759277,41.83318687438965,0.40533447265625,1.9126663208007812
2020-05-07,52.00266647338867,53.09333419799805,51.4900016784668,51.81399917602539,172915500,-0.003245695176505081,0.05966696260580985,49.00780010223389,41.83484024047851,0.18866729736328125,1.60333251953125
2020-05-08,54.62799835205078,54.93333435058594,52.46733474731445,52.917999267578125,241297500,0.05048456274844226,0.05982463340362703,49.829199981689456,42.02206687927246,1.7099990844726562,2.4659996032714844
2020-05-11,54.08599853515625,54.93333435058594,52.33333206176758,52.70066833496094,247794000,-0.0099216488475673,0.05345242891457181,50.36366653442383,42.213133544921874,1.3853302001953125,2.6000022888183594
2020-05-12,53.96066665649414,56.21933364868164,53.866668701171875,55.133331298828125,238603500,-0.002317270311292141,0.05024687832683283,50.695399856567384,42.30085350036621,-1.1726646423339844,2.3526649475097656
2020-05-13,52.73066711425781,55.06666564941406,50.88666534423828,54.72200012207031,285982500,-0.02279437261341355,0.050452510745423826,50.89916648864746,42.361453475952146,-1.9913330078125,4.180000305175781
2020-05-14,53.55533218383789,53.557334899902344,50.93333435058594,52.0,205233000,0.01563919280204029,0.05037733632591563,51.09289970397949,42.43322677612305,1.5553321838378906,2.6240005493164062
2020-05-15,53.27799987792969,53.66999816894531,52.436668395996094,52.689998626708984,157776000,-0.005178425650618879,0.05040043354919865,51.243832969665526,42.53273345947266,0.5880012512207031,1.2333297729492188
2020-05-18,54.242000579833984,55.64799880981445,53.59199905395508,55.185333251953125,174987000,0.018093785504579962,0.05037762855134422,51.46806640625,42.679600143432616,-0.9433326721191406,2.055999755859375
2020-05-19,53.867332458496094,54.80466842651367,53.73866653442383,54.34466552734375,144547500,-0.006907343337870575,0.046344526494946296,51.87236633300781,42.9462801361084,-0.47733306884765625,1.0660018920898438
2020-05-20,54.37066650390625,55.06666564941406,54.119998931884766,54.70000076293945,109639500,0.00934395713390801,0.04437175994604152,52.15053291320801,43.173253479003904,-0.3293342590332031,0.9466667175292969
2020-05-21,55.17333221435547,55.5,53.06666564941406,54.400001525878906,183819000,0.01476284478490908,0.04325074784567668,52.55709953308106,43.43108009338379,0.7733306884765625,2.4333343505859375
2020-05-22,54.45866775512695,55.45199966430664,54.133331298828125,54.81133270263672,149812500,-0.012953077701596039,0.04327648135020994,52.8628662109375,43.772853469848634,-0.3526649475097656,1.3186683654785156
2020-05-26,54.591331481933594,55.63999938964844,54.38066864013672,55.633331298828125,121345500,0.0024360442933191173,0.037103857727096845,52.92993278503418,44.135853424072266,-1.0419998168945312,1.2593307495117188
2020-05-27,54.68199920654297,55.180667877197266,52.33333206176758,54.7239990234375,173242500,0.0016608447192643094,0.03595388647652584,53.10029945373535,44.63606674194336,-0.04199981689453125,2.8473358154296875
2020-05-28,53.72066879272461,54.983333587646484,53.44599914550781,54.23400115966797,108834000,-0.017580381620416863,0.0351559870560183,53.11796627044678,45.13688011169434,-0.5133323669433594,1.5373344421386719
2020-05-29,55.66666793823242,55.66666793823242,53.61399841308594,53.91666793823242,176467500,0.03622440280883765,0.03551602754091712,53.295033073425294,45.768586807250976,1.75,2.0526695251464844
2020-06-01,59.87333297729492,59.93333435058594,56.939998626708984,57.20000076293945,224092500,0.07556883131087,0.0290850513501194,53.95096645355225,46.395866813659666,2.6733322143554688,2.993335723876953
2020-06-02,58.770668029785156,60.57733154296875,58.06666564941406,59.64666748046875,203484000,-0.018416628784101885,0.024332220032017043,54.352199935913085,47.00124015808105,-0.8759994506835938,2.5106658935546875
2020-06-03,58.86399841308594,59.862667083740234,58.67333221435547,59.20800018310547,119242500,0.0015880436011630472,0.02436597155631908,54.73469982147217,47.59946678161621,-0.34400177001953125,1.1893348693847656
2020-06-04,57.62533187866211,59.71666717529297,57.229331970214844,59.32533264160156,133315500,-0.021042854169221026,0.02499613833521968,55.00736637115479,48.0786400604248,-1.7000007629394531,2.487335205078125
2020-06-05,59.04399871826172,59.10133361816406,57.746665954589844,58.522666931152344,117178500,0.024618805538279664,0.0252714156479915,55.359432983398435,48.54052001953125,0.521331787109375,1.3546676635742188
2020-06-08,63.327999114990234,63.33333206176758,60.61066818237305,61.266666412353516,212620500,0.0725560681818036,0.02765515579021371,55.79443302154541,49.102866668701175,2.0613327026367188,2.7226638793945312
2020-06-09,62.711334228515625,63.62933349609375,61.595333099365234,62.66733169555664,170823000,-0.009737634144336038,0.02764899033860211,56.22569980621338,49.671279983520506,0.044002532958984375,2.0340003967285156
2020-06-10,68.336669921875,68.49866485595703,65.5,66.12533569335938,278451000,0.08970205725269786,0.03301600970743948,56.94449996948242,50.3685066986084,2.211334228515625,2.9986648559570312
2020-06-11,64.85600280761719,67.9306640625,64.80000305175781,66.01333618164062,238747500,-0.0509341048991272,0.03512600149028827,57.55076675415039,50.96696006774902,-1.1573333740234375,3.1306610107421875
2020-06-12,62.35200119018555,65.8653335571289,60.84000015258789,65.33333587646484,251451000,-0.03860863311078977,0.03680118906282679,57.990600204467775,51.57192008972168,-2.981334686279297,5.025333404541016
2020-06-15,66.05999755859375,66.5893325805664,60.56666564941406,61.18600082397461,235458000,0.059468762792361796,0.03836461358525857,58.629700088500975,52.287160034179685,4.873996734619141,6.022666931152344
2020-06-16,65.47533416748047,67.52532958984375,64.15933227539062,67.4566650390625,210766500,-0.008850490655781473,0.03859299895673522,59.1913667678833,52.956653366088865,-1.9813308715820312,3.365997314453125
2020-06-17,66.11933135986328,67.0,65.50466918945312,65.84733581542969,148362000,0.009835722116904755,0.03838466616967791,59.80396671295166,53.59071998596191,0.27199554443359375,1.495330810546875
2020-06-18,66.9306640625,67.94667053222656,66.2979965209961,66.86666870117188,146278500,0.012270733625858066,0.03838367110068333,60.431966590881345,54.202066574096676,0.063995361328125,1.6486740112304688
2020-06-19,66.72666931152344,67.73133087158203,66.0893325805664,67.51866912841797,130195500,-0.0030478518902198326,0.03850134395065502,61.009633445739745,54.80481330871582,-0.7919998168945312,1.641998291015625
2020-06-22,66.28800201416016,67.2586669921875,66.00133514404297,66.663330078125,95436000,-0.0065740925163715325,0.03832513459075927,61.60110015869141,55.366573333740234,-0.37532806396484375,1.2573318481445312
2020-06-23,66.78533172607422,67.46666717529297,66.267333984375,66.59200286865234,95479500,0.0075025599927995845,0.03828535537192704,62.21080017089844,55.83434661865235,0.193328857421875,1.1993331909179688
2020-06-24,64.0566635131836,66.72533416748047,63.542667388916016,66.27400207519531,164394000,-0.040857298187609414,0.039963819826366376,62.67953338623047,56.168959884643556,-2.2173385620117188,3.182666778564453
2020-06-25,65.73200225830078,65.73200225830078,62.47666549682617,63.61800003051758,138817500,0.02615401198303724,0.03964630029112871,63.28010005950928,56.510493240356446,2.114002227783203,3.2553367614746094
2020-06-26,63.982666015625,66.33333587646484,63.65800094604492,66.31866455078125,132823500,-0.026613159231048233,0.04001946578294315,63.695899963378906,56.796533203125,-2.33599853515625,2.675334930419922
2020-06-29,67.29000091552734,67.33333587646484,63.23466873168945,64.60066986083984,135396000,0.05169110801188981,0.03820410486133282,64.06673336029053,57.13714653015137,2.6893310546875,4.098667144775391
2020-06-30,71.98733520507812,72.51266479492188,66.91533660888672,67.0999984741211,253777500,0.0698073149894527,0.04021200565031665,64.72756671905518,57.58174659729004,4.887336730957031,5.597328186035156
2020-07-01,74.64199829101562,75.68866729736328,72.03333282470703,72.19999694824219,199903500,0.03687680726581788,0.04055252678289592,65.51646671295165,58.15895988464356,2.4420013427734375,3.65533447265625
2020-07-02,80.57733154296875,81.86666870117188,79.04000091552734,81.43199920654297,258751500,0.0795173412803385,0.042341848063707076,66.664066696167,58.79435981750488,-0.8546676635742188,2.8266677856445312
2020-07-06,91.43866729736328,91.85266876220703,84.40266418457031,85.11266326904297,308548500,0.1347939370342961,0.049795069589782706,68.28380012512207,59.68229316711426,6.3260040283203125,7.450004577636719
2020-07-07,92.65733337402344,95.30000305175781,89.11399841308594,93.6673355102539,322345500,0.013327688522591696,0.04845134107364443,69.75026683807373,60.56857315063476,-1.0100021362304688,6.186004638671875
2020-07-08,91.05867004394531,94.48400115966797,87.42266845703125,93.66666412353516,244669500,-0.01725350030984496,0.048724840331722856,71.16763362884521,61.32474655151367,-2.6079940795898438,7.061332702636719
2020-07-09,92.9520034790039,93.90399932861328,90.08533477783203,93.1326675415039,175764000,0.020792456491456113,0.04588347569097935,72.39840030670166,62.15829330444336,-0.1806640625,3.81866455078125
2020-07-10,102.97666931152344,103.2613296508789,91.73400115966797,93.06666564941406,350064000,0.10784776505418647,0.0473220604437053,74.30443363189697,63.150480041503904,9.910003662109375,11.527328491210938
2020-07-13,99.80400085449219,119.66600036621094,98.0739974975586,110.5999984741211,584781000,-0.030809585105470272,0.04680478864189746,76.17703361511231,64.10405342102051,-10.795997619628906,21.592002868652344
2020-07-14,101.12000274658203,106.0,95.4000015258789,103.73332977294922,351271500,0.013185863099901995,0.04613959479790864,77.93003387451172,65.19136016845704,-2.6133270263671875,10.599998474121094
2020-07-15,103.06732940673828,103.33333587646484,97.13333129882812,102.86666870117188,245517000,0.019257581163604875,0.045559487201945095,79.80963363647462,66.23778678894043,0.20066070556640625,6.200004577636719
2020-07-16,100.04266357421875,102.11399841308594,97.73332977294922,98.47733306884766,214512000,-0.029346504366899673,0.047014633939135006,81.50580024719238,67.21436004638672,1.5653305053710938,4.380668640136719
2020-07-17,100.05599975585938,102.50066375732422,99.33333587646484,100.89666748046875,139950000,0.00013330494375263235,0.0472236981489746,83.16206703186035,68.17204002380372,-0.840667724609375,3.167327880859375
2020-07-20,109.53333282470703,110.0,99.19999694824219,101.267333984375,256821000,0.09472028755869433,0.0495705210365045,85.30240020751953,69.32265335083008,8.265998840332031,10.800003051757812
2020-07-21,104.55733489990234,111.66666412353516,103.86666870117188,109.32866668701172,241608000,-0.045429074387502544,0.05164106391724218,87.21586685180664,70.32124008178711,-4.771331787109375,7.799995422363281
2020-07-22,106.15533447265625,108.4280014038086,104.13333129882812,106.5999984741211,212416500,0.015283476518254346,0.051537340706537954,89.18436698913574,71.36262680053711,-0.44466400146484375,4.294670104980469
2020-07-23,100.87133026123047,112.5999984741211,98.71800231933594,111.93000030517578,364927500,-0.04977615338574293,0.052168750648543635,91.02510032653808,72.30084007263184,-11.058670043945312,13.881996154785156
2020-07-24,94.46666717529297,97.66666412353516,91.10266876220703,94.40066528320312,290949000,-0.06349339370613127,0.05572295928518283,92.46183357238769,73.13556007385255,0.06600189208984375,6.563995361328125
2020-07-27,102.63999938964844,103.19599914550781,94.19999694824219,95.66666412353516,240730500,0.08652080631985237,0.05650815136608341,94.39470024108887,74.11725341796875,6.973335266113281,8.996002197265625
2020-07-28,98.43267059326172,104.3133316040039,98.29467010498047,100.26667022705078,237130500,-0.040991122577997974,0.058017258979455026,95.95183372497559,75.0203468322754,-1.8339996337890625,6.0186614990234375
2020-07-29,99.94066619873047,102.32066345214844,99.13333129882812,100.06666564941406,141403500,0.015320072049045619,0.0568600666185142,97.3495002746582,75.93432014465333,-0.12599945068359375,3.1873321533203125
2020-07-30,99.16600036621094,100.8826675415039,98.06666564941406,99.19999694824219,114315000,-0.007751257440881121,0.056956871957612974,98.57570037841796,76.84029350280761,-0.03399658203125,2.8160018920898438
2020-07-31,95.38400268554688,101.13666534423828,94.73200225830078,101.0,183123000,-0.03813804798718812,0.05609818880049999,99.31603393554687,77.66056022644042,-5.615997314453125,6.4046630859375
2020-08-03,99.0,100.65399932861328,96.29199981689453,96.61333465576172,132139500,0.03790989277703116,0.04840168928633465,99.69410057067871,78.53709358215332,2.3866653442382812,4.36199951171875
2020-08-04,99.13333129882812,101.82733154296875,97.46666717529297,99.6673355102539,126225000,0.0013467807962437295,0.04836817987321163,100.01790046691895,79.43058685302735,-0.5340042114257812,4.360664367675781
2020-08-05,99.00133514404297,99.98933410644531,97.88733673095703,99.53266906738281,74217000,-0.001331501252462397,0.04812227798142429,100.41503372192383,80.31878692626952,-0.5313339233398438,2.1019973754882812
2020-08-06,99.30533599853516,101.15399932861328,98.48400115966797,99.38866424560547,89884500,0.003070674289896047,0.047984231793484336,100.73270034790039,81.21125366210937,-0.0833282470703125,2.6699981689453125
2020-08-07,96.84733581542969,99.98332977294922,94.33399963378906,99.96932983398438,133446000,-0.024751944680411975,0.0416819228539985,100.42623367309571,82.07378700256348,-3.1219940185546875,5.649330139160156
2020-08-10,94.57133483886719,97.16666412353516,92.38933563232422,96.53333282470703,112834500,-0.02350091468597615,0.041449781188831476,100.16460037231445,82.85188034057617,-1.9619979858398438,4.7773284912109375
2020-08-11,91.6259994506836,94.66666412353516,91.0,93.06666564941406,129387000,-0.031144060652225414,0.04178518767521799,99.68990020751953,83.48693367004394,-1.4406661987304688,3.6666641235351562
2020-08-12,103.65066528320312,105.66666412353516,95.66666412353516,98.0,327441000,0.1312363947417745,0.05146202319436621,99.71906700134278,84.3845336151123,5.650665283203125,10.0
2020-08-13,108.06666564941406,110.07866668701172,104.48400115966797,107.4000015258789,306379500,0.042604650478076156,0.051706917853087606,100.12026710510254,85.36858695983886,0.6666641235351562,5.59466552734375
2020-08-14,110.04733276367188,111.25333404541016,108.44266510009766,110.99933624267578,188664000,0.01832819678811437,0.051775100357870564,100.61983375549316,86.41702697753907,-0.9520034790039062,2.8106689453125
2020-08-17,122.3759994506836,123.05733489990234,111.52200317382812,111.80000305175781,303634500,0.11203058154519474,0.053453724879538235,101.261967086792,87.6836669921875,10.575996398925781,11.535331726074219
2020-08-18,125.80599975585938,128.25999450683594,123.00733184814453,126.59933471679688,247117500,0.028028374195693928,0.05217975413960658,102.32440032958985,88.93322700500488,-0.7933349609375,5.252662658691406
2020-08-19,125.23533630371094,127.4000015258789,122.74732971191406,124.33333587646484,183079500,-0.004536059116861502,0.0522730469794593,103.27840042114258,90.18370704650879,0.9020004272460938,4.652671813964844
2020-08-20,133.45533752441406,134.79933166503906,123.80400085449219,124.04533386230469,309177000,0.06563643667445929,0.05174698469840213,104.90760078430176,91.48608039855957,9.410003662109375,10.995330810546875
2020-08-21,136.6653289794922,139.69932556152344,135.00332641601562,136.3173370361328,322344000,0.024052926729070556,0.04831846154241654,107.01753387451171,92.92226692199706,0.347991943359375,4.6959991455078125
2020-08-24,134.27999877929688,141.93333435058594,128.50132751464844,141.7519989013672,300954000,-0.017453806448256226,0.04630166261288523,108.59953384399414,94.3608268737793,-7.4720001220703125,13.4320068359375
2020-08-25,134.8893280029297,135.19667053222656,131.1999969482422,131.65933227539062,159883500,0.004537751185374361,0.044514649651838246,110.42236671447753,95.73741348266601,3.2299957275390625,3.996673583984375
2020-08-26,143.54466247558594,144.39999389648438,136.90866088867188,137.3333282470703,213591000,0.06416619165356252,0.04575337861505413,112.60256652832031,97.29880004882813,6.211334228515625,7.4913330078125
2020-08-27,149.25,153.0399932861328,142.8333282470703,145.36399841308594,355395000,0.039746079206424145,0.045511948570316686,115.10676651000976,98.96141342163087,3.8860015869140625,10.2066650390625
2020-08-28,147.55999755859375,154.5659942626953,145.76800537109375,153.00799560546875,301218000,-0.011323299439907841,0.04403061274930978,117.7155662536621,100.57400009155273,-5.447998046875,8.797988891601562
2020-08-31,166.10667419433594,166.7133331298828,146.70333862304688,148.20333862304688,355123200,0.1256890549105465,0.049621992778943386,121.0708999633789,102.56160018920899,17.903335571289062,20.009994506835938
2020-09-01,158.35000610351562,167.49667358398438,156.836669921875,167.3800048828125,269523300,-0.04669690804684601,0.05204913777235686,124.03173370361328,104.4028402709961,-9.029998779296875,10.660003662109375
2020-09-02,149.1233367919922,159.67999267578125,135.0399932861328,159.663330078125,288528300,-0.05826756524083643,0.0550320587773295,126.53783378601074,106.04960037231446,-10.539993286132812,24.639999389648438
2020-09-03,135.6666717529297,143.93333435058594,134.0,135.7433319091797,262788300,-0.09023849203316048,0.06041932750870229,128.35590057373048,107.48180053710938,-0.07666015625,9.933334350585938
2020-09-04,139.44000244140625,142.6666717529297,124.00666809082031,134.27000427246094,330965700,0.027813247275265907,0.059626975144089954,130.48553390502929,108.95596054077149,5.1699981689453125,18.660003662109375
2020-09-08,110.06999969482422,122.913330078125,109.95999908447266,118.66666412353516,346397100,-0.21062824320390794,0.07850968276463786,131.26046714782714,109.87770721435547,-8.596664428710938,12.953330993652344
2020-09-09,122.09333038330078,123.0,113.836669921875,118.86666870117188,238397400,0.10923349433825735,0.08081497456059393,132.783833694458,110.97377380371094,3.2266616821289062,9.163330078125
2020-09-10,123.77999877929688,132.99667358398438,120.1866683959961,128.73666381835938,254791800,0.013814582587770685,0.0762698982608433,133.7903003692627,112.00962707519531,-4.9566650390625,12.810005187988281
2020-09-11,124.23999786376953,127.5,120.16666412353516,127.3133316040039,182152500,0.003716263443279244,0.07593894509752325,134.59896697998047,113.00158706665039,-3.073333740234375,7.333335876464844
2020-09-14,139.8733367919922,140.0,124.43333435058594,126.98332977294922,249061800,0.12583177074233998,0.0802505319752517,136.09026718139648,114.18750717163086,12.890007019042969,15.566665649414062
2020-09-15,149.9199981689453,153.97999572753906,143.56666564941406,145.52000427246094,291894600,0.07182685140266343,0.07817560009253816,137.46746711730958,115.3571337890625,4.399993896484375,10.413330078125
2020-09-16,147.25332641601562,152.59666442871094,145.10333251953125,146.6233367919922,216837900,-0.01778729846250804,0.0783906509751748,138.5398334503174,116.44905364990234,0.6299896240234375,7.4933319091796875
2020-09-17,141.14332580566406,145.92999267578125,136.0,138.53334045410156,230337600,-0.04149312452942333,0.07920641007533077,139.33523292541503,117.45074676513671,2.6099853515625,9.92999267578125
2020-09-18,147.38333129882812,150.3333282470703,142.93333435058594,149.31333923339844,259220400,0.04421041843491591,0.078543735236231,140.03163261413573,118.5393733215332,-1.9300079345703125,7.399993896484375
2020-09-21,149.79666137695312,151.89332580566406,135.69000244140625,151.0433349609375,328430400,0.016374511668703073,0.07848007203933267,140.68819923400878,119.47577316284179,-1.246673583984375,16.203323364257812
2020-09-22,141.41000366210938,145.9199981689453,139.1999969482422,143.1999969482422,238742400,-0.055986946823462835,0.07959397214312347,141.04469947814943,120.30789321899414,-1.7899932861328125,6.720001220703125
2020-09-23,126.78666687011719,137.38333129882812,125.2933349609375,135.05332946777344,285222600,-0.10341090738483938,0.08325478098192017,140.6395664215088,120.82122650146485,-8.26666259765625,12.089996337890625
2020-09-24,129.26333618164062,133.1666717529297,117.0999984741211,121.26667022705078,289683300,0.0195341463945935,0.0820429622413169,139.9255001068115,121.3451466369629,7.996665954589844,16.066673278808594
2020-09-25,135.77999877929688,136.2433319091797,130.43333435058594,131.1566619873047,201625500,0.05041385121376596,0.08236203892270597,139.25200004577636,122.05989334106445,4.6233367919921875,5.80999755859375
2020-09-28,140.39999389648438,142.69332885742188,138.51666259765625,141.5399932861328,149158800,0.034025594039789775,0.08269711451602169,138.8939998626709,122.86677322387695,-1.1399993896484375,4.176666259765625
2020-09-29,139.69000244140625,142.8333282470703,137.1999969482422,138.6666717529297,150657900,-0.005056919415549199,0.0773051225244642,137.57316627502442,123.46990661621093,1.0233306884765625,5.633331298828125
2020-09-30,143.00332641601562,144.64332580566406,140.1566619873047,140.44000244140625,144436800,0.02371912031427703,0.07693939013528939,136.80583229064942,124.23882644653321,2.563323974609375,4.486663818359375
2020-10-01,149.3866729736328,149.6266632080078,144.80667114257812,146.9199981689453,152224500,0.04463774876849502,0.07642592963957784,136.81899909973146,125.10345321655274,2.4666748046875,4.8199920654296875
2020-10-02,138.3633270263672,146.3766632080078,138.3333282470703,140.4633331298828,214290000,-0.0737906918190171,0.07545179537008634,136.9538318634033,125.85329315185547,-2.100006103515625,8.0433349609375
2020-10-05,141.89332580566406,144.54666137695312,139.77667236328125,141.11666870117188,134168400,0.025512531789757986,0.07541508221467699,137.0764980316162,126.8018263244629,0.7766571044921875,4.769989013671875
2020-10-06,137.9933319091797,142.92666625976562,135.35000610351562,141.26333618164062,147438900,-0.02748539351192436,0.05685038772505281,138.472664642334,127.50889297485351,-3.2700042724609375,7.57666015625
2020-10-07,141.76666259765625,143.3000030517578,137.9499969482422,139.9566650390625,129383100,0.027344297266189477,0.05231446171745011,139.45633125305176,128.3755728149414,1.80999755859375,5.350006103515625
2020-10-08,141.97332763671875,146.3333282470703,141.76666259765625,146.14666748046875,121263300,0.0014577830589765917,0.0523250576458207,140.36599769592286,129.21622604370117,-4.17333984375,4.5666656494140625
2020-10-09,144.6666717529297,144.8633270263672,142.15333557128906,143.3766632080078,86777100,0.01897077543397918,0.0523677342060222,141.38733139038087,130.12623947143555,1.290008544921875,2.709991455078125
2020-10-12,147.43333435058594,149.5800018310547,146.19332885742188,147.3333282470703,116373300,0.01912439516394837,0.04470749273701261,141.76533126831055,131.16722610473633,0.100006103515625,3.3866729736328125
2020-10-13,148.88333129882812,149.6300048828125,145.53334045410156,147.78334045410156,103391100,0.009834932884270176,0.041782098886787696,141.7134979248047,132.1648927307129,1.0999908447265625,4.0966644287109375
2020-10-14,153.76666259765625,155.3000030517578,149.11666870117188,149.92666625976562,143639100,0.032799718116372834,0.042145907770802495,142.0391647338867,133.25755935668946,3.839996337890625,6.1833343505859375
2020-10-15,149.6266632080078,152.19000244140625,147.5,150.10333251953125,107017200,-0.02692390743031925,0.04145599457193476,142.4633316040039,134.27006591796874,-0.4766693115234375,4.69000244140625
2020-10-16,146.55667114257812,151.98333740234375,146.28334045410156,151.47999572753906,98327700,-0.02051768046956881,0.04065111724532284,142.4219985961914,135.21509262084962,-4.9233245849609375,5.6999969482421875
2020-10-19,143.61000061035156,149.0,142.9566650390625,148.74667358398438,108863400,-0.020106014344170586,0.040721082330909736,142.11266555786133,136.15034591674805,-5.1366729736328125,6.0433349609375
2020-10-20,140.64666748046875,143.9166717529297,139.68333435058594,143.9166717529297,94968900,-0.020634587544658856,0.03895088548473945,142.0744987487793,137.07185256958007,-3.2700042724609375,4.23333740234375
2020-10-21,140.8800048828125,144.31666564941406,140.4166717529297,140.89999389648438,97111500,0.0016590325709362475,0.030334912770724247,142.77916564941407,138.05693267822267,-0.019989013671875,3.899993896484375
2020-10-22,141.92999267578125,148.41000366210938,141.50332641601562,147.30667114257812,119979600,0.007453064711647084,0.030165290624693863,143.4124984741211,138.8225192260742,-5.376678466796875,6.90667724609375
2020-10-23,140.2100067138672,140.9633331298828,135.7933349609375,140.6133270263672,101151000,-0.012118551755604834,0.028413585972257585,143.6339988708496,139.46538604736327,-0.4033203125,5.1699981689453125
2020-10-26,140.0933380126953,141.9199981689453,136.6666717529297,137.2100067138672,84717600,-0.0008320996760948773,0.027396315905273534,143.61866607666016,140.06630615234374,2.883331298828125,5.253326416015625
2020-10-27,141.55999755859375,143.5,140.03334045410156,141.25332641601562,68059500,0.010469159823756513,0.027457858066644025,143.71216583251953,140.44998611450194,0.306671142578125,3.4666595458984375
2020-10-28,135.33999633789062,139.53334045410156,135.3333282470703,138.82666015625,76354200,-0.043938975190562446,0.028656861661567418,143.3289993286133,140.64066604614257,-3.486663818359375,4.20001220703125
2020-10-29,136.94332885742188,139.35333251953125,135.48666381835938,136.65333557128906,67965900,0.011846701366300838,0.026697877779971773,142.70683212280272,140.8748258972168,0.2899932861328125,3.866668701171875
2020-10-30,129.34666442871094,135.8633270263672,126.37000274658203,135.63333129882812,127533900,-0.05547305218949494,0.02439206782743765,142.25599899291993,140.79265243530273,-6.2866668701171875,9.493324279785156
2020-11-02,133.50332641601562,135.66000366210938,130.76666259765625,131.3333282470703,87063300,0.03213582666134873,0.024841483505815075,141.8364990234375,140.7294123840332,2.1699981689453125,4.893341064453125
2020-11-03,141.3000030517578,142.58999633789062,135.56333923339844,136.57666015625,103055100,0.05840061701119437,0.02760917350633075,142.0018325805664,140.8698124694824,4.7233428955078125,7.0266571044921875
2020-11-04,140.32666015625,145.13333129882812,139.03334045410156,143.5399932861328,96429300,-0.006888484603579825,0.02697968495550763,141.9298324584961,140.97855911254882,-3.2133331298828125,6.0999908447265625
2020-11-05,146.02999877929688,146.6666717529297,141.3333282470703,142.76666259765625,85243500,0.040643300543862226,0.028484529725497733,142.132666015625,141.02826583862304,3.263336181640625,5.333343505859375
2020-11-06,143.31666564941406,145.52333068847656,141.42666625976562,145.36666870117188,65118000,-0.01858065570474754,0.028530381302080354,142.0651657104492,140.90959915161133,-2.0500030517578125,4.0966644287109375
2020-11-09,140.4199981689453,150.8333282470703,140.3333282470703,146.5,104499000,-0.02021165833954497,0.028492467336786974,141.7144989013672,140.76679916381835,-6.0800018310546875,10.5
2020-11-10,136.7866668701172,140.02999877929688,132.00999450683594,140.02999877929688,90852600,-0.02587474253102262,0.028825482578379396,141.10966567993165,140.180399017334,-3.2433319091796875,8.020004272460938
2020-11-11,139.0433349609375,139.56666564941406,136.86000061035156,138.81666564941406,52073100,0.0164977197153513,0.027952310009983043,140.3734992980957,139.79426559448243,0.2266693115234375,2.7066650390625
2020-11-12,137.25332641601562,141.0,136.5066680908203,138.35000610351562,59565300,-0.012873745767280065,0.0275365085030794,139.75483245849608,139.5568653869629,-1.0966796875,4.4933319091796875
2020-11-13,136.1666717529297,137.50999450683594,133.8866729736328,136.9499969482422,59313300,-0.007917146283160204,0.027280385018229467,139.23533248901367,139.5668653869629,-0.7833251953125,3.623321533203125
2020-11-16,136.02999877929688,137.48333740234375,134.69667053222656,136.30999755859375,80515800,-0.0010037182511209997,0.026994553358928447,138.85633239746093,139.4986653137207,-0.279998779296875,2.7866668701171875
2020-11-17,147.20333862304688,154.0,144.336669921875,153.38999938964844,183564900,0.08213879250177958,0.03254455319710907,139.18416595458984,140.24133209228515,-6.1866607666015625,9.663330078125
2020-11-18,162.2133331298828,165.3333282470703,147.8333282470703,149.4499969482422,234132000,0.10196775866118779,0.039375628355318236,140.25083236694337,141.0437321472168,12.763336181640625,17.5
2020-11-19,166.42333984375,169.5366668701172,162.52333068847656,164.0,187425900,0.025953518324515645,0.03958400420283213,141.4754997253418,141.89659896850586,2.42333984375,7.013336181640625
2020-11-20,163.20333862304688,167.5,163.02000427246094,165.99667358398438,98735700,-0.019348255020757876,0.03981661890917164,142.6251663208008,142.6758657836914,-2.7933349609375,4.4799957275390625
2020-11-23,173.9499969482422,175.3333282470703,167.26333618164062,167.8333282470703,150780900,0.06584827501609536,0.04175151274729801,144.31799926757813,143.3573989868164,6.116668701171875,8.069992065429688
2020-11-24,185.1266632080078,186.663330078125,175.39999389648438,180.13333129882812,160945500,0.06425217853318599,0.04336946303820686,146.49633255004883,144.06153228759766,4.9933319091796875,11.263336181640625
2020-11-25,191.3333282470703,191.3333282470703,181.7899932861328,183.35333251953125,146790600,0.03352658623835669,0.041296704874587586,149.2959991455078,144.94313232421874,7.9799957275390625,9.5433349609375
2020-11-27,195.25332641601562,199.5933380126953,192.81666564941406,193.72000122070312,112683300,0.020487795852708768,0.04127135906500995,152.2114990234375,146.02533233642578,1.5333251953125,6.77667236328125
2020-11-30,189.1999969482422,202.60000610351562,184.836669921875,200.73666381835938,189009300,-0.031002439645386293,0.03927146253689161,155.20416564941405,146.86166564941405,-11.536666870117188,17.763336181640625
2020-12-01,194.9199981689453,199.28334045410156,190.68333435058594,199.19667053222656,120310500,0.030232565079099327,0.039242566705791744,158.27499923706054,147.7641323852539,-4.27667236328125,8.600006103515625
2020-12-02,189.60667419433594,190.51333618164062,180.40333557128906,185.47999572753906,143327100,-0.027258998689319136,0.039483102064733204,160.69033279418946,148.72806579589843,4.126678466796875,10.110000610351562
2020-12-03,197.7933349609375,199.6566619873047,194.14332580566406,196.67333984375,127656000,0.04317707064578702,0.039573976392628614,163.56366653442382,150.14819915771486,1.1199951171875,5.513336181640625
2020-12-04,199.67999267578125,199.67999267578125,195.1666717529297,197.00332641601562,88203900,0.00953853028069096,0.03924848605421056,166.24616622924805,151.55653228759766,2.676666259765625,4.5133209228515625
2020-12-07,213.9199981689453,216.26333618164062,201.01666259765625,201.63999938964844,168929100,0.07131413268972531,0.04015913277933078,169.7763328552246,153.11933227539063,12.279998779296875,15.246673583984375
2020-12-08,216.6266632080078,217.0933380126953,206.1666717529297,208.50332641601562,192795000,0.01265269756091203,0.03904212494558719,173.58666610717773,154.6438656616211,8.123336791992188,10.926666259765625
2020-12-09,201.4933319091797,218.10667419433594,196.0,217.89666748046875,213873600,-0.06985904262531573,0.0429595667289371,176.82199935913087,155.87993225097657,-16.403335571289062,22.106674194335938
2020-12-10,209.02333068847656,209.25,188.77999877929688,191.4566650390625,201249600,0.03737095767859411,0.04311263536893184,180.3209991455078,157.2003323364258,17.566665649414062,20.470001220703125
2020-12-11,203.3300018310547,208.0,198.93333435058594,205.00332641601562,139425000,-0.027237767375868138,0.043828393741434796,183.62483291625978,158.27919891357422,-1.6733245849609375,9.066665649414062
2020-12-14,213.27667236328125,214.25,203.39999389648438,206.3333282470703,156121800,0.048918853305726984,0.043714831102917975,187.48033294677734,159.7774658203125,6.9433441162109375,10.850006103515625
2020-12-15,211.0833282470703,215.63333129882812,207.93333435058594,214.42666625976562,135214500,-0.010284031966116491,0.04403761218083406,191.232999420166,161.16126586914064,-3.3433380126953125,7.6999969482421875
2020-12-16,207.58999633789062,210.8333282470703,201.6666717529297,209.41000366210938,126287400,-0.016549539644792777,0.04258137274828387,194.2523323059082,162.55319915771486,-1.82000732421875,9.166656494140625
2020-12-17,218.63333129882812,219.60667419433594,206.5,209.39666748046875,168810300,0.053197818564255206,0.03875545352462416,197.07333221435547,164.0905325317383,9.236663818359375,13.106674194335938
2020-12-18,231.6666717529297,231.6666717529297,209.51333618164062,222.96665954589844,666378600,0.059612778969587055,0.03993490443392768,200.33549880981445,165.8843994140625,8.70001220703125,22.153335571289062
2020-12-21,216.6199951171875,222.8333282470703,215.35667419433594,222.0800018310547,174135900,-0.06494968189377415,0.04330484830261192,203.00633163452147,167.32346588134766,-5.4600067138671875,7.476654052734375
2020-12-22,213.44667053222656,216.6266632080078,204.7433319091797,216.0,155148000,-0.01464926902636221,0.04206791864734591,204.9811653137207,168.64373260498047,-2.5533294677734375,11.883331298828125
2020-12-23,215.32666015625,217.1666717529297,207.52333068847656,210.73333740234375,99519000,0.008807772074100217,0.04016649908205234,206.4911651611328,169.9725991821289,4.59332275390625,9.643341064453125
2020-12-24,220.58999633789062,222.02999877929688,213.6666717529297,214.3300018310547,68596800,0.02444349518922251,0.03991745613752396,207.95399856567383,171.3090658569336,6.2599945068359375,8.363327026367188
2020-12-28,221.22999572753906,227.13333129882812,220.26666259765625,224.836669921875,96835800,0.002901307404113318,0.03981911008785472,209.25283203125,172.7411325073242,-3.6066741943359375,6.866668701171875
2020-12-29,221.99667358398438,223.3000030517578,218.3333282470703,220.3333282470703,68732400,0.003465523985226371,0.038820283595521025,210.8926658630371,174.24993255615234,1.6633453369140625,4.9666748046875
2020-12-30,231.5933380126953,232.1999969482422,222.7866668701172,224.0,128538000,0.0432288658824449,0.03930469475613718,212.7263328552246,176.0095993041992,7.5933380126953125,9.413330078125
2020-12-31,235.22332763671875,239.57333374023438,230.3733367919922,233.3300018310547,148949700,0.01567398119122254,0.038358640547377,215.00716552734374,177.9011325073242,1.8933258056640625,9.199996948242188
2021-01-04,243.2566680908203,248.163330078125,239.06333923339844,239.82000732421875,145914600,0.03415197180829077,0.0380184319157071,217.28033218383788,179.94866577148437,3.4366607666015625,9.099990844726562
2021-01-05,245.0366668701172,246.94667053222656,239.73333740234375,241.22000122070312,96735600,0.007317368906131216,0.03802643810295632,219.54816589355468,182.0107992553711,3.8166656494140625,7.2133331298828125
2021-01-06,251.9933319091797,258.0,249.6999969482422,252.8300018310547,134100000,0.028390302267496503,0.03557399255025445,221.45183258056642,184.24646575927736,-0.836669921875,8.300003051757812
2021-01-07,272.0133361816406,272.3299865722656,258.3999938964844,259.2099914550781,154496700,0.07944656360858104,0.03892885267978269,224.22116622924804,186.88486572265626,12.8033447265625,13.92999267578125
2021-01-08,293.3399963378906,294.8299865722656,279.46331787109375,285.3333435058594,225166500,0.07840299470467449,0.036528753118695884,228.8134994506836,189.9204656982422,8.00665283203125,15.366668701171875
2021-01-11,270.39666748046875,284.80999755859375,267.8733215332031,283.1333312988281,177904800,-0.07821411721500826,0.042260170731171075,231.8821662902832,192.62159912109374,-12.736663818359375,16.936676025390625
2021-01-12,283.14666748046875,289.3333435058594,275.7799987792969,277.0,138812100,0.047152947996006445,0.041728181243041854,235.8729995727539,195.54566589355468,6.14666748046875,13.5533447265625
2021-01-13,284.8033447265625,286.8233337402344,277.3333435058594,284.2533264160156,99937500,0.005850950889994211,0.041129705898266,239.44933319091797,198.6547994995117,0.550018310546875,9.489990234375
2021-01-14,281.6666564941406,287.6666564941406,279.5833435058594,281.1300048828125,93798900,-0.011013523157297866,0.04115396995805019,242.97849960327147,201.61806610107422,0.536651611328125,8.08331298828125
2021-01-15,275.38665771484375,286.6333312988281,273.0333251953125,284.0,116332800,-0.02229585445953386,0.0414075532529006,246.36833267211915,204.29979919433595,-8.61334228515625,13.600006103515625
2021-01-19,281.51666259765625,283.3333435058594,277.6666564941406,279.26666259765625,76101000,0.022259629183487784,0.04047464916061735,249.51249923706055,207.12359924316405,2.25,5.66668701171875
2021-01-20,283.48333740234375,286.5,279.09332275390625,286.2466735839844,76997700,0.00698599786790699,0.03900285282732172,252.10333251953125,209.872666015625,-2.763336181640625,7.40667724609375
2021-01-21,281.663330078125,285.239990234375,280.47332763671875,285.0,61563300,-0.006420156263490129,0.03500565252436197,255.35549926757812,212.6395993041992,-3.336669921875,4.76666259765625
2021-01-22,282.21331787109375,282.6666564941406,276.2066650390625,278.10333251953125,60199500,0.0019526425140830028,0.034488689430727144,258.7938316345215,215.47546569824217,4.1099853515625,6.459991455078125
2021-01-25,293.6000061035156,300.1333312988281,279.6066589355469,285.0,123520200,0.040347806114603646,0.03492702463952455,262.70749893188474,218.61173248291016,8.600006103515625,20.52667236328125
2021-01-26,294.36334228515625,298.6333312988281,290.5333251953125,297.1266784667969,69394800,0.0025999188207492807,0.03499718525866512,266.396166229248,221.71813262939452,-2.763336181640625,8.100006103515625
2021-01-27,288.0533447265625,297.1666564941406,286.2200012207031,290.1166687011719,82002000,-0.02143608477064074,0.03585656296072675,269.7373336791992,224.73413299560548,-2.063323974609375,10.9466552734375
2021-01-28,278.4766540527344,282.6666564941406,267.0,273.3333435058594,79134000,-0.033246240146660666,0.03732792944633662,272.5613327026367,227.58033264160156,5.143310546875,15.666656494140625
2021-01-29,264.510009765625,280.8033447265625,260.0333251953125,276.6666564941406,104972400,-0.05015373491403896,0.03902532858670003,274.2071662902832,230.14993286132812,-12.156646728515625,20.77001953125
2021-02-01,279.9366760253906,280.6666564941406,265.1866760253906,271.42999267578125,76174200,0.058321672867634566,0.04063393559633128,276.4428337097168,232.804599609375,8.506683349609375,15.47998046875
2021-02-02,290.92999267578125,293.5,280.73333740234375,281.55999755859375,73038600,0.039270726531715816,0.04081297445249125,278.82649993896484,235.37893280029297,9.3699951171875,12.76666259765625
2021-02-03,284.89666748046875,292.6933288574219,284.35333251953125,292.3399963378906,55030500,-0.020738065332563282,0.041380128848599096,280.8194999694824,237.74839935302734,-7.443328857421875,8.339996337890625
2021-02-04,283.3299865722656,285.5,277.8066711425781,285.0,47438100,-0.005499119810906672,0.04121083130000442,282.3863327026367,240.15093231201172,-1.670013427734375,7.693328857421875
2021-02-05,284.07666015625,288.25665283203125,279.65667724609375,281.6666564941406,55699800,0.0026353496607176563,0.03748298956397556,282.9894989013672,242.35346557617189,2.410003662109375,8.5999755859375
2021-02-08,287.8066711425781,292.5899963378906,284.9166564941406,289.8900146484375,60485100,0.0131302972383458,0.03314829260622873,282.71283264160155,244.4070657348633,-2.083343505859375,7.67333984375
2021-02-09,283.1533203125,286.6000061035156,280.5833435058594,285.0400085449219,45473100,-0.016168321643152184,0.027986513391011318,283.3506652832031,246.24346557617187,-1.886688232421875,6.01666259765625
2021-02-10,268.2733459472656,281.6066589355469,266.67333984375,281.21331787109375,108648300,-0.052550944303998315,0.0285220088281766,282.606999206543,247.70386596679688,-12.939971923828125,14.933319091796875
2021-02-11,270.5533447265625,276.6266784667969,267.24334716796875,270.8133239746094,64868400,0.008498789811735685,0.0285679838333144,281.89449920654295,249.33093292236327,-0.259979248046875,9.383331298828125
2021-02-12,272.0400085449219,272.4433288574219,261.77667236328125,267.086669921875,71304900,0.005494900903412869,0.028537673632115082,281.41316680908204,250.8733331298828,4.953338623046875,10.666656494140625
2021-02-16,265.40667724609375,273.6666564941406,264.14666748046875,272.6666564941406,59406900,-0.024383660823671716,0.02862201767749708,280.9141677856445,252.38933319091797,-7.259979248046875,9.519989013671875
2021-02-17,266.04998779296875,266.61334228515625,254.00332641601562,259.6966552734375,77989500,0.0024238672272682837,0.02809586025667075,280.14083404541014,253.75446624755858,6.35333251953125,12.610015869140625
2021-02-18,262.4599914550781,264.89666748046875,258.75665283203125,260.29998779296875,53871300,-0.013493691045324274,0.0281071806828019,279.08966674804685,255.01006622314452,2.160003662109375,6.1400146484375
2021-02-19,260.4333190917969,265.5966796875,259.1233215332031,265.0,56874900,-0.007721833533733569,0.028115875485959965,278.02816619873045,255.94033264160157,-4.566680908203125,6.473358154296875
2021-02-22,238.1666717529297,256.1666564941406,236.73333740234375,254.2133331298828,111809100,-0.08549845855559934,0.03350170355680812,275.8258338928223,256.3711328125,-16.046661376953125,19.433319091796875
2021-02-23,232.94667053222656,237.8699951171875,206.3333282470703,220.7100067138672,199820700,-0.021917429429917368,0.03162166936391981,272.7931671142578,257.0001995849609,12.236663818359375,31.536666870117188
2021-02-24,247.33999633789062,248.3333282470703,231.38999938964844,237.28334045410156,110301000,0.06178807266392261,0.03549589348899163,270.4419998168945,257.7665328979492,10.056655883789062,16.943328857421875
2021-02-25,227.4066619873047,245.73666381835938,223.52667236328125,242.0500030517578,117071700,-0.08059082496045267,0.038964077697314574,267.40966567993166,258.24806610107424,-14.643341064453125,22.209991455078125
2021-02-26,225.1666717529297,235.56666564941406,219.836669921875,233.3333282470703,123267600,-0.009850152211020369,0.038611273542842994,264.7441665649414,258.48586608886717,-8.166656494140625,15.729995727539062
2021-03-01,239.47666931152344,239.6666717529297,228.35000610351562,230.0366668701172,81408600,0.06355291148192554,0.04068036112678511,263.4924995422363,259.05373291015627,9.44000244140625,11.316665649414062
2021-03-02,228.81333923339844,240.3699951171875,228.3333282470703,239.42666625976562,71196600,-0.044527636486599076,0.03882392438938348,260.9363327026367,259.4781997680664,-10.613327026367188,12.036666870117188
2021-03-03,217.73333740234375,233.56666564941406,217.23666381835938,229.3300018310547,90624000,-0.048423758283395624,0.037991971676604334,257.27649993896483,259.4601998901367,-11.596664428710938,16.330001831054688
2021-03-04,207.14666748046875,222.81666564941406,200.0,218.60000610351562,197758500,-0.04862218183112754,0.03876786753422902,253.38899993896484,258.9697998046875,-11.453338623046875,22.816665649414062
2021-03-05,199.31666564941406,209.27999877929688,179.8300018310547,208.68666076660156,268189500,-0.037799313531283074,0.03901943670355882,249.18833389282227,258.62373321533204,-9.3699951171875,29.449996948242188
2021-03-08,187.6666717529297,206.7100067138672,186.26333618164062,200.18333435058594,155361000,-0.05844967282854319,0.03980893585013242,244.36783447265626,258.1081332397461,-12.51666259765625,20.446670532226562
2021-03-09,224.52667236328125,226.02999877929688,198.40333557128906,202.72666931152344,202569900,0.1964120760817838,0.062440537301157666,241.2038345336914,258.29213348388674,21.800003051757812,27.626663208007812
2021-03-10,222.68666076660156,239.28334045410156,218.35333251953125,233.43333435058594,181817100,-0.00819506910832657,0.06242850832863534,238.18050155639648,258.3340667724609,-10.746673583984375,20.930007934570312
2021-03-11,233.1999969482422,234.1666717529297,225.72666931152344,233.13333129882812,108761700,0.04721134236531421,0.06285004375719264,236.4268341064453,258.573466796875,0.0666656494140625,8.44000244140625
2021-03-12,231.2433319091797,231.6266632080078,222.04666137695312,223.3333282470703,100751400,-0.008390501992574073,0.06276964450105811,234.46133346557616,258.7583999633789,7.910003662109375,9.580001831054688
2021-03-15,235.97999572753906,237.72666931152344,228.01333618164062,231.3633270263672,88006800,0.020483461206222797,0.06300376583033768,232.65833282470703,258.8461331176758,4.616668701171875,9.713333129882812
2021-03-16,225.6266632080078,235.97332763671875,223.6666717529297,234.4499969482422,96587100,-0.04387377195940434,0.06346353570791344,230.66933212280273,258.6541998291016,-8.823333740234375,12.306655883789062
2021-03-17,233.93666076660156,234.57666015625,217.00332641601562,218.9566650390625,121117500,0.03683074261011732,0.06417409300135339,229.06366577148438,258.46779968261717,14.979995727539062,17.573333740234375
2021-03-18,217.72000122070312,229.7433319091797,217.3333282470703,228.09666442871094,99674400,-0.06932072763951169,0.06577752461132415,226.82666625976563,257.9214663696289,-10.376663208007812,12.410003662109375
2021-03-19,218.2899932861328,219.07666015625,208.2066650390625,215.53334045410156,128682000,0.0026180050626212203,0.06581503140089286,224.71949996948243,257.24739959716794,2.75665283203125,10.8699951171875
2021-03-22,223.3333282470703,233.2066650390625,222.9166717529297,228.19667053222656,118536600,0.023103830299388672,0.06341921123654405,223.97783279418945,256.27379943847654,-4.86334228515625,10.289993286132812
2021-03-23,220.72000122070312,225.93333435058594,219.1699981689453,225.2566680908203,91475700,-0.01170146456365928,0.06328624504908192,223.3664993286133,254.82139953613282,-4.5366668701171875,6.763336181640625
2021-03-24,210.08999633789062,222.67333984375,210.0366668701172,222.6366729736328,101385600,-0.04816058727810224,0.062323421473587846,221.50399932861328,253.61526611328125,-12.546676635742188,12.636672973632812
2021-03-25,213.4633331298828,215.1666717529297,203.1666717529297,204.3333282470703,117674700,0.016056627401557888,0.05996928568390155,220.80683288574218,252.22159942626953,9.1300048828125,12.0
2021-03-26,206.23666381835938,214.60667419433594,199.9633331298828,213.9566650390625,101558400,-0.03385438241576755,0.06038287910369595,219.86033248901367,250.65026580810547,-7.720001220703125,14.643341064453125
2021-03-29,203.76333618164062,205.4933319091797,198.67333984375,205.2133331298828,85911000,-0.01199266702111268,0.058345326571487124,218.07466583251954,249.09219940185548,-1.4499969482421875,6.8199920654296875
2021-03-30,211.8733367919922,212.55332946777344,197.00332641601562,200.5833282470703,118297200,0.039801078851212424,0.05850169170546741,217.22766571044923,247.82193298339843,11.290008544921875,15.550003051757812
2021-03-31,222.64332580566406,224.0,213.70333862304688,215.5399932861328,100011900,0.05083220558444013,0.05859414515137787,217.47316513061523,246.6444662475586,7.10333251953125,10.296661376953125
2021-04-01,220.5833282470703,230.80667114257812,219.80667114257812,229.4566650390625,105895200,-0.009252455923119962,0.0574307726641113,218.1449981689453,245.38646606445312,-8.873336791992188,11.0
2021-04-05,230.35000610351562,236.05332946777344,228.23333740234375,235.90333557128906,125528400,0.04427659122771899,0.05717210499783867,219.6966651916504,244.36019958496092,-5.5533294677734375,7.8199920654296875
2021-04-06,230.5399932861328,232.18333435058594,227.1233367919922,230.10000610351562,84815400,0.0008247761127986308,0.05500192980358912,221.84033126831054,243.3267330932617,0.4399871826171875,5.05999755859375
2021-04-07,223.6566619873047,230.4600067138672,222.6133270263672,229.0,78928200,-0.029857428208930892,0.03442843511286596,221.7968307495117,241.9278662109375,-5.3433380126953125,7.8466796875
2021-04-08,227.93333435058594,229.85000610351562,223.88333129882812,225.7933349609375,71772900,0.01912159613436426,0.03461203737541296,222.05916442871094,240.5992660522461,2.1399993896484375,5.9666748046875
2021-04-09,225.67333984375,226.99000549316406,223.14332580566406,225.92333984375,64311300,-0.009915155733034697,0.032980574440960225,221.68283157348634,239.35166595458983,-0.25,3.8466796875
2021-04-12,233.9933319091797,234.93333435058594,227.3633270263672,228.56666564941406,87407100,0.03686741230129442,0.033992477597966614,221.82033157348633,238.46199951171874,5.426666259765625,7.57000732421875
2021-04-13,254.10667419433594,254.3333282470703,236.8866729736328,237.56666564941406,133958400,0.0859569036478478,0.03876997420052762,222.72666549682617,238.25393280029297,16.540008544921875,17.4466552734375
2021-04-14,244.07666015625,260.2633361816406,242.67666625976562,256.8999938964844,147052200,-0.03947166704647498,0.03849288745100335,223.64916534423827,237.53673248291017,-12.823333740234375,17.586669921875
2021-04-15,246.28334045410156,247.89666748046875,240.43666076660156,247.6999969482422,83546700,0.009040931223980753,0.037764334143908264,224.2664993286133,236.64379943847655,-1.416656494140625,7.4600067138671875
2021-04-16,246.5933380126953,249.80332946777344,241.53334045410156,242.88333129882812,83938500,0.0012587029151958085,0.03370563225797708,225.71016616821288,235.8777328491211,3.7100067138671875,8.269989013671875
2021-04-19,238.2100067138672,241.8000030517578,230.60000610351562,239.86666870117188,119058600,-0.03399658468630862,0.03491608503677739,226.7061668395996,234.97533325195312,-1.6566619873046875,11.199996948242188
2021-04-20,239.663330078125,245.75,236.89666748046875,239.13999938964844,106827000,0.006101017267521991,0.03465676088420021,227.52266693115234,234.08706665039062,0.5233306884765625,8.85333251953125
2021-04-21,248.0399932861328,248.27999877929688,232.6666717529297,234.92333984375,93646500,0.034951793439894185,0.035104619672334234,228.88866653442383,233.2917330932617,13.116653442382812,15.613327026367188
2021-04-22,239.89666748046875,251.2566680908203,239.34666442871094,247.1666717529297,106770900,-0.03283069676699324,0.0339999142795976,230.37900009155274,232.4266000366211,-7.2700042724609375,11.910003662109375
2021-04-23,243.13333129882812,245.7866668701172,238.48666381835938,239.93333435058594,85110000,0.013491908213451476,0.033969558929121305,231.8625,231.92379974365235,3.1999969482421875,7.3000030517578125
2021-04-26,246.06666564941406,249.76666259765625,244.20333862304688,247.0,93115500,0.012064715006025573,0.032581568451428386,233.85400009155273,231.4340661621094,-0.9333343505859375,5.563323974609375
2021-04-27,234.913330078125,241.3333282470703,234.4499969482422,239.32000732421875,88311000,-0.04532647907368281,0.03452609551921506,235.41149978637696,230.69153259277343,-4.40667724609375,6.883331298828125
2021-04-28,231.46665954589844,236.1666717529297,231.1999969482422,232.1366729736328,66813000,-0.014672094304228334,0.034004881835561426,236.39116592407225,230.01273223876953,-0.670013427734375,4.9666748046875
2021-04-29,225.6666717529297,234.0833282470703,222.8333282470703,233.1699981689453,86536200,-0.02505755171974844,0.03283223527427599,236.54233322143554,229.20506591796874,-7.503326416015625,11.25
2021-04-30,236.47999572753906,238.49000549316406,222.04666137695312,222.52999877929688,122276100,0.04791723957558203,0.034330750663087314,237.337166595459,228.68546600341796,13.949996948242188,16.443344116210938
2021-05-03,228.3000030517578,235.3333282470703,226.8333282470703,234.60000610351562,81129300,-0.034590632711300695,0.0339932830062916,237.2346664428711,228.0427996826172,-6.3000030517578125,8.5
2021-05-04,224.53334045410156,227.81666564941406,219.23333740234375,226.31333923339844,89217900,-0.01649874089928205,0.03419379757833359,236.93433380126953,227.77013305664062,-1.779998779296875,8.583328247070312
2021-05-05,223.64666748046875,228.43333435058594,222.44667053222656,227.02000427246094,65705700,-0.003948959080373515,0.033518008534039044,236.93383407592773,227.58413299560547,-3.3733367919921875,5.986663818359375
2021-05-06,221.17999267578125,227.0066680908203,216.6666717529297,226.9199981689453,83353800,-0.011029338520784915,0.03331491436049062,236.5961669921875,227.0609329223633,-5.7400054931640625,10.339996337890625
2021-05-07,224.1233367919922,230.0,220.07333374023438,221.93333435058594,70407600,0.013307460953421169,0.03339186756827109,236.5186668395996,226.99526641845702,2.19000244140625,9.926666259765625
2021-05-10,209.67999267578125,221.68333435058594,209.20333862304688,221.63333129882812,94177200,-0.06444373139784076,0.035170058692494295,235.3029998779297,226.68553283691406,-11.953338623046875,12.479995727539062
2021-05-11,205.73333740234375,209.03334045410156,198.53334045410156,199.74667358398438,139511700,-0.018822278764288325,0.027998116196159217,232.88433303833008,226.01066619873046,5.986663818359375,10.5
2021-05-12,196.6300048828125,206.80332946777344,195.58999633789062,200.8300018310547,101470800,-0.044248212926854213,0.028280545163203198,230.5120002746582,225.36699951171875,-4.1999969482421875,11.213333129882812
2021-05-13,190.56333923339844,202.15333557128906,186.5500030517578,200.51333618164062,132554700,-0.030853203980896415,0.02824653579050971,227.72600021362305,224.82359954833984,-9.949996948242188,15.60333251953125
2021-05-14,196.5800018310547,197.6233367919922,190.15333557128906,194.47000122070312,100112700,0.03157303299711356,0.02978717588522892,225.225333404541,224.61226623535157,2.1100006103515625,7.470001220703125
2021-05-17,192.27667236328125,196.57666015625,187.06666564941406,191.85000610351562,97171200,-0.02189098294684022,0.02941262296846348,222.9286666870117,224.4714663696289,0.426666259765625,9.509994506835938
2021-05-18,192.6233367919922,198.75,187.7933349609375,189.3333282470703,110491800,0.0018029458511532592,0.02930243655320456,220.57666702270507,224.57059967041016,3.290008544921875,10.9566650390625
2021-05-19,187.82000732421875,188.73666381835938,182.32666015625,184.18333435058594,118735200,-0.02493638386588848,0.027417439773078398,217.56566772460937,223.8364663696289,3.6366729736328125,6.410003662109375
2021-05-20,195.5933380126953,196.28334045410156,190.35667419433594,191.6666717529297,92463300,0.04138712802336375,0.029592521732270834,215.3505012512207,223.2945999145508,3.926666259765625,5.926666259765625
2021-05-21,193.6266632080078,198.89332580566406,193.3333282470703,198.70333862304688,78091800,-0.010054917128925145,0.029083677206696357,212.8751678466797,222.5031332397461,-5.0766754150390625,5.55999755859375
2021-05-24,202.14666748046875,204.82666015625,191.21665954589844,193.86666870117188,103674300,0.0440022264046771,0.03121086733858157,210.6791679382324,221.92119995117187,8.279998779296875,13.610000610351562
2021-05-25,201.56333923339844,204.663330078125,198.57000732421875,202.43666076660156,84017700,-0.002885668382965889,0.030055255594562284,209.01166839599608,221.23286682128906,-0.873321533203125,6.09332275390625
2021-05-26,206.3766632080078,208.72332763671875,200.5,202.52000427246094,85917900,0.023879957500782645,0.030778193640526173,207.75716857910157,220.84786682128907,3.856658935546875,8.22332763671875
2021-05-27,210.28334045410156,210.3766632080078,205.40333557128906,206.74667358398438,79111800,0.018929840154243482,0.03086127372295635,206.98800201416014,220.37480041503906,3.5366668701171875,4.97332763671875
2021-05-28,208.4066619873047,211.8633270263672,207.4600067138672,209.5,68211000,-0.008924522802159385,0.02844103349800819,205.58433532714844,220.1885336303711,-1.0933380126953125,4.4033203125
2021-06-01,207.96665954589844,211.26666259765625,206.85000610351562,209.26666259765625,54254700,-0.002111268599623961,0.027633130051354985,204.56766815185546,219.9820669555664,-1.3000030517578125,4.416656494140625
2021-06-02,201.7066650390625,207.7866668701172,199.7133331298828,206.7100067138672,69908400,-0.030100952337768105,0.0281127011177903,203.42633438110352,219.54953369140625,-5.0033416748046875,8.073333740234375
2021-06-03,190.94667053222656,201.51666259765625,190.4066619873047,200.60000610351562,90335700,-0.05334476431283097,0.03011678343910751,201.7913345336914,218.95406707763672,-9.653335571289062,11.110000610351562
2021-06-04,199.68333435058594,200.20333862304688,192.39999389648438,193.23666381835938,72110700,0.045754470575515294,0.03235390975327067,200.71650161743165,218.74593383789062,6.4466705322265625,7.8033447265625
2021-06-07,201.7100067138672,203.3333282470703,194.2933349609375,197.27667236328125,67631100,0.010149431698305955,0.032269514978207986,199.5958351135254,218.5108673095703,4.4333343505859375,9.039993286132812
2021-06-08,201.19667053222656,207.69667053222656,198.5,207.6699981689453,78160200,-0.002544921741878703,0.02905159775756479,199.17166900634766,218.41006744384765,-6.47332763671875,9.196670532226562
2021-06-09,199.5933380126953,203.92999267578125,199.2100067138672,200.72332763671875,49753800,-0.007968981371759054,0.028814582766079018,198.86466903686522,218.32666748046876,-1.1299896240234375,4.7199859619140625
2021-06-10,203.3733367919922,205.52999877929688,200.1666717529297,201.2933349609375,71758800,0.018938501740255687,0.027258901064033288,199.20183563232422,218.15666748046874,2.0800018310546875,5.3633270263671875
2021-06-11,203.29666137695312,204.18666076660156,200.5066680908203,203.41000366210938,48615900,-0.0003770180312155924,0.026152731890305016,199.83850173950196,217.76973419189454,-0.11334228515625,3.67999267578125
2021-06-14,205.89666748046875,208.49667358398438,203.05999755859375,204.07666015625,61272000,0.012789221849023313,0.025420975782453722,200.30433502197266,217.4760009765625,1.82000732421875,5.436676025390625
2021-06-15,199.7866668701172,205.59666442871094,199.41000366210938,205.56333923339844,53292300,-0.029675082579620482,0.025871668417012147,200.67983474731446,216.86473419189454,-5.77667236328125,6.1866607666015625
2021-06-16,201.6233367919922,202.8333282470703,197.8333282470703,199.17999267578125,66432300,0.009193155632698069,0.02591789970312162,201.12983474731445,216.28640106201172,2.4433441162109375,5.0
2021-06-17,205.53334045410156,207.1566619873047,200.44667053222656,200.6300048828125,68104200,0.019392614586788648,0.025327391637289684,202.0155014038086,215.92393463134766,4.9033355712890625,6.709991455078125
2021-06-18,207.77000427246094,209.4499969482422,203.93333435058594,204.4566650390625,73682700,0.010882243306208794,0.02388703007176934,202.62433471679688,215.52066802978516,3.3133392333984375,5.51666259765625
2021-06-21,206.94332885742188,210.4633331298828,202.9600067138672,208.16000366210938,74438100,-0.003978800587379316,0.023746513889625995,203.29016799926757,215.14606781005858,-1.2166748046875,7.503326416015625
2021-06-22,207.90333557128906,209.52333068847656,205.1666717529297,206.0833282470703,57476700,0.004638983624974058,0.021770702925714668,203.5780014038086,214.62426788330077,1.82000732421875,4.356658935546875
2021-06-23,218.85667419433594,219.06666564941406,210.01333618164062,210.6666717529297,93297600,0.05268476618207507,0.024534506679970598,204.44266815185546,213.9192678833008,8.19000244140625,9.053329467773438
2021-06-24,226.60667419433594,232.5399932861328,222.5366668701172,224.99667358398438,137947200,0.035411302984154513,0.025144051677602648,205.45416870117188,213.5698681640625,1.6100006103515625,10.003326416015625
2021-06-25,223.9566650390625,231.27000427246094,222.89999389648438,229.86000061035156,97490100,-0.011694312026312215,0.025182710603941692,206.13783493041993,213.1233346557617,-5.9033355712890625,8.370010375976562
2021-06-28,229.57333374023438,231.56666564941406,223.44000244140625,223.8800048828125,64884600,0.025079265670401973,0.02544933554867561,207.1961685180664,212.7829345703125,5.693328857421875,8.126663208007812
2021-06-29,226.9199981689453,229.1699981689453,225.29666137695312,228.21665954589844,52143900,-0.011557681931348984,0.025677939668753366,208.14383544921876,212.55713439941405,-1.296661376953125,3.8733367919921875
2021-06-30,226.56666564941406,230.93666076660156,226.04666137695312,226.58999633789062,56774700,-0.0015570796861552605,0.024404507872427348,209.38683547973633,212.29520111083986,-0.0233306884765625,4.8899993896484375
2021-07-01,225.97332763671875,229.3300018310547,224.26666259765625,227.97332763671875,55903500,-0.0026188230779431443,0.020168513361183804,211.13816833496094,211.85386779785156,-2.0,5.0633392333984375
2021-07-02,226.3000030517578,233.3333282470703,224.4199981689453,226.32666015625,81163500,0.0014456370513082906,0.018217034944199587,212.46900177001953,211.58193450927735,-0.0266571044921875,8.913330078125
2021-07-06,219.86000061035156,228.0,217.13333129882812,227.23666381835938,69853500,-0.028457809785947474,0.019780733852526336,213.37650146484376,211.1164678955078,-7.3766632080078125,10.866668701171875
2021-07-07,214.88333129882812,221.89999389648438,212.77333068847656,221.42333984375,56376000,-0.02263562857139878,0.020648501138094914,214.06083450317382,210.4928012084961,-6.540008544921875,9.126663208007812
2021-07-08,217.60333251953125,218.14332580566406,206.82000732421875,209.4566650390625,68319900,0.012658037290573132,0.02056062276690528,214.96133422851562,210.14660125732422,8.14666748046875,11.323318481445312
2021-07-09,218.98333740234375,219.6366729736328,214.89666748046875,217.72666931152344,54421500,0.006341837079579804,0.020287071966756793,215.7418342590332,209.89693481445312,1.2566680908203125,4.7400054931640625
2021-07-12,228.56666564941406,229.0800018310547,220.72000122070312,220.73333740234375,77781000,0.0437628194032984,0.022115999162448302,217.00533447265624,209.9549346923828,7.8333282470703125,8.360000610351562
2021-07-13,222.84666442871094,231.0933380126953,222.10000610351562,228.77333068847656,62898300,-0.0250255268170938,0.023108646961455537,217.85283432006835,209.68226806640624,-5.926666259765625,8.993331909179688
2021-07-14,217.7933349609375,226.20333862304688,217.6133270263672,223.5833282470703,64923600,-0.022676262535623493,0.02261618180486873,218.75316772460937,209.47213470458985,-5.7899932861328125,8.590011596679688
2021-07-15,216.86666870117188,222.04666137695312,212.6266632080078,219.4633331298828,60628800,-0.004254796226577984,0.022671165751702384,219.51533432006835,209.31880126953126,-2.5966644287109375,9.419998168945312
2021-07-16,214.74000549316406,218.89999389648438,214.06666564941406,218.22666931152344,49113000,-0.009806316575730722,0.02256033036165502,219.97566757202148,209.14066802978516,-3.486663818359375,4.8333282470703125
2021-07-19,215.4066619873047,215.73333740234375,207.09666442871094,209.9633331298828,63891300,0.003104482057777691,0.022473872548024257,220.35750045776368,209.02520141601562,5.443328857421875,8.636672973632812
2021-07-20,220.1666717529297,220.79666137695312,213.5,217.3300018310547,46461300,0.02209778342837665,0.022859233040308652,221.01866760253907,208.94606811523437,2.836669921875,7.296661376953125
2021-07-21,218.42999267578125,221.6199951171875,216.76333618164062,219.8699951171875,41859900,-0.007888019850240235,0.022993199424737123,221.54500045776368,209.12106811523438,-1.44000244140625,4.856658935546875
2021-07-22,216.4199981689453,220.72332763671875,214.86666870117188,218.81333923339844,45317100,-0.009202007847976312,0.019867057594499585,221.42316665649415,209.3348013305664,-2.393341064453125,5.856658935546875
2021-07-23,214.4600067138672,216.26666259765625,212.43333435058594,215.45333862304688,43814700,-0.009056424875986235,0.018057303385679315,220.8158332824707,209.6914013671875,-0.9933319091796875,3.8333282470703125
2021-07-26,219.2066650390625,222.73333740234375,215.70333862304688,216.99000549316406,76009800,0.022133069927244398,0.018731989792330695,220.5783332824707,210.2642678833008,2.2166595458984375,7.029998779296875
2021-07-27,214.92666625976562,222.1666717529297,209.0800018310547,221.13333129882812,98439900,-0.01952494819687245,0.018120713692007417,219.84599990844725,210.631201171875,-6.2066650390625,13.086669921875
2021-07-28,215.66000366210938,218.32333374023438,213.13333129882812,215.6666717529297,48019800,0.0034120354402995545,0.018063614119068608,219.28300018310546,211.09886779785157,-0.0066680908203125,5.19000244140625
2021-07-29,225.78334045410156,227.89666748046875,216.26666259765625,216.59666442871094,91183800,0.04694118807422987,0.021169248721342685,219.24383392333985,211.76206787109376,9.186676025390625,11.6300048828125
2021-07-30,229.06666564941406,232.50999450683594,223.0,223.9199981689453,88969200,0.014541928508582602,0.021402412558320857,219.39850082397462,212.58700103759764,5.14666748046875,9.509994506835938
2021-08-02,236.55667114257812,242.31333923339844,232.8000030517578,233.3333282470703,100847400,0.032697928666004517,0.022554559778147933,219.9113342285156,213.40626770019531,3.2233428955078125,9.513336181640625
2021-08-03,236.5800018310547,240.88333129882812,233.6699981689453,239.6666717529297,64860900,9.862621233169833e-05,0.021367032399344503,220.7473342895508,214.26533447265626,-3.086669921875,7.2133331298828125
2021-08-04,236.97332763671875,241.63333129882812,236.30999755859375,237.0,51007800,0.001662548831768751,0.020450812304172464,221.85183410644532,214.96186767578126,-0.02667236328125,5.323333740234375
2021-08-05,238.2100067138672,240.31666564941406,237.1366729736328,238.6666717529297,38758800,0.005218642492307302,0.02037363498847888,222.8821678161621,215.69480102539063,-0.4566650390625,3.17999267578125
2021-08-06,233.03334045410156,238.77667236328125,232.5433349609375,237.3000030517578,46869000,-0.021731523084098314,0.02120670629393857,223.58466796875,216.2279345703125,-4.26666259765625,6.23333740234375
2021-08-09,237.9199981689453,239.67666625976562,235.0433349609375,236.72332763671875,44145900,0.020969779282747014,0.019459702251807973,224.05233459472657,216.78066772460937,1.1966705322265625,4.633331298828125
2021-08-10,236.663330078125,238.8633270263672,233.9600067138672,237.99667358398438,40296900,-0.005281893495678203,0.01848291862552207,224.74316787719727,217.34580108642578,-1.333343505859375,4.9033203125
2021-08-11,235.94000244140625,238.39332580566406,234.73666381835938,237.57000732421875,29401800,-0.0030563570472872392,0.017535121176952502,225.6505012512207,217.90526794433595,-1.6300048828125,3.6566619873046875
2021-08-12,240.75,240.93333435058594,233.13333129882812,235.44667053222656,52377300,0.020386528392057013,0.017777228088318078,226.84466781616212,218.68613464355468,5.3033294677734375,7.8000030517578125
2021-08-13,239.05667114257812,243.3000030517578,238.1133270263672,241.23666381835938,50194500,-0.007033557040173943,0.01766295894298851,228.0605010986328,219.64833465576172,-2.17999267578125,5.186676025390625
2021-08-16,228.72332763671875,236.5,225.46665954589844,235.02333068847656,68032200,-0.0432254973537064,0.020763079300195234,228.72633438110353,220.22913452148438,-6.3000030517578125,11.033340454101562
2021-08-17,221.90333557128906,224.86000061035156,216.27999877929688,224.22000122070312,71163900,-0.02981764971635026,0.021509009017801832,228.81316757202148,220.6330010986328,-2.3166656494140625,8.580001831054688
2021-08-18,229.663330078125,231.92333984375,223.11666870117188,223.25,61048200,0.03497015710402862,0.022718511486473733,229.37483444213868,221.20233428955078,6.413330078125,8.806671142578125
2021-08-19,224.49000549316406,228.85000610351562,222.52999877929688,226.07000732421875,42940500,-0.02252568828990298,0.02327609468243533,229.7783348083496,221.70026763916016,-1.5800018310546875,6.32000732421875
2021-08-20,226.75332641601562,230.7100067138672,224.56666564941406,227.61666870117188,44525700,0.010082056516856674,0.023187010417587414,230.39300079345702,222.16786743164062,-0.86334228515625,6.143341064453125
2021-08-23,235.43333435058594,237.3766632080078,226.9166717529297,228.47999572753906,60794700,0.03827951753459802,0.02414775238425818,231.2043342590332,222.81060089111327,6.953338623046875,10.459991455078125
2021-08-24,236.163330078125,238.4066619873047,234.2133331298828,236.89332580566406,39249300,0.0031006472789958384,0.023516621225962372,232.26616744995118,223.4159341430664,-0.7299957275390625,4.193328857421875
2021-08-25,237.06666564941406,238.99000549316406,234.6666717529297,235.67666625976562,37936800,0.0038250458739306215,0.02351534906132681,233.3365005493164,224.16153411865236,1.3899993896484375,4.323333740234375
2021-08-26,233.72000122070312,238.46665954589844,232.5399932861328,236.10333251953125,39642900,-0.01411697599720807,0.02167593516873498,233.73333358764648,224.80346740722655,-2.383331298828125,5.926666259765625
2021-08-27,237.30667114257812,238.3333282470703,234.03334045410156,235.0,41501400,0.015346011908018431,0.021701246299482283,234.14533386230468,225.4389340209961,2.306671142578125,4.29998779296875
2021-08-30,243.6366729736328,243.6666717529297,237.57666015625,238.24000549316406,55812600,0.02667435264494311,0.02129058731981607,234.49933395385742,226.15626739501954,5.39666748046875,6.0900115966796875
2021-08-31,245.24000549316406,246.79666137695312,242.14666748046875,244.3333282470703,62566200,0.00658083407543808,0.021314393257482085,234.93233413696288,226.92220092773437,0.90667724609375,4.649993896484375
2021-09-01,244.69667053222656,247.3300018310547,243.7566680908203,244.69332885742188,39612900,-0.0022155233598404322,0.021335401368436483,235.3185012817383,227.6580676269531,0.0033416748046875,3.573333740234375
2021-09-02,244.1300048828125,246.99000549316406,243.51333618164062,244.8333282470703,38331900,-0.002315788147756681,0.021338777465071894,235.61450119018554,228.16353424072267,-0.7033233642578125,3.4766693115234375
2021-09-03,244.52333068847656,244.6666717529297,241.39999389648438,244.0833282470703,45738300,0.0016111325842673718,0.02063105775973059,236.1890007019043,228.52186737060546,0.44000244140625,3.2666778564453125
2021-09-07,250.97332763671875,253.39999389648438,246.4199981689453,246.6666717529297,60119400,0.02637783858939624,0.020917779594903575,236.84166717529297,229.0622006225586,4.3066558837890625,6.9799957275390625
2021-09-08,251.2899932861328,254.81666564941406,246.92333984375,253.86000061035156,56379000,0.0012617502122473923,0.02083436969561782,237.57300033569337,229.49653381347656,-2.57000732421875,7.8933258056640625
2021-09-09,251.6199951171875,254.03334045410156,250.5433349609375,251.1366729736328,42233100,0.001313231087076927,0.02078806460019228,238.35699996948242,229.9905337524414,0.4833221435546875,3.4900054931640625
2021-09-10,245.42333984375,254.20333862304688,244.83999633789062,253.1999969482422,45552600,-0.024627038366134335,0.021286151051178048,238.5906669616699,230.36766723632812,-7.7766571044921875,9.36334228515625
2021-09-13,247.6666717529297,248.25999450683594,236.28334045410156,246.73666381835938,68857500,0.00914066245943812,0.02126502299043623,239.0211669921875,230.80153411865234,0.9300079345703125,11.976654052734375
2021-09-14,248.163330078125,251.49000549316406,245.46665954589844,247.52333068847656,55574700,0.0020053498586631857,0.018418321018700622,239.9931671142578,231.23880065917967,0.6399993896484375,6.023345947265625
2021-09-15,251.94332885742188,252.2866668701172,246.1199951171875,248.3333282470703,46073100,0.015231899000174076,0.016708343772969668,241.49516677856445,231.8804672241211,3.6100006103515625,6.1666717529296875
2021-09-16,252.3300018310547,252.97000122070312,249.20333862304688,250.94332885742188,41770200,0.0015347617076681974,0.015325266341109017,242.62850036621094,232.62940063476563,1.3866729736328125,3.76666259765625
2021-09-17,253.163330078125,253.67999267578125,250.0,252.38333129882812,84612600,0.0033025333532406,0.01392300138402597,244.062166595459,233.3406005859375,0.779998779296875,3.67999267578125
2021-09-20,243.38999938964844,247.3333282470703,239.5399932861328,244.85333251953125,74273100,-0.03860484330594227,0.01708986294599611,244.8940002441406,233.8287338256836,-1.4633331298828125,7.7933349609375
2021-09-21,246.4600067138672,248.24667358398438,243.47999572753906,244.92999267578125,48992100,0.012613531089680885,0.0152163686669245,245.4453338623047,234.18660064697266,1.5300140380859375,4.7666778564453125
2021-09-22,250.64666748046875,251.22332763671875,246.3733367919922,247.8433380126953,45378900,0.0169871810945057,0.0155628066352977,246.16950073242188,234.7426007080078,2.8033294677734375,4.8499908447265625
2021-09-23,251.2133331298828,252.73333740234375,249.30667114257812,251.6666717529297,35842500,0.00226081461648886,0.015562882078000703,246.8768341064453,235.41100067138672,-0.453338623046875,3.426666259765625
2021-09-24,258.1300048828125,258.26666259765625,248.18666076660156,248.6300048828125,64119000,0.027533059916662994,0.015931597229202062,248.0973342895508,236.23626739501952,9.5,10.080001831054688
2021-09-27,263.78668212890625,266.3333435058594,256.4366760253906,257.7066650390625,84212100,0.02191406322043732,0.016219006547107593,249.42133483886718,237.21720092773438,6.08001708984375,9.89666748046875
2021-09-28,259.1866760253906,265.21331787109375,255.39332580566406,262.3999938964844,76144200,-0.01743835612317879,0.016177178264566137,250.19883499145507,238.0928012084961,-3.21331787109375,9.819992065429688
2021-09-29,260.4366760253906,264.5,256.8933410644531,259.9333190917969,62828700,0.004822778775393388,0.016162744339481065,250.95866851806642,238.8982012939453,0.50335693359375,7.606658935546875
2021-09-30,258.49334716796875,263.0433349609375,258.3333435058594,260.3333435058594,53868000,-0.0074618094773734045,0.016296180734002838,251.64850234985352,239.69946838378905,-1.839996337890625,4.709991455078125
2021-10-01,258.40667724609375,260.260009765625,254.52999877929688,259.4666748046875,51094200,-0.0003352887910832436,0.016268984949360563,252.3623359680176,240.53920196533204,-1.05999755859375,5.730010986328125
2021-10-04,260.510009765625,268.989990234375,258.7066650390625,265.5,91449900,0.008139621398127295,0.016305692780695744,253.161669921875,241.4602020263672,-4.989990234375,10.2833251953125
2021-10-05,260.1966552734375,265.7699890136719,258.0666809082031,261.6000061035156,55297800,-0.001202850103416031,0.015391749477546053,253.62283630371093,242.28000183105468,-1.403350830078125,7.70330810546875
2021-10-06,260.9166564941406,262.2200012207031,257.739990234375,258.73333740234375,43898400,0.0027671424905384434,0.015392044223206384,254.10416946411132,243.19980163574218,2.183319091796875,4.480010986328125
2021-10-07,264.53668212890625,268.3333435058594,261.1266784667969,261.82000732421875,57587400,0.013874260399496352,0.015617387399877398,254.75000381469727,244.17733520507812,2.7166748046875,7.2066650390625
2021-10-08,261.8299865722656,265.4599914550781,260.3033447265625,265.4033203125,50215800,-0.010231834522373306,0.014593577745881397,255.57033615112306,244.8982681274414,-3.573333740234375,5.156646728515625
2021-10-11,263.9800109863281,267.0799865722656,261.8333435058594,262.54998779296875,42600900,0.008211528565575943,0.014575616900527263,256.386003112793,245.59653503417968,1.430023193359375,5.24664306640625
2021-10-12,268.5733337402344,270.7733459472656,265.5233459472656,266.9766540527344,66060000,0.01740026730336086,0.014906608393485694,257.40650329589846,246.23686828613282,1.5966796875,5.25
2021-10-13,270.3599853515625,271.8033447265625,268.59332275390625,270.15667724609375,42360300,0.006652379022320076,0.014690245294118524,258.3273361206055,246.91246795654297,0.20330810546875,3.21002197265625
2021-10-14,272.7733459472656,273.4166564941406,271.1166687011719,271.8299865722656,36741600,0.008926471099504285,0.014727508887451966,259.349503326416,247.62846832275392,0.943359375,2.29998779296875
2021-10-15,281.010009765625,281.07000732421875,274.1166687011719,274.5799865722656,56773800,0.030195999501915205,0.015845172739059006,260.741837310791,248.48446838378905,6.430023193359375,6.953338623046875
2021-10-18,290.03668212890625,291.7533264160156,283.8233337402344,283.92999267578125,72621600,0.03212224493643445,0.013188429368904587,263.0741714477539,249.62453521728514,6.106689453125,7.92999267578125
2021-10-19,288.0899963378906,292.6499938964844,287.5033264160156,292.510009765625,52143300,-0.006711860640270406,0.013602523467814804,265.1556709289551,250.62793518066405,-4.420013427734375,5.14666748046875
2021-10-20,288.6000061035156,289.8299865722656,285.7933349609375,288.45001220703125,42096300,0.0017703140411262641,0.013493879197659335,267.05333786010743,251.6666687011719,0.149993896484375,4.036651611328125
2021-10-21,298.0,300.0,285.1666564941406,285.3333435058594,94444500,0.03257101073349511,0.014573526242152874,269.3926712036133,252.90786865234375,12.666656494140625,14.833343505859375
2021-10-22,303.2266540527344,303.3333435058594,296.9866638183594,298.5,68642400,0.01753910755951127,0.014055036240052103,271.6475036621094,254.15740173339844,4.726654052734375,6.3466796875
2021-10-25,341.6199951171875,348.3399963378906,314.73333740234375,316.84332275390625,188556300,0.12661598362581983,0.02995123512959401,275.53916931152344,256.20866821289064,24.77667236328125,33.606658935546875
2021-10-26,339.4766540527344,364.9800109863281,333.8133239746094,341.5633239746094,187245000,-0.006274050392506725,0.029445785724743188,279.5536682128906,258.4237347412109,-2.086669921875,31.16668701171875
2021-10-27,345.9533386230469,356.9599914550781,343.59332275390625,346.5533447265625,115579500,0.019078438805710585,0.029385197829852654,283.8295013427734,260.9047348022461,-0.600006103515625,13.366668701171875
2021-10-28,359.0133361816406,360.3333435058594,351.3999938964844,356.10333251953125,81639600,0.03775074872979922,0.029331037348551345,288.85550079345705,263.4917349243164,2.910003662109375,8.933349609375
2021-10-29,371.3333435058594,371.7366638183594,357.7366638183594,360.6199951171875,89755200,0.03431629436179362,0.029280083080350634,294.5018341064453,266.4286016845703,10.713348388671875,14.0
2021-11-01,402.86334228515625,403.25,372.88665771484375,381.6666564941406,168146100,0.0849102277797451,0.03266293636061032,301.6195007324219,269.95080200195315,21.196685791015625,30.36334228515625
2021-11-02,390.6666564941406,402.86334228515625,382.0,386.4533386230469,128213400,-0.03027499529203259,0.03437595218722289,308.143000793457,273.0554684448242,4.21331787109375,20.86334228515625
2021-11-03,404.6199951171875,405.1300048828125,384.2066650390625,392.4433288574219,103885500,0.03571673801973452,0.03424239549774031,315.3281677246094,276.42460174560546,12.176666259765625,20.92333984375
2021-11-04,409.9700012207031,414.4966735839844,405.6666564941406,411.4700012207031,76192200,0.013222297879683653,0.034251556728604235,322.5998336791992,279.88266845703123,-1.5,8.83001708984375
2021-11-05,407.36334228515625,413.2900085449219,402.6666564941406,409.3333435058594,64886400,-0.006358169933862068,0.034066132070383566,329.8765014648437,283.3555352783203,-1.970001220703125,10.62335205078125
2021-11-08,387.64666748046875,399.0,377.6666564941406,383.2633361816406,100337100,-0.04840070953386311,0.037524598253225336,336.0598342895508,286.3623352050781,4.383331298828125,21.333343505859375
2021-11-09,341.1666564941406,391.5,337.17333984375,391.20001220703125,177317400,-0.11990303254359846,0.0488757065506247,339.6895004272461,288.3129348754883,-50.033355712890625,54.32666015625
2021-11-10,355.98333740234375,359.3666687011719,329.10333251953125,336.8033447265625,128408100,0.043429451929624774,0.04930738487338766,343.97066802978514,290.5278015136719,19.17999267578125,30.263336181640625
2021-11-11,354.5033264160156,368.3233337402344,351.55999755859375,367.5899963378906,67189800,-0.004157528824601631,0.04947887734526651,348.05716705322266,292.7239346313477,-13.086669921875,16.763336181640625
2021-11-12,344.47332763671875,351.5,339.73333740234375,349.1666564941406,76719300,-0.02829310201599211,0.05021650157500724,351.23033294677737,294.7308010864258,-4.693328857421875,11.76666259765625
2021-11-15,337.7966613769531,343.99334716796875,326.20001220703125,339.2099914550781,104326800,-0.01938224449936754,0.05041991610249607,353.6183319091797,296.5962677001953,-1.413330078125,17.7933349609375
2021-11-16,351.57666015625,352.3999938964844,334.05999755859375,334.4366760253906,79627200,0.04079376842602822,0.05076561257856112,356.7926651000977,298.60833435058595,17.139984130859375,18.339996337890625
2021-11-17,363.0033264160156,373.21331787109375,351.8333435058594,354.5033264160156,94336200,0.032501208284666294,0.05092892024882347,360.51283111572263,300.8426010131836,8.5,21.379974365234375
2021-11-18,365.4599914550781,370.6666564941406,358.3399963378906,368.8500061035156,62696700,0.006767610267700563,0.05072734394099296,363.8858306884766,303.1194009399414,-3.3900146484375,12.32666015625
2021-11-19,379.0199890136719,379.5733337402344,364.23333740234375,366.2900085449219,64926900,0.03710391800920432,0.05103803647215408,367.6754974365234,305.79133392333983,12.72998046875,15.339996337890625
2021-11-22,385.6233215332031,400.6499938964844,377.4766540527344,387.4433288574219,99217500,0.017422122080461122,0.04346154115888619,369.8756637573242,308.5504669189453,-1.82000732421875,23.17333984375
2021-11-23,369.6766662597656,393.5,354.23333740234375,389.1700134277344,108515100,-0.041352932727292124,0.04471510762841977,371.38566436767576,310.9807336425781,-19.49334716796875,39.26666259765625
2021-11-24,372.0,377.5899963378906,354.0,360.1300048828125,67680600,0.006284772484400847,0.04459814529007497,372.68799743652346,313.3818670654297,11.8699951171875,23.589996337890625
2021-11-26,360.6400146484375,369.59332275390625,360.3333435058594,366.489990234375,35042700,-0.030537595031082,0.044540973947703136,372.76933135986326,315.54806732177735,-5.8499755859375,9.259979248046875
2021-11-29,378.9966735839844,380.8900146484375,366.7300109863281,366.9966735839844,58393500,0.050900227900227524,0.04533736663215385,373.15249786376955,318.06473419189456,12.0,14.160003662109375
2021-11-30,381.586669921875,389.3333435058594,372.6666564941406,381.4566650390625,81276000,0.006833823403773698,0.04097597757857096,372.08866424560546,320.82866760253904,0.1300048828125,16.66668701171875
2021-12-01,365.0,390.9466552734375,363.586669921875,386.8999938964844,68450400,-0.04346763456194869,0.04155910567625226,370.8053314208984,323.19946746826173,-21.899993896484375,27.3599853515625
2021-12-02,361.5333251953125,371.0,352.2166748046875,366.35333251953125,73114800,-0.00949773919092467,0.04058667950377913,368.6509979248047,325.4172006225586,-4.82000732421875,18.7833251953125
2021-12-03,338.3233337402344,363.52667236328125,333.4033203125,361.5966796875,92322000,-0.06419876077133224,0.04242720871189804,365.06866455078125,327.15940063476563,-23.273345947265625,30.12335205078125
2021-12-06,336.336669921875,340.5466613769531,316.8333435058594,333.836669921875,81663000,-0.005872086315763081,0.04242874532186109,361.5173309326172,328.72353393554687,2.5,23.71331787109375
2021-12-07,350.5833435058594,352.5566711425781,342.2699890136719,348.0666809082031,56084700,0.04235837141187604,0.0428054871340854,359.6641647338867,330.45946716308595,2.51666259765625,10.28668212890625
2021-12-08,356.32000732421875,357.4599914550781,344.3333435058594,350.9033203125,41906400,0.016363195584229162,0.03316426750624213,360.4218322753906,332.4021337890625,5.41668701171875,13.12664794921875
2021-12-09,334.6000061035156,354.163330078125,334.1199951171875,353.5466613769531,59438400,-0.06095644581905246,0.03459991341250989,359.35266571044923,333.885400390625,-18.9466552734375,20.0433349609375
2021-12-10,339.010009765625,340.32666015625,327.510009765625,336.25,59664300,0.013179927022311633,0.03477346276847504,358.5779998779297,335.4957336425781,2.760009765625,12.816650390625
2021-12-13,322.13665771484375,335.0,317.1400146484375,333.6966552734375,78595500,-0.04977243020772948,0.03595129698515704,357.46116638183594,336.7703332519531,-11.55999755859375,17.8599853515625
2021-12-14,319.5033264160156,322.13665771484375,310.0,315.0,70806300,-0.008174578197676419,0.035764879332533105,356.54649963378904,337.95019958496096,4.503326416015625,12.13665771484375
2021-12-15,325.3299865722656,326.25,309.4166564941406,317.7366638183594,75169200,0.018236618133556703,0.03467798202878828,355.23416595458986,339.2528662109375,7.59332275390625,16.833343505859375
2021-12-16,308.97332763671875,331.6600036621094,307.2833251953125,331.5,82771500,-0.050277132790258694,0.03511800005815046,352.532666015625,340.21399963378906,-22.52667236328125,24.376678466796875
2021-12-17,310.8566589355469,320.2200012207031,303.0133361816406,304.92333984375,100437300,0.006095449446181567,0.03510401377150738,349.80249938964846,341.14039916992186,5.933319091796875,17.2066650390625
2021-12-20,299.9800109863281,307.2300109863281,297.7966613769531,303.5666809082031,56480100,-0.03498927121736173,0.03396953829615873,345.8505004882812,341.9033996582031,-3.586669921875,9.433349609375
2021-12-21,312.84332275390625,313.1666564941406,295.3733215332031,305.6233215332031,71517900,0.04288056302579579,0.03553439622760462,342.2115005493164,342.8806658935547,7.220001220703125,17.7933349609375
2021-12-22,336.2900085449219,338.5533447265625,319.01666259765625,321.88665771484375,93634200,0.07494705523716627,0.03940407525347249,340.5421676635742,344.23499938964846,14.403350830078125,19.53668212890625
2021-12-23,355.6666564941406,357.6600036621094,332.5199890136719,335.6000061035156,92713200,0.05761886305530961,0.0417124010112489,339.7255004882812,345.9411328125,20.066650390625,25.1400146484375
2021-12-27,364.64666748046875,372.3333435058594,356.90667724609375,357.8900146484375,71145900,0.025248391499066658,0.0415273756688324,339.9258331298828,347.7785992431641,6.75665283203125,15.426666259765625
2021-12-28,362.8233337402344,373.0,359.47332763671875,369.8299865722656,60324000,-0.005000275342793459,0.03986645114023461,339.11716613769534,349.41486572265626,-7.00665283203125,13.52667236328125
2021-12-29,362.0633239746094,368.0,354.71331787109375,366.21331787109375,56154000,-0.0020947102761840197,0.039819096800084886,338.14099884033203,350.8553985595703,-4.149993896484375,13.28668212890625
2021-12-30,356.7799987792969,365.1833190917969,351.04998779296875,353.77667236328125,47040900,-0.014592268383646134,0.03874027787819396,337.72999877929686,352.22919860839846,3.003326416015625,14.133331298828125
2021-12-31,352.260009765625,360.6666564941406,351.5299987792969,357.8133239746094,40733700,-0.012668840823859995,0.038785827977776494,337.2663330078125,353.5023986816406,-5.553314208984375,9.13665771484375
2022-01-03,399.9266662597656,400.3566589355469,378.67999267578125,382.5833435058594,103931400,0.1353166841897706,0.046461117870193365,340.34649963378905,355.54093200683593,17.34332275390625,21.676666259765625
2022-01-04,383.1966552734375,402.6666564941406,374.3500061035156,396.51666259765625,100248300,-0.041832696836128,0.047760597290855925,342.6894989013672,357.14033203125,-13.32000732421875,28.316650390625
2022-01-05,362.7066650390625,390.11334228515625,360.336669921875,382.2166748046875,80119800,-0.05347121367683638,0.04888316562032216,343.29566497802733,357.5620654296875,-19.510009765625,29.77667236328125
2022-01-06,354.8999938964844,362.6666564941406,340.1666564941406,359.0,90336600,-0.02152337383085412,0.049063774762895744,343.22466430664065,357.8705322265625,-4.100006103515625,22.5
2022-01-07,342.32000732421875,360.30999755859375,336.6666564941406,360.1233215332031,84164700,-0.035446567451716815,0.04768300303907829,343.6106643676758,357.79786560058596,-17.803314208984375,23.643341064453125
2022-01-10,352.7066650390625,353.0333251953125,326.6666564941406,333.3333435058594,91815000,0.03034195341380186,0.048044354309355455,344.29549713134764,357.6717321777344,19.373321533203125,26.366668701171875
2022-01-11,354.79998779296875,358.6166687011719,346.2733459472656,351.22332763671875,66063300,0.005935024657598653,0.04640823815529095,345.9286636352539,357.34106506347655,3.57666015625,12.34332275390625
2022-01-12,368.739990234375,371.61334228515625,357.5299987792969,359.6166687011719,83739000,0.039289748931841784,0.04686587196471897,348.3904968261719,356.6585980224609,9.123321533203125,14.083343505859375
2022-01-13,343.85333251953125,371.8666687011719,342.17999267578125,369.69000244140625,97209900,-0.06749107331435766,0.04973236381087541,349.31666412353513,355.72233154296873,-25.836669921875,29.686676025390625
2022-01-14,349.8699951171875,350.6666564941406,337.7933349609375,339.9599914550781,72924300,0.017497758575059086,0.04812865284041496,351.3614974975586,354.62733154296876,9.910003662109375,12.873321533203125
2022-01-18,343.5033264160156,356.92999267578125,338.6866760253906,342.2033386230469,66743400,-0.01819724123253097,0.04846609100089983,352.993830871582,353.297998046875,1.29998779296875,18.243316650390625
2022-01-19,331.8833312988281,351.5566711425781,331.6666564941406,347.2366638183594,75442500,-0.0338278969185718,0.048414952969384285,354.58899688720703,351.78839782714846,-15.35333251953125,19.8900146484375
2022-01-20,332.0899963378906,347.2200012207031,331.3333435058594,336.57666015625,70488600,0.0006227038828787723,0.04764340119196516,355.55133056640625,350.67726440429686,-4.486663818359375,15.88665771484375
2022-01-21,314.6333312988281,334.8500061035156,313.5,332.11334228515625,103416000,-0.05256606712507206,0.046163214197139764,354.46849670410154,350.14659790039065,-17.480010986328125,21.350006103515625
2022-01-24,310.0,311.1700134277344,283.8233337402344,301.586669921875,151565700,-0.014726129872195681,0.04400129680695481,352.1851638793945,349.22693115234375,8.413330078125,27.3466796875
2022-01-25,306.1333312988281,317.086669921875,301.07000732421875,304.73333740234375,86595900,-0.012473124842489969,0.04339750915696955,349.2594970703125,348.25953125,1.399993896484375,16.01666259765625
2022-01-26,312.4700012207031,329.2300109863281,302.0,317.4766540527344,104867400,0.02069905258271132,0.04386414401538895,346.74183044433596,347.61946472167966,-5.00665283203125,27.230010986328125
2022-01-27,276.3666687011719,311.7966613769531,276.3333435058594,311.1199951171875,147109500,-0.11554175561970448,0.050142259831501224,342.4569976806641,346.39086486816404,-34.753326416015625,35.46331787109375
2022-01-28,282.1166687011719,285.8333435058594,264.0033264160156,277.1866760253906,134789100,0.020805692766870276,0.050676476394650595,338.7238311767578,345.0016650390625,4.92999267578125,21.83001708984375
2022-01-31,312.239990234375,312.663330078125,287.3500061035156,290.9033203125,104436000,0.10677611383930952,0.05704142430727646,336.7228302001953,343.9863983154297,21.336669921875,25.313323974609375
2022-02-01,310.4166564941406,314.5666809082031,301.6666564941406,311.7366638183594,73138200,-0.0058395266373975074,0.04661163226930175,332.24732971191406,342.8855316162109,-1.32000732421875,12.9000244140625
2022-02-02,301.88665771484375,310.5,296.4700012207031,309.3933410644531,66792900,-0.02747919159891432,0.04622974219898391,328.18182983398435,341.3428649902344,-7.506683349609375,14.029998779296875
2022-02-03,297.0466613769531,312.3333435058594,293.50665283203125,294.0,78855600,-0.016032495024879134,0.045157827766237515,324.8988296508789,339.5713317871094,3.046661376953125,18.826690673828125
2022-02-04,307.7733459472656,312.1666564941406,293.72332763671875,299.0733337402344,73625400,0.03611110968421327,0.04614205901751716,322.542497253418,338.33326538085936,8.70001220703125,18.443328857421875
2022-02-07,302.4466552734375,315.92333984375,300.9033203125,307.92999267578125,60994500,-0.01730718642133755,0.04571064588754825,320.54882965087893,336.94219848632815,-5.48333740234375,15.02001953125
2022-02-08,307.3333435058594,308.7633361816406,298.26666259765625,301.84332275390625,50729100,0.0161571905234128,0.045238250034789436,318.28016357421876,335.8760650634766,5.490020751953125,10.496673583984375
2022-02-09,310.6666564941406,315.42333984375,306.6666564941406,311.6666564941406,52259400,0.010845920427172029,0.045319007038066975,316.07349700927733,334.5094647216797,-1.0,8.756683349609375
2022-02-10,301.51666259765625,314.60333251953125,298.8999938964844,302.7900085449219,66126900,-0.029452771017468238,0.044328542709893906,312.7123306274414,332.90806457519534,-1.273345947265625,15.703338623046875
2022-02-11,286.6666564941406,305.32000732421875,283.5666809082031,303.2099914550781,79645800,-0.04925102969626416,0.04323757330626769,309.8529968261719,331.3413977050781,-16.5433349609375,21.753326416015625
2022-02-14,291.9200134277344,299.6266784667969,284.3833312988281,287.19000244140625,67756500,0.01832566437213501,0.043263817984037715,306.9554977416992,329.9491314697266,4.730010986328125,15.24334716796875
2022-02-15,307.4766540527344,307.6666564941406,297.7933349609375,300.0,57286200,0.053290764282768466,0.04529276397207269,305.15416412353517,329.3321978759766,7.476654052734375,9.873321533203125
2022-02-16,307.7966613769531,308.80999755859375,300.4033203125,304.6833190917969,51294300,0.0010407532409399955,0.04477431547593264,303.94983062744143,328.76139770507814,3.11334228515625,8.40667724609375
2022-02-17,292.1166687011719,306.1666564941406,291.3666687011719,304.4200134277344,55178400,-0.05094269900666093,0.0460338156922321,301.95116424560547,327.59206420898437,-12.3033447265625,14.79998779296875
2022-02-18,285.6600036621094,295.6233215332031,279.2033386230469,295.3333435058594,68501700,-0.022103035296720752,0.04487980673570344,300.5024978637695,326.1788641357422,-9.67333984375,16.41998291015625
2022-02-22,273.84332275390625,285.57666015625,267.0333251953125,278.0433349609375,83288100,-0.04136624223452856,0.04560885179879278,298.69466400146484,324.96373046875,-4.20001220703125,18.5433349609375
2022-02-23,254.67999267578125,278.4333190917969,253.52000427246094,276.80999755859375,95256900,-0.06997917599526948,0.04784997908567994,296.1219970703125,323.2771301269531,-22.1300048828125,24.913314819335938
2022-02-24,266.92333984375,267.49334716796875,233.3333282470703,233.4633331298828,135322200,0.04807345500262783,0.049091386602100134,293.8446640014648,322.17286376953126,33.46000671386719,34.16001892089844
2022-02-25,269.9566650390625,273.1666564941406,260.79998779296875,269.74334716796875,76067700,0.011364031324829549,0.04196626373057117,293.5241638183594,321.1819305419922,0.21331787109375,12.366668701171875
2022-02-28,290.1433410644531,292.28668212890625,271.57000732421875,271.6700134277344,99006900,0.07477746853358713,0.045022159781910556,293.9254974365234,320.47819763183594,18.47332763671875,20.7166748046875
2022-03-01,288.1233215332031,296.6266784667969,284.59332275390625,289.8933410644531,74766900,-0.006962143345558558,0.03773040758344011,292.7196640014648,320.06119750976563,-1.77001953125,12.033355712890625
2022-03-02,293.2966613769531,295.49334716796875,281.42333984375,290.7099914550781,74643300,0.01795529711451649,0.03802136049434288,291.8636642456055,319.7099975585937,2.586669921875,14.07000732421875
2022-03-03,279.7633361816406,295.4800109863281,277.5333251953125,292.92333984375,61623600,-0.04614210448825773,0.038894795961229876,290.7574981689453,319.3056640625,-13.160003662109375,17.946685791015625
2022-03-04,279.42999267578125,285.2166748046875,275.0533447265625,283.0333251953125,66999600,-0.0011915196265851469,0.0387760644387294,289.87666473388674,318.6373974609375,-3.60333251953125,10.163330078125
2022-03-07,268.1933288574219,288.71331787109375,268.19000244140625,285.4333190917969,72494100,-0.04021280504200253,0.038547993816819934,287.89766387939454,317.2754638671875,-17.239990234375,20.5233154296875
2022-03-08,274.79998779296875,283.3299865722656,260.72332763671875,265.1766662597656,80399100,0.02463394210323222,0.03904690857708436,286.5153305053711,315.65813049316404,9.623321533203125,22.606658935546875
2022-03-09,286.3233337402344,286.85333251953125,277.336669921875,279.82666015625,59184000,0.04193357517885765,0.040158800731741405,285.46483001708987,314.0916638183594,6.496673583984375,9.51666259765625
2022-03-10,279.4333190917969,284.8166809082031,270.1199951171875,283.8166809082031,58648500,-0.024063755330148706,0.040294366247859405,283.90316314697264,312.42386352539063,-4.38336181640625,14.696685791015625
2022-03-11,265.1166687011719,281.26666259765625,264.5899963378906,280.0666809082031,67037100,-0.0512345859010529,0.04128606764867224,282.0831634521484,310.48493041992185,-14.95001220703125,16.676666259765625
2022-03-14,255.4566650390625,266.8999938964844,252.01333618164062,260.2033386230469,71152200,-0.036436802368687404,0.04066784802971708,280.52266387939454,308.4584637451172,-4.746673583984375,14.88665771484375
2022-03-15,267.2966613769531,268.5233459472656,252.19000244140625,258.42333984375,66841200,0.046348355546253384,0.04197416303425561,279.29149627685547,306.75919677734373,8.873321533203125,16.333343505859375
2022-03-16,280.07666015625,280.6666564941406,267.4200134277344,269.6666564941406,84028800,0.047812040425278646,0.0415998126042382,277.92149658203124,304.36219665527346,10.410003662109375,13.24664306640625
2022-03-17,290.5333251953125,291.6666564941406,275.239990234375,276.9966735839844,66582900,0.037335010469022656,0.042603225850088244,277.0583297729492,302.5089300537109,13.536651611328125,16.426666259765625
2022-03-18,301.7966613769531,302.6166687011719,289.1300048828125,291.4966735839844,100414200,0.03876779427650434,0.04189805449876823,277.5423294067383,301.29072998046877,10.29998779296875,13.486663818359375
2022-03-21,307.0533447265625,314.2833251953125,302.36334228515625,304.99334716796875,81981600,0.017417963888751054,0.04160931384026358,278.61199645996095,300.3337969970703,2.05999755859375,11.91998291015625
2022-03-22,331.32666015625,332.6199951171875,307.25,310.0,105868500,0.07905243778179138,0.04330964232260036,281.4861633300781,300.11393005371093,21.32666015625,25.3699951171875
2022-03-23,333.03668212890625,346.8999938964844,325.4666748046875,326.64666748046875,120676200,0.005161136057840299,0.03900993568903712,285.40399780273435,299.7205303955078,6.3900146484375,21.433319091796875
2022-03-24,337.97332763671875,341.4966735839844,329.6000061035156,336.57666015625,68920800,0.014823128420135223,0.0381911517968868,288.9564971923828,299.3839971923828,1.39666748046875,11.89666748046875
2022-03-25,336.8800048828125,340.6000061035156,332.44000244140625,336.0,62031600,-0.003234937980317265,0.038354318243565076,292.3026641845703,298.7467974853516,0.8800048828125,8.160003662109375
2022-03-28,363.9466552734375,365.9599914550781,351.20001220703125,355.0333251953125,102506100,0.0803450783611821,0.03885224153335928,295.99282989501955,299.1486639404297,8.913330078125,14.759979248046875
2022-03-29,366.5233459472656,371.5899963378906,357.7033386230469,369.3299865722656,73614900,0.007079858095940583,0.03861569356399138,299.91283111572267,299.48173095703123,-2.806640625,13.88665771484375
2022-03-30,364.663330078125,371.3166809082031,361.3333435058594,363.72332763671875,59865000,-0.00507475414515135,0.03879705494631315,303.4811645507813,299.9049310302734,0.94000244140625,9.98333740234375
2022-03-31,359.20001220703125,367.71331787109375,358.8800048828125,364.8566589355469,48992700,-0.014981813142339484,0.036934810950308844,307.45299835205077,300.4512646484375,-5.656646728515625,8.83331298828125
2022-04-01,361.5299987792969,364.9166564941406,355.5466613769531,360.3833312988281,54263100,0.006486599368272561,0.03681691308143831,311.55799865722656,301.0400646972656,1.14666748046875,9.3699951171875
2022-04-04,381.8166809082031,383.3033447265625,357.510009765625,363.1266784667969,82035900,0.05611341298759176,0.03569038030852337,317.2391662597656,302.3837316894531,18.69000244140625,25.7933349609375
2022-04-05,363.7533264160156,384.2900085449219,362.4333190917969,378.76666259765625,80075100,-0.047308971544201106,0.03854206202445375,321.686833190918,303.45879821777345,-15.013336181640625,21.856689453125
2022-04-06,348.586669921875,359.6666564941406,342.5666809082031,357.8233337402344,89348400,-0.041694894294368345,0.03995584819979981,324.8,304.30786499023435,-9.236663818359375,17.0999755859375
2022-04-07,352.4200134277344,358.86334228515625,340.5133361816406,350.7966613769531,79447200,0.010996816105212748,0.039113564937308165,328.4493347167969,305.106865234375,1.62335205078125,18.350006103515625
2022-04-08,341.8299865722656,349.4800109863281,340.8133239746094,347.7366638183594,55013700,-0.03004944796541842,0.03755570183021159,332.2850006103516,306.4161315917969,-5.90667724609375,8.66668701171875
2022-04-11,325.30999755859375,336.15667724609375,324.8800048828125,326.79998779296875,59357100,-0.048328086073804455,0.03847001762487487,335.7776672363281,307.2799981689453,-1.489990234375,11.27667236328125
2022-04-12,328.98333740234375,340.39666748046875,325.5333251953125,332.5466613769531,65976000,0.011291813566499442,0.03765352912061578,338.8620010375977,307.6148651123047,-3.563323974609375,14.86334228515625
2022-04-13,340.7900085449219,342.0799865722656,324.3666687011719,327.02667236328125,55121100,0.03588835603591267,0.037132457757880225,341.8976684570313,308.22233215332034,13.763336181640625,17.71331787109375
2022-04-14,328.3333435058594,337.57000732421875,327.39666748046875,333.0966796875,58422300,-0.03655231880843268,0.03798825589854313,343.7876693725586,308.75126586914064,-4.763336181640625,10.17333984375
2022-04-18,334.7633361816406,338.3066711425781,324.4700012207031,329.6766662597656,51715200,0.019583733431163042,0.03737611733158315,345.43600311279295,309.5055993652344,5.086669921875,13.836669921875
2022-04-19,342.7166748046875,344.9800109863281,331.77667236328125,335.0199890136719,49847700,0.023758093445249484,0.03750604959557249,347.2191696166992,310.2044659423828,7.696685791015625,13.203338623046875
2022-04-20,325.73333740234375,344.6666564941406,325.0833435058594,343.3333435058594,70711200,-0.04955503671370076,0.03531305973796745,346.9395034790039,310.6701995849609,-17.600006103515625,19.58331298828125
2022-04-21,336.260009765625,364.0733337402344,332.1400146484375,358.24334716796875,105416400,0.03231684066245499,0.03604701873730794,347.10066986083984,311.24873291015626,-21.98333740234375,31.933319091796875
2022-04-22,335.01666259765625,344.95001220703125,331.3333435058594,338.3033447265625,69696600,-0.003697576672395231,0.03591343870946381,346.95283660888674,311.73573303222656,-3.28668212890625,13.616668701171875
2022-04-25,332.67333984375,336.2066650390625,325.1000061035156,326.3233337402344,68341200,-0.006994645387893739,0.035942023351769374,346.7425033569336,312.35886657714843,6.350006103515625,11.106658935546875
2022-04-26,292.1400146484375,333.3333435058594,291.6666564941406,331.80999755859375,136133700,-0.12184121881948873,0.04031658702222873,343.1521713256836,312.46833374023436,-39.66998291015625,41.66668701171875
2022-04-27,293.836669921875,306.0,292.4533386230469,299.52667236328125,76956300,0.005807678470473254,0.040289002500449096,339.51783752441406,312.5066668701172,-5.69000244140625,13.546661376953125
2022-04-28,292.5033264160156,300.0,273.8999938964844,299.99334716796875,124948500,-0.004537702888526063,0.040292771279741256,335.9098373413086,312.2072003173828,-7.490020751953125,26.100006103515625
2022-04-29,290.2533264160156,311.4666748046875,290.0,300.75,88133100,-0.007692220213591394,0.040279873375585966,332.46250305175784,311.85633361816406,-10.496673583984375,21.4666748046875
2022-05-02,300.9800109863281,302.1199951171875,282.6766662597656,286.92333984375,75781500,0.03695628471433299,0.041486458968434684,329.43500366210935,312.0336004638672,14.056671142578125,19.443328857421875
2022-05-03,303.0833435058594,308.02667236328125,296.1966552734375,301.05999755859375,63709500,0.006988279761963367,0.03884357516026943,325.4983367919922,312.3820672607422,2.023345947265625,11.83001708984375
2022-05-04,317.5400085449219,318.5,295.09332275390625,301.3133239746094,81643800,0.04769864576468552,0.039929422328283865,323.1876708984375,313.2560009765625,16.2266845703125,23.40667724609375
2022-05-05,291.09332275390625,315.20001220703125,285.8999938964844,313.00665283203125,92519100,-0.08328615317548016,0.042862557058657165,320.31300354003906,313.984267578125,-21.913330078125,29.300018310546875
2022-05-06,288.54998779296875,296.0,281.03668212890625,295.6666564941406,72903000,-0.008737180698190294,0.04262721363312706,317.11950225830077,314.4168005371094,-7.116668701171875,14.96331787109375
2022-05-09,262.3699951171875,281.8766784667969,260.3833312988281,278.8166809082031,90810300,-0.09072948807249681,0.0462095206401321,313.14650268554686,314.2650671386719,-16.446685791015625,21.49334716796875
2022-05-10,266.67999267578125,275.1199951171875,258.0833435058594,273.10333251953125,84401700,0.016427173986372612,0.04580309690937911,310.2150024414062,313.7958001708984,-6.42333984375,17.036651611328125
2022-05-11,244.6666717529297,269.92333984375,242.39999389648438,265.0,97224600,-0.08254582843646041,0.04836621995325814,305.99916915893556,312.92666717529295,-20.333328247070312,27.523345947265625
2022-05-12,242.6666717529297,253.22000122070312,226.6666717529297,233.6666717529297,140313000,-0.008174386751047313,0.04698002379538238,301.09300231933594,311.9140673828125,9.0,26.553329467773438
2022-05-13,256.5299987792969,262.45001220703125,250.52333068847656,257.82666015625,92150700,0.05712909369145702,0.04940346128595705,297.5028350830078,311.44940063476565,-1.296661376953125,11.926681518554688
2022-05-16,241.4566650390625,256.586669921875,239.69667053222656,255.72000122070312,86098500,-0.05875856161837267,0.04994900511815646,292.8375015258789,310.68993408203124,-14.263336181640625,16.889999389648438
2022-05-17,253.8699951171875,254.82666015625,242.9499969482422,249.1199951171875,80236200,0.05141017778952928,0.051438045416443666,288.3951675415039,310.4034674072266,4.75,11.876663208007812
2022-05-18,236.60333251953125,253.5,233.60333251953125,248.17333984375,87811800,-0.06801379812405906,0.05227607797551744,283.9386672973633,309.6395343017578,-11.57000732421875,19.89666748046875
2022-05-19,236.47332763671875,244.6666717529297,231.3699951171875,235.6666717529297,90296700,-0.0005494634476534976,0.05123263093708927,278.94933319091797,308.6425341796875,0.8066558837890625,13.296676635742188
2022-05-20,221.3000030517578,240.52667236328125,211.0,237.99667358398438,144973200,-0.06416505716141863,0.05223307185487504,273.26350021362305,307.47986785888673,-16.696670532226562,29.52667236328125
2022-05-23,224.96665954589844,226.65333557128906,212.68666076660156,218.33999633789062,88903500,0.01656871415985961,0.052785229162950656,267.87816619873047,306.67686767578124,6.6266632080078125,13.9666748046875
2022-05-24,209.3866729736328,217.97332763671875,206.85667419433594,217.8433380126953,89092500,-0.06925464690507588,0.0484742673796367,263.74049911499026,305.75546783447265,-8.4566650390625,11.116653442382812
2022-05-25,219.60000610351562,223.10667419433594,207.6699981689453,207.9499969482422,92139300,0.04877737911795821,0.050377345000542154,260.02866592407224,304.8015347290039,11.650009155273438,15.436676025390625
2022-05-26,235.91000366210938,239.55667114257812,217.8866729736328,220.47332763671875,106003200,0.07427138936829314,0.05404149356901447,257.19899978637693,303.9182015991211,15.436676025390625,21.669998168945312
2022-05-27,253.2100067138672,253.26666259765625,240.17666625976562,241.0833282470703,89295000,0.07333306253742577,0.0571166696504126,255.34683380126953,303.1717352294922,12.126678466796875,13.089996337890625
2022-05-31,252.75332641601562,259.6000061035156,244.7433319091797,257.9466552734375,101914500,-0.001803563389055185,0.05626099702263556,252.9354995727539,302.19086853027346,-5.193328857421875,14.856674194335938
2022-06-01,246.7899932861328,257.32666015625,243.63999938964844,251.72000122070312,77247900,-0.02359349020027357,0.05627150554227192,250.12083206176757,300.9856015014648,-4.9300079345703125,13.686660766601562
2022-06-02,258.3333435058594,264.2099914550781,242.06666564941406,244.1566619873047,93473100,0.04677398003874078,0.056223088169208256,247.16049880981444,299.525735168457,14.176681518554688,22.143325805664062
2022-06-03,234.51666259765625,247.79666137695312,233.4166717529297,243.22666931152344,112393800,-0.09219359988526965,0.056876124399130645,244.33166580200196,297.55533477783206,-8.710006713867188,14.379989624023438
2022-06-06,238.27999877929688,244.86666870117188,234.35000610351562,244.35333251953125,84204600,0.0160472016783606,0.057155855554251275,241.81816635131835,295.5614682006836,-6.073333740234375,10.51666259765625
2022-06-07,238.8866729736328,239.99667358398438,230.0933380126953,234.0,72808500,0.0025460558898939833,0.053749986325480975,240.6440002441406,293.6016015625,4.8866729736328125,9.903335571289062
2022-06-08,241.86666870117188,249.9633331298828,239.17666625976562,240.086669921875,76210500,0.012474516432601446,0.05368090124218445,239.40333404541016,291.1600018310547,1.779998779296875,10.786666870117188
2022-06-09,239.7066650390625,255.54666137695312,239.32666015625,249.33999633789062,96491400,-0.008930555308462429,0.05039808703990161,239.15533370971679,288.6236682128906,-9.633331298828125,16.220001220703125
2022-06-10,232.22999572753906,239.5,227.913330078125,235.1566619873047,97536600,-0.031190911234383223,0.05085992340104038,238.63349990844728,285.9750015258789,-2.926666259765625,11.586669921875
2022-06-13,215.73666381835938,226.63333129882812,214.68333435058594,223.1666717529297,102767400,-0.07102153990705962,0.051228102010413175,236.59383316040038,283.1057345581055,-7.4300079345703125,11.949996948242188
2022-06-14,220.88999938964844,226.3300018310547,211.73666381835938,218.2866668701172,97988700,0.023887157055640484,0.05018686562368898,235.56549987792968,280.2929345703125,2.60333251953125,14.593338012695312
2022-06-15,233.0,235.663330078125,218.14999389648438,220.9166717529297,119131800,0.05482367080362738,0.05038787156866147,234.52200012207032,277.31660095214846,12.083328247070312,17.513336181640625
2022-06-16,213.10000610351562,225.1666717529297,208.69332885742188,222.73666381835938,107390700,-0.08540769912654234,0.051700967727452106,233.34683380126953,274.30353454589846,-9.63665771484375,16.473342895507812
2022-06-17,216.75999450683594,220.97000122070312,213.19667053222656,213.43333435058594,92641800,0.017174980283869212,0.05191344451176129,232.36116714477538,271.66700103759763,3.32666015625,7.7733306884765625
2022-06-21,237.0366668701172,243.57666015625,224.3333282470703,224.60333251953125,122793000,0.0935443480214786,0.054073569687508934,233.14800033569335,269.3593341064453,12.433334350585938,19.243331909179688
2022-06-22,236.086669921875,246.8333282470703,233.82666015625,234.50332641601562,101107500,-0.004007805884153504,0.05403443031712948,233.7040008544922,267.2444677734375,1.583343505859375,13.006668090820312
2022-06-23,235.07000732421875,239.31666564941406,228.6366729736328,237.9066619873047,104202600,-0.004306310889948484,0.051294232162011066,234.9881675720215,265.43966796875,-2.8366546630859375,10.67999267578125
2022-06-24,245.7066650390625,246.06666564941406,236.086669921875,237.47000122070312,95770800,0.04524889345059324,0.051149057484046426,236.29350051879882,263.77413452148437,8.236663818359375,9.979995727539062
2022-06-27,244.9199981689453,252.07000732421875,242.56666564941406,249.36666870117188,89178300,-0.0032016505127857586,0.048649537713005585,236.74400024414064,261.85673431396486,-4.4466705322265625,9.503341674804688
2022-06-28,232.663330078125,249.97000122070312,232.3433380126953,244.48333740234375,90391200,-0.0500435578248114,0.04705930748710138,235.7166664123535,259.94333404541015,-11.82000732421875,17.626663208007812
2022-06-29,228.49000549316406,231.17333984375,222.27333068847656,230.5,82897200,-0.01793718238090891,0.047172992372374475,234.50350036621094,257.81786743164065,-2.0099945068359375,8.900009155273438
2022-06-30,224.47332763671875,229.4566650390625,218.8633270263672,224.50999450683594,94600500,-0.017579227799377373,0.04706032081012795,233.38766708374024,255.45300048828125,-0.0366668701171875,10.593338012695312
2022-07-01,227.26333618164062,230.22999572753906,222.1199951171875,227.0,74460300,0.012429131666979787,0.04573076625133178,231.83416671752929,253.4836004638672,0.263336181640625,8.110000610351562
2022-07-05,233.06666564941406,233.14666748046875,216.1666717529297,223.0,84581100,0.025535704813974602,0.04133397092222182,231.76166687011718,251.41973358154297,10.066665649414062,16.979995727539062
2022-07-06,231.73333740234375,234.56333923339844,227.18666076660156,230.77999877929688,71853600,-0.005720802000385383,0.041189499169801906,231.43433380126953,249.35406707763673,0.953338623046875,7.376678466796875
2022-07-07,244.5433349609375,245.3633270263672,232.2100067138672,233.9199981689453,81930600,0.055279044880592876,0.04304635249883408,231.71716690063477,247.59146697998048,10.623336791992188,13.1533203125
2022-07-08,250.76333618164062,254.97999572753906,241.16000366210938,242.3333282470703,101854200,0.02543516968760029,0.0433082661546293,232.1620002746582,246.76393341064454,8.430007934570312,13.819992065429688
2022-07-11,234.3433380126953,253.06333923339844,233.6266632080078,252.10333251953125,99241200,-0.06548005948146851,0.04587737213278008,231.89383392333986,245.57406677246092,-17.759994506835938,19.436676025390625
2022-07-12,233.07000732421875,239.77333068847656,228.3699951171875,236.84666442871094,87930900,-0.005433611636988744,0.04531756388768668,231.93583450317382,244.385400390625,-3.7766571044921875,11.403335571289062
2022-07-13,237.0399932861328,242.05999755859375,225.03334045410156,225.5,97954500,0.017033448479672808,0.04209881464824804,233.0010009765625,243.32113372802735,11.539993286132812,17.026657104492188
2022-07-14,238.31333923339844,238.65333557128906,229.3333282470703,234.89666748046875,78557400,0.005371861218914864,0.04187766642070901,233.87216796875,242.06780029296874,3.4166717529296875,9.32000732421875
2022-07-15,240.06666564941406,243.6233367919922,236.88999938964844,240.0,69683100,0.0073572315408600986,0.040195032177560104,234.2255012512207,240.80746673583985,0.0666656494140625,6.73333740234375
2022-07-18,240.54666137695312,250.51666259765625,239.60333251953125,244.93666076660156,82537500,0.001999426810217919,0.03451072330679201,235.59783401489258,239.26759979248047,-4.3899993896484375,10.913330078125
2022-07-19,245.52999877929688,247.13999938964844,236.97666931152344,245.0,80890200,0.020716718219316865,0.03457667847349371,237.0363342285156,238.35633331298828,0.529998779296875,10.163330078125
2022-07-20,247.5,250.663330078125,243.48333740234375,246.78334045410156,88864200,0.008023464466653252,0.02793664840304856,237.55950088500975,237.5353335571289,0.7166595458984375,7.17999267578125
2022-07-21,271.7066650390625,273.26666259765625,254.86666870117188,255.10667419433594,142032300,0.09780470722853529,0.035051606388906725,239.34050064086915,237.72206695556642,16.599990844726562,18.399993896484375
2022-07-22,272.24334716796875,280.78668212890625,270.71331787109375,276.2200012207031,103472700,0.0019752262198982073,0.03496709552908569,241.19916763305665,237.83333404541017,-3.976654052734375,10.0733642578125
2022-07-25,268.4333190917969,274.14666748046875,267.3999938964844,272.2166748046875,64073400,-0.013994935471540293,0.0341398335748359,242.33550033569335,238.3086669921875,-3.783355712890625,6.746673583984375
2022-07-26,258.8599853515625,267.30999755859375,256.2633361816406,266.5133361816406,66820800,-0.0356637312112531,0.03530112835984133,243.03249969482422,238.63253326416014,-7.653350830078125,11.046661376953125
2022-07-27,274.82000732421875,275.9266662597656,261.7900085449219,263.80999755859375,88110000,0.061655036992220635,0.035244106242765624,245.1403335571289,238.99833343505858,11.010009765625,14.13665771484375
2022-07-28,280.8999938964844,283.29998779296875,272.79998779296875,280.0666809082031,84723000,0.02212352234272652,0.03477139346652819,247.7608329772949,239.78720001220702,0.83331298828125,10.5
2022-07-29,297.1499938964844,298.32000732421875,279.1000061035156,280.70001220703125,95313000,0.05784976985791013,0.03559578767020473,251.3946662902832,240.65279998779297,16.449981689453125,19.220001220703125
2022-08-01,297.27667236328125,311.8766784667969,295.0,301.27667236328125,117042900,0.00042631152414229767,0.035737254279747756,254.89533309936525,241.86626678466797,-4.0,16.876678466796875
2022-08-02,300.586669921875,307.8333435058594,292.6666564941406,294.0033264160156,95577600,0.011134400598203698,0.035639974428078924,258.2713333129883,243.1485336303711,6.583343505859375,15.16668701171875
2022-08-03,307.39666748046875,309.54998779296875,301.1499938964844,305.0,80091000,0.02265568716125621,0.03540298462297625,262.0544998168945,244.8704669189453,2.39666748046875,8.399993896484375
2022-08-04,308.6333312988281,313.6066589355469,305.0,311.0,72256200,0.004023022853486102,0.03415264762139296,265.2589996337891,246.5438003540039,-2.366668701171875,8.606658935546875
2022-08-05,288.1700134277344,304.6066589355469,285.5433349609375,302.6700134277344,113172900,-0.0663030068235908,0.03820836997704144,267.12933349609375,248.11946716308594,-14.5,19.063323974609375
2022-08-08,290.42333984375,305.20001220703125,289.086669921875,295.0,98994000,0.007819434052879659,0.034119820991962,269.9333335876465,249.53593383789064,-4.57666015625,16.11334228515625
2022-08-09,283.3333435058594,292.39666748046875,279.35333251953125,290.2933349609375,86244600,-0.024412625864385085,0.0348663150743861,272.44650039672854,250.48440063476562,-6.959991455078125,13.0433349609375
2022-08-10,294.3566589355469,297.510009765625,283.3699951171875,297.0666809082031,94918800,0.03890581776676605,0.03542455547952224,275.31233367919924,251.30733367919922,-2.71002197265625,14.1400146484375
2022-08-11,286.6300048828125,298.2366638183594,285.8333435058594,296.5133361816406,70155000,-0.026249292544206493,0.036403339412972205,277.7281669616699,251.98486724853515,-9.883331298828125,12.4033203125
2022-08-12,300.0299987792969,300.1600036621094,285.0333251953125,289.4166564941406,79657200,0.046750143628413676,0.03731328431777749,280.72633361816406,253.04966735839844,10.61334228515625,15.126678466796875
2022-08-15,309.32000732421875,313.1333312988281,301.2300109863281,301.78668212890625,89359200,0.03096359891583922,0.037472094688168124,284.16500091552734,254.06940063476563,7.5333251953125,11.9033203125
2022-08-16,306.5633239746094,314.6666564941406,302.8833312988281,311.6666564941406,88136400,-0.008912075793144236,0.03774852895040006,287.21666717529297,255.5103338623047,-5.10333251953125,11.7833251953125
2022-08-17,303.9966735839844,309.65667724609375,300.0333251953125,303.39666748046875,68766000,-0.008372333511224461,0.038012628738516,290.0415008544922,256.8246673583984,0.600006103515625,9.62335205078125
2022-08-18,302.8699951171875,306.5,301.85333251953125,306.0,47500500,-0.0037062197211366055,0.032136260051402965,291.59966735839845,258.10433380126955,-3.1300048828125,4.64666748046875
2022-08-19,296.6666564941406,300.3599853515625,292.5,299.0,61395300,-0.020481852686155544,0.032669740423666785,292.82083282470705,259.2003335571289,-2.333343505859375,7.8599853515625
2022-08-22,289.913330078125,292.3999938964844,286.2966613769531,291.913330078125,55843200,-0.022764022407583906,0.03299265665938299,293.89483337402345,260.2044668579102,-2.0,6.10333251953125
2022-08-23,296.4533386230469,298.82666015625,287.92333984375,291.4533386230469,63984900,0.0225584954757323,0.03182202208873071,295.77450103759764,261.48893371582034,5.0,10.9033203125
2022-08-24,297.0966796875,303.64666748046875,296.5,297.5633239746094,57259800,0.002170125887066332,0.02913950449639757,296.8883346557617,263.11613403320314,-0.466644287109375,7.14666748046875
2022-08-25,296.07000732421875,302.9599914550781,291.6000061035156,302.3599853515625,53230000,-0.003455684406709514,0.028876615232532404,297.64683532714844,264.6197341918945,-6.28997802734375,11.3599853515625
2022-08-26,288.0899963378906,302.0,287.4700012207031,297.42999267578125,57163900,-0.026953121859416895,0.026534506382375884,297.19383544921874,265.72153411865236,-9.339996337890625,14.529998779296875
2022-08-29,284.82000732421875,287.739990234375,280.70001220703125,282.8299865722656,41864700,-0.01135058160727187,0.0266267929008876,296.5710021972656,267.1559341430664,1.990020751953125,7.03997802734375
2022-08-30,277.70001220703125,288.4800109863281,272.6499938964844,287.8699951171875,50541800,-0.0249982267189629,0.026927181049949598,295.4266693115234,268.37473449707034,-10.16998291015625,15.83001708984375
2022-08-31,275.6099853515625,281.25,271.80999755859375,280.6199951171875,52107300,-0.007526203685978228,0.0262142537985779,293.83733520507815,269.14620086669925,-5.010009765625,9.44000244140625
2022-09-01,277.1600036621094,277.5799865722656,266.1499938964844,272.5799865722656,54287000,0.005623955563764049,0.026246049963161378,292.2636688232422,269.9676675415039,4.58001708984375,11.42999267578125
2022-09-02,270.2099914550781,282.3500061035156,269.0799865722656,281.07000732421875,50890100,-0.02507581222110289,0.02253780797685929,291.36566772460935,270.67046722412107,-10.860015869140625,13.27001953125
2022-09-06,274.4200134277344,275.989990234375,265.739990234375,272.67999267578125,55860000,0.015580556255471167,0.022798723505628688,290.5655014038086,271.2447341918945,1.740020751953125,10.25
2022-09-07,283.70001220703125,283.8399963378906,272.2699890136719,273.1000061035156,50028900,0.03381677109982606,0.02356960111676902,290.5838348388672,272.02033447265626,10.600006103515625,11.57000732421875
2022-09-08,289.260009765625,289.5,279.760009765625,281.29998779296875,53713100,0.01959815762903916,0.022265595443197898,290.3290023803711,273.15226806640624,7.96002197265625,9.739990234375
2022-09-09,299.67999267578125,299.8500061035156,291.25,291.6700134277344,54338100,0.03602289482946186,0.02284238536030874,290.9815017700195,274.5760678100586,8.009979248046875,8.600006103515625
2022-09-12,304.4200134277344,305.489990234375,300.3999938964844,300.7200012207031,48674600,0.01581694096302666,0.020626448696636768,291.2010025024414,276.1750015258789,3.70001220703125,5.089996337890625
2022-09-13,292.1300048828125,297.3999938964844,290.3999938964844,292.8999938964844,68229600,-0.04037188096320543,0.021315462235979826,290.3415023803711,277.47233489990236,-0.769989013671875,7.0
2022-09-14,302.6099853515625,306.0,291.6400146484375,292.239990234375,72628700,0.03587437200418364,0.02291433388696516,290.1438354492187,278.86320129394534,10.3699951171875,14.3599853515625
2022-09-15,303.75,309.1199951171875,300.7200012207031,301.8299865722656,64795500,0.003767273730617582,0.022852731189351747,290.13150177001955,280.30353454589846,1.920013427734375,8.399993896484375
2022-09-16,303.3500061035156,303.7099914550781,295.6000061035156,299.6099853515625,87087800,-0.0013168523341049454,0.02283743590819985,290.15550231933594,281.47966796875,3.740020751953125,8.1099853515625
2022-09-19,309.07000732421875,309.8399963378906,297.79998779296875,300.0899963378906,60231200,0.018856110452001085,0.022644141087416813,290.77566986083986,282.64580139160154,8.980010986328125,12.040008544921875
2022-09-20,308.7300109863281,313.3299865722656,305.5799865722656,306.9100036621094,61642800,-0.0011000625419275156,0.021887930808787096,291.71650390625,284.1335348510742,1.82000732421875,7.75
2022-09-21,300.79998779296875,313.79998779296875,300.6300048828125,308.2900085449219,62555700,-0.025685948599634356,0.02231695638628967,291.93383636474607,285.4881344604492,-7.490020751953125,13.16998291015625
2022-09-22,288.5899963378906,301.2900085449219,285.82000732421875,299.8599853515625,70545400,-0.040591728559117746,0.024167109005246597,291.5085021972656,286.5191345214844,-11.269989013671875,15.470001220703125
2022-09-23,275.3299865722656,284.5,272.82000732421875,283.0899963378906,63748400,-0.04594757245188685,0.0261636239182331,290.471501159668,287.25946746826173,-7.760009765625,11.67999267578125
2022-09-26,276.010009765625,284.0899963378906,270.30999755859375,271.8299865722656,58076900,0.0024698479153155706,0.025584318447192493,289.8675018310547,287.97833435058595,4.180023193359375,13.779998779296875
2022-09-27,282.94000244140625,288.6700134277344,277.510009765625,283.8399963378906,61925200,0.02510775852537339,0.026162351826494908,289.77350158691405,288.826201171875,-0.899993896484375,11.160003662109375
2022-09-28,287.80999755859375,289.0,277.57000732421875,283.0799865722656,54664800,0.017212112374233923,0.025739075809820676,290.2790008544922,289.67180114746094,4.730010986328125,11.42999267578125
2022-09-29,268.2099914550781,283.6499938964844,265.7799987792969,282.760009765625,77620600,-0.06810050474193607,0.03012279855592838,289.909001159668,290.0860009765625,-14.550018310546875,17.8699951171875
2022-09-30,265.25,275.57000732421875,262.4700012207031,266.1499938964844,67726600,-0.011036096899372572,0.03016257562850519,289.3135009765625,289.95686767578127,-0.899993896484375,13.100006103515625
2022-10-03,242.39999389648438,255.16000366210938,241.00999450683594,254.5,98363500,-0.08614516909902215,0.03530109814143341,287.9230010986328,289.36000061035156,-12.100006103515625,14.150009155273438
2022-10-04,249.44000244140625,257.5,242.00999450683594,250.52000427246094,109578500,0.029042940273044104,0.035834658128412786,286.6740005493164,288.9801342773437,-1.0800018310546875,15.490005493164062
2022-10-05,240.80999755859375,246.6699981689453,233.27000427246094,245.00999450683594,86982700,-0.034597517632881325,0.035282216541892224,284.52949981689454,288.6191345214844,-4.1999969482421875,13.399993896484375
2022-10-06,238.1300048828125,244.5800018310547,235.35000610351562,239.44000244140625,69298400,-0.011129075632041241,0.03470177956475344,281.9729995727539,287.88533447265627,-1.30999755859375,9.229995727539062
2022-10-07,223.07000732421875,234.57000732421875,222.02000427246094,233.94000244140625,83916800,-0.06324275500689214,0.03500691884523319,278.14250030517576,286.7287347412109,-10.8699951171875,12.550003051757812
2022-10-10,222.9600067138672,226.99000549316406,218.36000061035156,223.92999267578125,67925000,-0.0004931214719139376,0.03446009493362434,274.0694999694824,285.2449349975586,-0.9699859619140625,8.6300048828125
2022-10-11,216.5,225.75,215.0,220.9499969482422,77013200,-0.02897383620084637,0.0341086290769377,270.2879997253418,283.629401550293,-4.4499969482421875,10.75
2022-10-12,217.24000549316406,219.3000030517578,211.50999450683594,215.3300018310547,66860700,0.003418039229395209,0.032320978033658,266.0195007324219,281.96246826171875,1.910003662109375,7.790008544921875
2022-10-13,221.72000122070312,222.99000549316406,206.22000122070312,208.3000030517578,91483000,0.020622332969329804,0.0330724569151967,261.91800079345705,280.2489349365234,13.419998168945312,16.770004272460938
2022-10-14,204.99000549316406,226.25999450683594,204.16000366210938,224.00999450683594,94124500,-0.07545550981161053,0.03551328963955337,257.00000076293946,278.17606842041016,-19.019989013671875,22.099990844726562
2022-10-17,219.35000610351562,221.86000061035156,209.4499969482422,210.0399932861328,79428800,0.07005219876844393,0.03993888813487221,252.5140007019043,276.79966827392576,9.310012817382812,12.410003662109375
2022-10-18,220.19000244140625,229.82000732421875,217.25,229.5,75891900,0.003829479437051919,0.040052216333946615,248.0870002746582,275.3950015258789,-9.30999755859375,12.57000732421875
2022-10-19,222.0399932861328,222.92999267578125,217.77999877929688,219.8000030517578,66571500,0.008401793106927569,0.040341788925046376,244.1490005493164,274.16913452148435,2.239990234375,5.149993896484375
2022-10-20,207.27999877929688,215.5500030517578,202.0,208.27999877929688,117798100,-0.0664744863679374,0.0416250892950057,240.08350067138673,272.4276013183594,-1.0,13.550003051757812
2022-10-21,214.44000244140625,214.66000366210938,203.8000030517578,206.4199981689453,75713800,0.03454266549727758,0.0424172113733303,237.03900146484375,270.9838012695312,8.020004272460938,10.860000610351562
2022-10-24,211.25,213.5,198.58999633789062,205.82000732421875,100446800,-0.014875967194030837,0.04229266906678999,233.8010009765625,269.2082012939453,5.42999267578125,14.910003662109375
2022-10-25,222.4199981689453,224.35000610351562,210.0,210.10000610351562,96507900,0.05287573097725584,0.04401021516990411,230.77500076293944,267.47020111083987,12.319992065429688,14.350006103515625
2022-10-26,224.63999938964844,230.60000610351562,218.1999969482422,219.39999389648438,85012500,0.009981122376490958,0.04379519963296318,227.6165008544922,265.8317346191406,5.2400054931640625,12.400009155273438
2022-10-27,225.08999633789062,233.80999755859375,222.85000610351562,229.77000427246094,61638800,0.00200319154854367,0.04177612277664558,225.46050109863282,264.25360107421875,-4.6800079345703125,10.959991455078125
2022-10-28,228.52000427246094,228.86000061035156,216.35000610351562,225.39999389648438,69152400,0.015238384603380561,0.04208373081140676,223.62400131225587,262.7666012573242,3.1200103759765625,12.509994506835938
2022-10-31,227.5399932861328,229.85000610351562,221.94000244140625,226.19000244140625,61554300,-0.004288512900427199,0.03768817509731046,222.8810012817383,261.3840679931641,1.3499908447265625,7.910003662109375
2022-11-01,227.82000732421875,237.39999389648438,227.27999877929688,234.0500030517578,62688800,0.0012306146011606955,0.036970246464256055,221.8000015258789,260.14220153808594,-6.2299957275390625,10.1199951171875
2022-11-02,214.97999572753906,227.8699951171875,214.82000732421875,226.0399932861328,63070300,-0.05636033352596026,0.03822144484493006,220.50850143432618,258.51273468017575,-11.05999755859375,13.04998779296875
2022-11-03,215.30999755859375,221.1999969482422,210.13999938964844,211.36000061035156,56538800,0.0015350350619269815,0.0382186768609412,219.36750106811525,256.87700103759767,3.9499969482421875,11.05999755859375
2022-11-04,207.47000122070312,223.8000030517578,203.0800018310547,222.60000610351562,98622200,-0.03641259777431871,0.03647264289323577,218.58750076293944,255.10500091552734,-15.1300048828125,20.720001220703125
2022-11-07,197.0800018310547,208.89999389648438,196.66000366210938,208.64999389648438,93916500,-0.05007952633400592,0.03795013447193283,217.29350051879882,253.28480102539064,-11.569992065429688,12.239990234375
2022-11-08,191.3000030517578,195.1999969482422,186.75,194.02000427246094,128803400,-0.02932818513088775,0.03796177111712032,216.03350067138672,251.4144009399414,-2.720001220703125,8.449996948242188
2022-11-09,177.58999633789062,195.88999938964844,177.1199951171875,190.77999877929688,127062700,-0.07166757185130745,0.0406531987929689,214.05100021362304,249.4122006225586,-13.19000244140625,18.770004272460938
2022-11-10,190.72000122070312,191.0,180.02999877929688,189.89999389648438,132703000,0.07393437216942544,0.0442981358174922,212.50100021362306,247.7144009399414,0.82000732421875,10.970001220703125
2022-11-11,195.97000122070312,196.52000427246094,182.58999633789062,186.0,114403600,0.027527264924482875,0.041782939051106624,212.05,246.09060089111327,9.970001220703125,13.930007934570312
2022-11-14,190.9499969482422,195.72999572753906,186.33999633789062,192.77000427246094,92226600,-0.02561618738169713,0.03851906083686743,210.62999954223633,244.50540100097658,-1.82000732421875,9.389999389648438
2022-11-15,194.4199981689453,200.82000732421875,192.05999755859375,195.8800048828125,91293800,0.018172303095892017,0.03884773318955847,209.34149932861328,242.90540069580078,-1.4600067138671875,8.760009765625
2022-11-16,186.9199981689453,192.57000732421875,185.66000366210938,191.50999450683594,66567600,-0.03857627852399581,0.0393806040724598,207.58549957275392,240.96980041503906,-4.589996337890625,6.910003662109375
2022-11-17,183.1699981689453,186.16000366210938,180.89999389648438,183.9600067138672,64336000,-0.020062058831236462,0.03704103713466551,206.37999954223633,238.84800018310546,-0.790008544921875,5.260009765625
2022-11-18,180.19000244140625,185.19000244140625,176.5500030517578,185.0500030517578,76048900,-0.016269016527425406,0.03587334771781944,204.66749954223633,236.45820037841796,-4.8600006103515625,8.639999389648438
2022-11-21,167.8699951171875,176.77000427246094,167.5399932861328,175.85000610351562,92882700,-0.06837231343190053,0.03831993759255873,202.4984992980957,233.72720001220702,-7.980010986328125,9.230010986328125
2022-11-22,169.91000366210938,170.9199981689453,166.19000244140625,168.6300048828125,78452300,0.012152311933396831,0.035758835897850595,199.8729995727539,231.28279998779297,1.279998779296875,4.7299957275390625
2022-11-23,183.1999969482422,183.6199951171875,172.5,173.57000732421875,109536700,0.07821783885404354,0.040925210504479524,197.8009994506836,228.89460021972656,9.629989624023438,11.1199951171875
2022-11-25,182.86000061035156,185.1999969482422,180.6300048828125,185.05999755859375,50672700,-0.0018558752377418886,0.040877930194799184,195.68949966430665,226.4768002319336,-2.1999969482421875,4.5699920654296875
2022-11-28,182.9199981689453,188.5,179.0,179.9600067138672,92905200,0.0003281065208000644,0.040536711073699744,193.40949935913085,224.0682000732422,2.959991455078125,9.5
2022-11-29,180.8300018310547,186.3800048828125,178.75,184.99000549316406,83357100,-0.011425739989130657,0.04051250989887329,191.07399978637696,221.5033999633789,-4.160003662109375,7.6300048828125
2022-11-30,194.6999969482422,194.75999450683594,180.6300048828125,182.42999267578125,109186400,0.07670184691003823,0.04494901316029609,189.41799926757812,219.2227996826172,12.270004272460938,14.129989624023438
2022-12-01,194.6999969482422,198.9199981689453,191.8000030517578,197.0800018310547,80046200,0.0,0.04342401733784785,188.40399932861328,217.10079986572265,-2.3800048828125,7.1199951171875
2022-12-02,194.86000061035156,196.25,191.11000061035156,191.77999877929688,73645900,0.0008217959148295595,0.04341947769948285,187.38149948120116,215.22619995117188,3.0800018310546875,5.1399993896484375
2022-12-05,182.4499969482422,191.27000427246094,180.5500030517578,189.44000244140625,93122700,-0.06368676805520912,0.04489143295840618,186.13049926757813,213.3686001586914,-6.9900054931640625,10.720001220703125
2022-12-06,179.82000732421875,183.64999389648438,175.3300018310547,181.22000122070312,92150800,-0.01441485156488942,0.043718506405995096,185.26749954223632,211.44480010986328,-1.399993896484375,8.319992065429688
2022-12-07,174.0399932861328,179.3800048828125,172.22000122070312,175.02999877929688,84213300,-0.032143331123685615,0.04380989720145934,184.40449905395508,209.2667999267578,-0.9900054931640625,7.160003662109375
2022-12-08,173.44000244140625,175.1999969482422,169.05999755859375,172.1999969482422,97624500,-0.003447430865732959,0.040801089876452895,184.19699935913087,206.97940002441408,1.2400054931640625,6.1399993896484375
2022-12-09,179.0500030517578,182.5,173.36000061035156,173.83999633789062,104872300,0.0323454827685834,0.03775961185809188,183.6134994506836,205.19620025634765,5.2100067138671875,9.139999389648438
2022-12-12,167.82000732421875,177.3699951171875,167.52000427246094,176.10000610351562,109794500,-0.0627198857086465,0.039344050416730295,182.20599975585938,203.24760040283203,-8.279998779296875,9.849990844726562
2022-12-13,160.9499969482422,175.0500030517578,156.91000366210938,174.8699951171875,175862700,-0.04093677795344208,0.0398713509675,180.70599975585938,201.61860046386718,-13.919998168945312,18.139999389648438
2022-12-14,156.8000030517578,161.6199951171875,155.30999755859375,159.25,140682300,-0.025784367661833008,0.039577160492843454,178.825,199.76580047607422,-2.4499969482421875,6.30999755859375
2022-12-15,157.6699981689453,160.92999267578125,153.27999877929688,153.44000244140625,122334500,0.005548438139381551,0.03912505659358079,177.3625,198.10300048828125,4.2299957275390625,7.649993896484375
2022-12-16,150.22999572753906,160.99000549316406,150.0399932861328,159.63999938964844,139032200,-0.047187179094365206,0.04003389331746111,175.7154998779297,196.34500030517577,-9.410003662109375,10.95001220703125
2022-12-19,149.8699951171875,155.25,145.82000732421875,154.0,139390600,-0.00239632976495896,0.040023439625929885,174.19949951171876,194.88100006103517,-4.1300048828125,9.42999267578125
2022-12-20,137.8000030517578,148.47000122070312,137.66000366210938,146.0500030517578,159563300,-0.08053641461716088,0.041061516185459175,172.69599990844728,193.17779998779298,-8.25,10.80999755859375
2022-12-21,137.57000732421875,141.25999450683594,135.88999938964844,139.33999633789062,145417400,-0.0016690545895901021,0.0408018999645475,171.07900009155273,191.59920013427734,-1.769989013671875,5.3699951171875
2022-12-22,125.3499984741211,136.6300048828125,122.26000213623047,136.0,210090300,-0.08882756559936855,0.03890846564035161,168.18650016784667,189.76139999389648,-10.650001525878906,14.370002746582031
2022-12-23,123.1500015258789,128.6199951171875,121.0199966430664,126.37000274658203,166989700,-0.017550833466474902,0.038722181494822386,165.20100021362305,187.79,-3.220001220703125,7.599998474121094
2022-12-27,109.0999984741211,119.66999816894531,108.76000213623047,117.5,208643400,-0.1140885333144338,0.0438520110173024,161.51000022888184,185.87219985961914,-8.400001525878906,10.909996032714844
2022-12-28,112.70999908447266,116.2699966430664,108.23999786376953,110.3499984741211,221070500,0.03308891531476843,0.04564719892362561,158.10400009155273,183.7393997192383,2.3600006103515625,8.029998779296875
2022-12-29,121.81999969482422,123.56999969482422,117.5,120.38999938964844,221923300,0.0808269069678893,0.046125101764895926,154.46000022888182,181.77199966430663,1.4300003051757812,6.069999694824219
2022-12-30,123.18000030517578,124.4800033569336,119.75,119.94999694824219,157777300,0.011164017515666869,0.0464733507859682,150.8840003967285,179.7947998046875,3.2300033569335938,4.730003356933594
2023-01-03,108.0999984741211,118.80000305175781,104.63999938964844,118.47000122070312,231402800,-0.12242248574195735,0.0512700076353893,146.546000289917,177.81119979858397,-10.370002746582031,14.160003662109375
2023-01-04,113.63999938964844,114.58999633789062,107.5199966430664,109.11000061035156,180389000,0.05124885285593783,0.05342513511630855,143.1055004119873,175.79519973754884,4.529998779296875,7.069999694824219
2023-01-05,110.33999633789062,111.75,107.16000366210938,110.51000213623047,157986300,-0.029039097760312105,0.0534160038436136,139.6314998626709,173.77699966430663,-0.17000579833984375,4.589996337890625
2023-01-06,113.05999755859375,114.38999938964844,101.80999755859375,103.0,220911100,0.024651090365942707,0.05438981136163084,136.58250007629394,171.5897996520996,10.05999755859375,12.580001831054688
2023-01-09,119.7699966430664,123.5199966430664,117.11000061035156,118.95999908447266,190284000,0.059349011404278285,0.05713218642006674,133.89899978637695,169.49239959716797,0.80999755859375,6.409996032714844
2023-01-10,118.8499984741211,122.76000213623047,114.91999816894531,121.06999969482422,167642500,-0.007681374256751861,0.05601206204243559,130.8889995574951,167.36759963989257,-2.220001220703125,7.840003967285156
2023-01-11,123.22000122070312,125.94999694824219,120.51000213623047,122.08999633789062,183810800,0.036769060182475055,0.056318367595973765,128.65899925231935,165.2615995788574,1.1300048828125,5.439994812011719
2023-01-12,123.55999755859375,124.12999725341797,117.0,122.55999755859375,169400900,0.0027592625752506095,0.056056104262064796,126.78949928283691,163.18199966430663,1.0,7.129997253417969
2023-01-13,122.4000015258789,122.62999725341797,115.5999984741211,116.55000305175781,180714100,-0.009388119582672827,0.05595738013351075,125.06949920654297,161.07359954833984,5.849998474121094,7.029998779296875
2023-01-17,131.49000549316406,131.6999969482422,125.0199966430664,125.69999694824219,186477000,0.07426473736900463,0.05903688877776921,123.7604995727539,159.40379974365234,5.790008544921875,6.680000305175781
2023-01-18,128.77999877929688,136.67999267578125,127.01000213623047,136.55999755859375,195680300,-0.020609982513142944,0.05838815193521367,122.6879997253418,157.6731997680664,-7.779998779296875,9.669990539550781
2023-01-19,127.16999816894531,129.99000549316406,124.30999755859375,127.26000213623047,170291900,-0.012501946153228194,0.058399010115465555,121.5529998779297,156.06719970703125,-0.09000396728515625,5.6800079345703125
2023-01-20,133.4199981689453,133.50999450683594,127.3499984741211,128.67999267578125,138858100,0.0491468120625187,0.056928044778816404,121.33399963378906,154.79399963378907,4.7400054931640625,6.159996032714844
2023-01-23,143.75,145.3800048828125,134.27000427246094,135.8699951171875,203119200,0.07742468874848996,0.059497140753724885,121.64299926757812,153.8429995727539,7.8800048828125,11.110000610351562
2023-01-24,143.88999938964844,146.5,141.10000610351562,143.0,158699100,0.0009739087975544347,0.0553743202769759,122.56999931335449,153.16899963378907,0.8899993896484375,5.399993896484375
2023-01-25,144.42999267578125,146.41000366210938,138.07000732421875,141.91000366210938,192734300,0.003752820129427681,0.0550524294878023,123.63399887084961,152.24319946289063,2.519989013671875,8.339996337890625
2023-01-26,160.27000427246094,161.4199981689453,154.75999450683594,159.97000122070312,234815100,0.10967259156647335,0.05122117648748085,126.1924991607666,151.52919952392577,0.3000030517578125,6.660003662109375
2023-01-27,177.89999389648438,180.67999267578125,161.1699981689453,162.42999267578125,306590600,0.11000180416824756,0.054953736343493625,129.45199890136718,151.26819946289064,15.470001220703125,19.509994506835938
2023-01-30,166.66000366210938,179.77000427246094,166.5,178.0500030517578,230878800,-0.06318150994943417,0.05659736664222025,131.69399909973146,150.71299957275392,-11.389999389648438,13.270004272460938
2023-01-31,173.22000122070312,174.3000030517578,162.77999877929688,164.57000732421875,196813500,0.03936155894904236,0.05678689839082685,134.1959991455078,150.43899963378905,8.649993896484375,11.520004272460938
2023-02-01,181.41000366210938,183.80999755859375,169.92999267578125,173.88999938964844,213806300,0.047280928205116535,0.04629554573062283,137.86149940490722,150.40379974365234,7.5200042724609375,13.8800048828125
2023-02-02,188.27000427246094,196.75,182.61000061035156,187.3300018310547,217448300,0.03781489703913388,0.04602511979392133,141.59299964904784,150.56539978027342,0.94000244140625,14.139999389648438
2023-02-03,189.97999572753906,199.0,183.69000244140625,183.9499969482422,232662000,0.009082654784473565,0.044361493608047156,145.57499961853028,151.00759979248048,6.029998779296875,15.30999755859375
2023-02-06,194.75999450683594,198.1699981689453,189.9199981689453,193.00999450683594,186188100,0.025160537355481072,0.044359345404810895,149.65999946594238,151.504599609375,1.75,8.25
2023-02-07,196.80999755859375,197.5,189.5500030517578,196.42999267578125,186010300,0.010525791279409002,0.04391189172068649,153.51199951171876,151.77679962158203,0.3800048828125,7.9499969482421875
2023-02-08,201.2899932861328,203.0,194.30999755859375,196.10000610351562,180673600,0.022763049555982517,0.04320368823357234,157.63399925231934,152.14539947509766,5.1899871826171875,8.69000244140625
2023-02-09,207.32000732421875,214.0,204.77000427246094,207.77999877929688,215431400,0.029956849516678652,0.04315403652891572,161.83899955749513,152.63339965820313,-0.459991455078125,9.229995727539062
2023-02-10,196.88999938964844,206.1999969482422,192.88999938964844,202.22999572753906,204754100,-0.05030873801899527,0.04625670792999435,165.50549964904786,152.954599609375,-5.339996337890625,13.30999755859375
2023-02-13,194.63999938964844,196.3000030517578,187.61000061035156,194.4199981689453,172475500,-0.011427700782035255,0.046337666826740426,169.11749954223632,152.95339965820312,0.220001220703125,8.69000244140625
2023-02-14,209.25,209.82000732421875,189.44000244140625,191.94000244140625,216455700,0.0750616556523096,0.04638307063776767,173.00549926757813,153.2443997192383,17.30999755859375,20.3800048828125
2023-02-15,214.24000549316406,214.66000366210938,206.11000061035156,211.75999450683594,181006400,0.02384709913101113,0.045156633277842806,177.27849960327148,153.63199981689453,2.480010986328125,8.550003051757812
2023-02-16,202.0399932861328,217.64999389648438,201.83999633789062,210.77999877929688,229586500,-0.05694553722096751,0.04818065943198509,181.02199935913086,154.02379974365235,-8.740005493164062,15.80999755859375
2023-02-17,208.30999755859375,208.44000244140625,197.5,199.99000549316406,213738500,0.031033480898909227,0.0478621344652451,184.7664993286133,154.59359954833985,8.319992065429688,10.94000244140625
2023-02-21,197.3699951171875,209.7100067138672,197.22000122070312,204.99000549316406,180018600,-0.05251789433835996,0.04897665341474652,187.44749908447267,155.06019958496094,-7.6200103759765625,12.490005493164062
2023-02-22,200.86000061035156,201.99000549316406,191.77999877929688,197.92999267578125,191828500,0.017682553475729224,0.04882946798619689,190.2959991455078,155.60859954833984,2.9300079345703125,10.210006713867188
2023-02-23,202.07000732421875,205.13999938964844,196.3300018310547,203.91000366210938,146360000,0.006024129792842503,0.048797388557097046,193.1779998779297,156.06899963378908,-1.839996337890625,8.80999755859375
2023-02-24,196.8800048828125,197.6699981689453,192.8000030517578,196.3300018310547,142228100,-0.025684180003413215,0.0446288263170039,195.00849990844728,156.65019958496094,0.5500030517578125,4.8699951171875
2023-02-27,207.6300048828125,209.4199981689453,201.25999450683594,202.02999877929688,161028300,0.0546017865369246,0.03961648727907713,196.49500045776367,157.58379974365235,5.600006103515625,8.160003662109375
2023-02-28,205.7100067138672,211.22999572753906,203.75,210.58999633789062,153144900,-0.009247209573726933,0.036165137038191526,198.44750061035157,158.56199981689454,-4.8799896240234375,7.4799957275390625
2023-03-01,202.77000427246094,207.1999969482422,198.52000427246094,206.2100067138672,156852800,-0.014291975817664837,0.03595582853798286,199.92500076293945,159.46399993896483,-3.44000244140625,8.67999267578125
2023-03-02,190.89999389648438,193.75,186.00999450683594,186.74000549316406,181500700,-0.05853928157947319,0.03769572167831062,200.3995002746582,160.27739990234375,4.1599884033203125,7.7400054931640625
2023-03-03,197.7899932861328,200.47999572753906,192.8800048828125,194.8000030517578,154193300,0.03609219282314147,0.037614414978164055,200.8754997253418,161.23579986572267,2.989990234375,7.5999908447265625
2023-03-06,193.80999755859375,198.60000610351562,192.3000030517578,198.5399932861328,128100100,-0.020122331071529054,0.03793721731447874,201.06699981689454,162.3559997558594,-4.7299957275390625,6.3000030517578125
2023-03-07,187.7100067138672,194.1999969482422,186.10000610351562,191.3800048828125,148125800,-0.03147407730028162,0.038205306848108495,200.7145004272461,163.35879974365236,-3.6699981689453125,8.099990844726562
2023-03-08,182.0,186.5,180.0,185.0399932861328,151897800,-0.03041929843714275,0.03864135235282836,199.9740005493164,164.49179977416992,-3.0399932861328125,6.5
2023-03-09,172.9199981689453,185.17999267578125,172.50999450683594,180.25,170023800,-0.04989011995084991,0.039478512329764424,198.55550079345704,165.48719970703124,-7.3300018310546875,12.669998168945312
2023-03-10,173.44000244140625,178.2899932861328,168.44000244140625,175.1300048828125,191488900,0.0030071956856769777,0.03860718118443258,196.86150054931642,166.77399978637695,-1.69000244140625,9.849990844726562
2023-03-13,174.47999572753906,177.35000610351562,163.91000366210938,167.4600067138672,167790300,0.005996271168666301,0.037407385593896655,195.74100036621093,168.00939971923827,7.019989013671875,13.44000244140625
2023-03-14,183.25999450683594,183.8000030517578,177.13999938964844,177.30999755859375,143717900,0.050320947926932424,0.03937667315854495,195.1720001220703,169.23819961547852,5.9499969482421875,6.660003662109375
2023-03-15,180.4499969482422,182.33999633789062,176.02999877929688,180.8000030517578,145995600,-0.015333393227232373,0.03497461150134384,193.73199996948242,170.38359954833984,-0.350006103515625,6.30999755859375
2023-03-16,184.1300048828125,185.80999755859375,178.83999633789062,180.3699951171875,121136800,0.020393505108375454,0.03482357012393119,192.22649993896485,171.90419967651368,3.760009765625,6.970001220703125
2023-03-17,180.1300048828125,186.22000122070312,177.3300018310547,184.52000427246094,133197100,-0.02172378153438792,0.03300615989678427,191.13100051879883,173.23399978637696,-4.3899993896484375,8.889999389648438
2023-03-20,183.25,186.44000244140625,176.35000610351562,178.0800018310547,129684400,0.017320796272765726,0.03234966771926917,189.87800064086915,174.69219985961914,5.1699981689453125,10.089996337890625
2023-03-21,197.5800018310547,198.0,188.0399932861328,188.27999877929688,153391400,0.07819919143822474,0.03548614052746218,189.8885009765625,176.38259994506836,9.300003051757812,9.960006713867188
2023-03-22,191.14999389648438,200.66000366210938,190.9499969482422,199.3000030517578,150376400,-0.03254381959196684,0.03599064733206117,189.40300064086915,177.81019989013672,-8.150009155273438,9.710006713867188
2023-03-23,192.22000122070312,199.30999755859375,188.64999389648438,195.25999450683594,144193900,0.0055977366381618765,0.035985853666015456,188.91050033569337,179.27759994506835,-3.0399932861328125,10.660003662109375
2023-03-24,190.41000366210938,192.36000061035156,187.14999389648438,191.64999389648438,116312400,-0.009416281069083654,0.03560145135635342,188.5870002746582,180.6213999938965,-1.239990234375,5.2100067138671875
2023-03-27,191.80999755859375,197.38999938964844,189.94000244140625,194.4199981689453,120851600,0.007352522816861606,0.03319910424103318,187.79599990844727,181.9863999938965,-2.6100006103515625,7.4499969482421875
2023-03-28,189.19000244140625,192.35000610351562,185.42999267578125,192.0,98654600,-0.013659325116185062,0.03325436439400043,186.96999969482422,183.32220001220702,-2.80999755859375,6.920013427734375
2023-03-29,193.8800048828125,195.2899932861328,189.44000244140625,193.1300048828125,123660000,0.024789906342217005,0.03374122129883434,186.5254997253418,184.57,0.75,5.8499908447265625
2023-03-30,195.27999877929688,197.3300018310547,194.4199981689453,195.5800018310547,110252200,0.007220929756684091,0.03100418253236667,186.74449996948243,185.9,-0.3000030517578125,2.910003662109375
2023-03-31,207.4600067138672,207.7899932861328,197.1999969482422,197.52999877929688,170222100,0.06237201971890638,0.033034024131634525,187.22800064086914,187.50580017089842,9.930007934570312,10.589996337890625
2023-04-03,194.77000427246094,202.69000244140625,192.1999969482422,199.91000366210938,169545900,-0.061168427796826186,0.03570650689271887,187.2760009765625,188.73280029296876,-5.1399993896484375,10.490005493164062
2023-04-04,192.5800018310547,198.74000549316406,190.32000732421875,197.32000732421875,126463800,-0.011244043709844997,0.035022708112492376,187.51950073242188,189.70940032958984,-4.7400054931640625,8.419998168945312
2023-04-05,185.52000427246094,190.67999267578125,183.75999450683594,190.52000427246094,133882500,-0.036660076287605925,0.0353516844305226,187.69550094604492,190.54200042724608,-5.0,6.9199981689453125
2023-04-06,185.05999755859375,186.38999938964844,179.74000549316406,183.0800018310547,123857900,-0.002479553165553039,0.03324801305563049,188.30250091552733,191.35460052490234,1.9799957275390625,6.649993896484375
2023-04-10,184.50999450683594,185.10000610351562,176.11000061035156,179.94000244140625,142154600,-0.0029720256079851515,0.033283488742345275,188.85600051879882,191.83940032958984,4.5699920654296875,8.990005493164062
2023-04-11,186.7899932861328,189.19000244140625,185.64999389648438,186.69000244140625,115770900,0.012357047570192181,0.0333377545318906,189.47150039672852,192.01720031738282,0.0999908447265625,3.540008544921875
2023-04-12,180.5399932861328,191.5800018310547,180.30999755859375,190.74000549316406,150256300,-0.03346003653646468,0.03245456875749633,189.33550033569335,192.29480010986327,-10.20001220703125,11.270004272460938
2023-04-13,185.89999389648438,186.5,180.94000244140625,182.9600067138672,112933000,0.029688716127604264,0.032911689811904635,189.60800018310547,192.5483999633789,2.9399871826171875,5.55999755859375
2023-04-14,185.0,186.27999877929688,182.00999450683594,183.9499969482422,96438700,-0.004841279860318459,0.032652042123837384,189.65149993896483,192.62019989013672,1.0500030517578125,4.2700042724609375
2023-04-17,187.0399932861328,189.69000244140625,182.69000244140625,186.32000732421875,116662200,0.011026990735853115,0.03228553516123674,189.99699935913085,192.59559967041017,0.7199859619140625,7.0
2023-04-18,184.30999755859375,187.69000244140625,183.5800018310547,187.14999389648438,92067000,-0.014595786064655836,0.0322966484302139,190.04999923706055,192.48219970703124,-2.839996337890625,4.1100006103515625
2023-04-19,180.58999633789062,183.5,177.64999389648438,179.10000610351562,125732700,-0.020183393575926356,0.026930536700530357,189.20049896240235,192.19879974365233,1.489990234375,5.850006103515625
2023-04-20,162.99000549316406,169.6999969482422,160.55999755859375,166.1699981689453,210970800,-0.09745828230593856,0.03361589129089268,187.79249954223633,191.52239990234375,-3.17999267578125,9.139999389648438
2023-04-21,165.0800018310547,166.0,161.32000732421875,164.8000030517578,123539000,0.012822849668400638,0.03380108531954508,186.4354995727539,190.79820007324219,0.279998779296875,4.67999267578125
2023-04-24,162.5500030517578,165.64999389648438,158.61000061035156,164.64999389648438,140006600,-0.015325895028073244,0.03384888244605701,185.04249954223633,189.90279998779297,-2.0999908447265625,7.0399932861328125
2023-04-25,160.6699981689453,163.47000122070312,158.75,159.82000732421875,121999300,-0.011565701922588656,0.03368117206479528,183.4854995727539,189.1783999633789,0.8499908447265625,4.720001220703125
2023-04-26,153.75,160.6699981689453,153.13999938964844,160.2899932861328,153364100,-0.04306963495243776,0.0345595726858748,181.7134994506836,188.36059997558593,-6.5399932861328125,7.529998779296875
2023-04-27,160.19000244140625,160.47999572753906,152.3699951171875,152.63999938964844,127015200,0.041886194740853755,0.03565268111686379,180.02899932861328,187.37940002441405,7.5500030517578125,8.110000610351562
2023-04-28,164.30999755859375,165.0,157.32000732421875,160.89999389648438,122515800,0.025719427270091355,0.036326025044230575,178.48049926757812,186.38079986572265,3.410003662109375,7.67999267578125
2023-05-01,161.8300018310547,163.27999877929688,158.8300018310547,163.1699981689453,109015000,-0.015093395194377579,0.032344079457968744,176.1989990234375,185.5766000366211,-1.339996337890625,4.4499969482421875
2023-05-02,160.30999755859375,165.49000549316406,158.92999267578125,161.8800048828125,128259700,-0.00939259874721976,0.030187447820616605,174.47599868774415,184.6166000366211,-1.57000732421875,6.5600128173828125
2023-05-03,160.61000061035156,165.0,159.91000366210938,160.00999450683594,119728000,0.0018713932775662467,0.03028396947378014,172.87749862670898,183.88140014648437,0.600006103515625,5.089996337890625
2023-05-04,161.1999969482422,162.9499969482422,159.64999389648438,162.7100067138672,95108500,0.003673471985857102,0.029652441809792394,171.66149826049804,183.08820007324218,-1.510009765625,3.3000030517578125
2023-05-05,170.05999755859375,170.7899932861328,163.50999450683594,163.97000122070312,107607300,0.05496278398315546,0.032695243956891766,170.91149826049804,182.44799987792967,6.089996337890625,7.279998779296875
2023-05-08,171.7899932861328,173.8000030517578,169.19000244140625,173.72000122070312,112249400,0.010172855182730478,0.03284238316275973,170.2754981994629,181.9461996459961,-1.9300079345703125,4.6100006103515625
2023-05-09,169.14999389648438,169.82000732421875,166.55999755859375,168.9499969482422,88965000,-0.015367597024416146,0.0327432407122551,169.39349822998048,181.17659942626952,0.1999969482421875,3.260009765625
2023-05-10,168.5399932861328,174.42999267578125,166.67999267578125,172.5500030517578,119840700,-0.0036062703657255835,0.03202255567739276,168.79349822998046,180.43319915771485,-4.010009765625,7.75
2023-05-11,172.0800018310547,173.57000732421875,166.7899932861328,168.6999969482422,103889900,0.021003967520705658,0.03161316765875478,168.10249862670898,179.81939910888673,3.3800048828125,6.7800140380859375
2023-05-12,167.97999572753906,177.3800048828125,167.22999572753906,176.07000732421875,157849600,-0.023826162598143963,0.031943041234006736,167.25149841308593,179.3609991455078,-8.090011596679688,10.150009155273438
2023-05-15,166.35000610351562,169.75999450683594,164.5500030517578,167.66000366210938,105592500,-0.009703474612936969,0.03175471644488522,166.21699905395508,178.73219940185547,-1.30999755859375,5.209991455078125
2023-05-16,166.52000427246094,169.52000427246094,164.35000610351562,165.64999389648438,98288800,0.001021930644472091,0.031707476389826676,165.32749938964844,178.18639953613283,0.8700103759765625,5.1699981689453125
2023-05-17,173.86000061035156,174.5,167.19000244140625,168.41000366210938,125473600,0.04407876621166107,0.033260320891695935,164.9909996032715,177.9093994140625,5.4499969482421875,7.30999755859375
2023-05-18,176.88999938964844,177.05999755859375,172.4499969482422,174.22000122070312,109520300,0.01742780840135616,0.024577308741798982,165.6859992980957,177.80719940185546,2.6699981689453125,4.6100006103515625
2023-05-19,180.13999938964844,181.9499969482422,176.30999755859375,177.1699981689453,136196700,0.018373000232992265,0.02470858553230422,166.4389991760254,177.95159942626952,2.970001220703125,5.6399993896484375
2023-05-22,188.8699951171875,189.32000732421875,180.11000061035156,180.6999969482422,132001400,0.04846228354123516,0.026072032345921294,167.75499877929687,178.26019927978516,8.169998168945312,9.210006713867188
2023-05-23,185.77000427246094,192.9600067138672,185.25999450683594,186.1999969482422,156952100,-0.01641335799687571,0.026283721893799017,169.00999908447267,178.4859994506836,-0.42999267578125,7.70001220703125
2023-05-24,182.89999389648438,184.22000122070312,178.22000122070312,182.22999572753906,137605100,-0.015449266889003499,0.024117102739636208,170.46749877929688,178.47879943847656,0.6699981689453125,6.0
2023-05-25,184.47000122070312,186.77999877929688,180.5800018310547,186.5399932861328,96870700,0.008583965973816943,0.022842270856127393,171.6814987182617,178.55919952392577,-2.0699920654296875,6.1999969482421875
2023-05-26,193.1699981689453,198.60000610351562,184.52999877929688,184.6199951171875,162061500,0.047162123329924865,0.02421316562861939,173.1244987487793,178.73999938964843,8.550003051757812,14.07000732421875
2023-05-30,201.16000366210938,204.47999572753906,197.52999877929688,200.10000610351562,128818700,0.041362559242642094,0.024617947586124258,175.09099884033202,179.16059936523436,1.05999755859375,6.9499969482421875
2023-05-31,203.92999267578125,203.9499969482422,195.1199951171875,199.77999877929688,150711700,0.013770078361723614,0.024137354680327808,177.2719985961914,179.57419921875,4.149993896484375,8.830001831054688
2023-06-01,207.52000427246094,209.8000030517578,199.3699951171875,202.58999633789062,148029900,0.017604137329555458,0.024033060937634562,179.61749877929688,179.77299926757811,4.9300079345703125,10.430007934570312
2023-06-02,213.97000122070312,217.25,209.75,210.14999389648438,164398400,0.031081326211682914,0.02424386628247156,182.25599899291993,180.2293994140625,3.82000732421875,7.5
2023-06-05,217.61000061035156,221.2899932861328,214.52000427246094,217.8000030517578,151143100,0.017011727666879306,0.022322110646706774,184.6334991455078,180.73719940185546,-0.19000244140625,6.769989013671875
2023-06-06,221.30999755859375,221.91000366210938,212.52999877929688,216.13999938964844,146911600,0.017002881015874438,0.022334661747343977,187.10949935913087,181.35519927978515,5.1699981689453125,9.3800048828125
2023-06-07,224.57000732421875,230.8300018310547,223.1999969482422,228.0,185710800,0.014730512862447087,0.021314866732583437,189.88050003051757,182.01039947509764,-3.42999267578125,7.6300048828125
2023-06-08,234.86000061035156,235.22999572753906,223.00999450683594,224.22000122070312,164489700,0.045820870777622646,0.0219625806682676,193.1965003967285,182.92379943847655,10.639999389648438,12.220001220703125
2023-06-09,244.39999389648438,252.4199981689453,242.02000427246094,249.07000732421875,200242400,0.0406199151040636,0.022582163088191932,196.8125,183.93419921875,-4.670013427734375,10.399993896484375
2023-06-12,249.8300018310547,250.97000122070312,244.58999633789062,247.94000244140625,150337900,0.02221770896144215,0.02033582931568955,200.90500030517578,185.02519927978517,1.8899993896484375,6.3800048828125
2023-06-13,258.7099914550781,259.67999267578125,251.33999633789062,253.50999450683594,162384300,0.035544128242966044,0.019321063821920413,205.52299957275392,186.05019897460937,5.1999969482421875,8.339996337890625
2023-06-14,256.7900085449219,261.57000732421875,250.5,260.1700134277344,170575500,-0.007421371317580694,0.019898683146007335,210.03649978637696,187.29059906005858,-3.3800048828125,11.07000732421875
2023-06-15,255.89999389648438,258.95001220703125,247.2899932861328,248.39999389648438,160171200,-0.0034659239799892383,0.019971920115466876,214.13849945068358,188.5569989013672,7.5,11.660018920898438
2023-06-16,260.5400085449219,263.6000061035156,257.2099914550781,258.9200134277344,167915600,0.01813214052015355,0.01996832099654793,218.32099990844728,190.0573989868164,1.6199951171875,6.3900146484375
2023-06-20,274.45001220703125,274.75,261.1199951171875,261.5,165611200,0.05338912722001776,0.021331072860812508,223.0365005493164,191.84519927978516,12.95001220703125,13.6300048828125
2023-06-21,259.4599914550781,276.989990234375,257.7799987792969,275.1300048828125,211797100,-0.054618400747766804,0.026336307560192628,226.56600036621094,193.34419921875,-15.670013427734375,19.209991455078125
2023-06-22,264.6099853515625,265.0,248.25,250.77000427246094,166875900,0.019848894111198723,0.025186350859050976,230.50799942016602,194.9005990600586,13.839981079101562,16.75
2023-06-23,256.6000061035156,262.45001220703125,252.8000030517578,259.2900085449219,177460800,-0.030270888067223778,0.026414980564368556,234.19300003051757,196.42179931640624,-2.69000244140625,9.650009155273438
2023-06-26,241.0500030517578,258.3699951171875,240.6999969482422,250.07000732421875,179990600,-0.060600166336257755,0.03164356094119864,237.02200012207032,197.52479949951172,-9.020004272460938,17.669998168945312
2023-06-27,250.2100067138672,250.38999938964844,240.85000610351562,243.24000549316406,164968200,0.03800042956291749,0.031200618412750014,239.8740005493164,198.82899963378907,6.970001220703125,9.539993286132812
2023-06-28,256.239990234375,259.8800048828125,248.88999938964844,249.6999969482422,159770800,0.0240996896954786,0.03062232521390884,242.62799987792968,200.21299957275392,6.5399932861328125,10.990005493164062
2023-06-29,257.5,260.739990234375,253.61000061035156,258.0299987792969,131283400,0.004917303362650394,0.030668846882288416,245.30650024414064,201.67679962158203,-0.529998779296875,7.1299896240234375
2023-06-30,261.7699890136719,264.45001220703125,259.8900146484375,260.6000061035156,112620800,0.016582481606492783,0.03066019028831392,248.01899948120118,203.30039947509766,1.16998291015625,4.55999755859375
2023-07-03,279.82000732421875,284.25,275.1099853515625,276.489990234375,119685900,0.06895373445427366,0.0329743771224644,251.31149978637694,205.63699951171876,3.33001708984375,9.1400146484375
2023-07-05,282.4800109863281,283.8500061035156,277.6000061035156,278.82000732421875,131530900,0.009506123909958086,0.03298130289578648,254.55500030517578,207.9849996948242,3.660003662109375,6.25
2023-07-06,276.5400085449219,279.9700012207031,272.8800048828125,278.0899963378906,120332100,-0.021028045208104085,0.0338623582404288,257.3165008544922,210.2647998046875,-1.54998779296875,7.089996337890625
2023-07-07,274.42999267578125,280.7799987792969,273.7699890136719,278.42999267578125,113879200,-0.007630056425625198,0.03412680445294659,259.8095001220703,212.53999969482422,-4.0,7.010009765625
2023-07-10,269.6099853515625,277.5199890136719,265.1000061035156,276.4700012207031,119425400,-0.01756370459810941,0.03362621911467156,261.54699935913084,214.85719940185547,-6.860015869140625,12.41998291015625
2023-07-11,269.7900085449219,270.8999938964844,266.3699951171875,268.6499938964844,91972400,0.000667717084456676,0.03272736524020005,262.8165000915527,217.04919952392578,1.1400146484375,4.529998779296875
2023-07-12,271.989990234375,276.5199890136719,271.4599914550781,276.3299865722656,95672100,0.008154422401772665,0.032498715969104496,263.92449951171875,219.2027993774414,-4.339996337890625,5.05999755859375
2023-07-13,277.8999938964844,279.45001220703125,270.6000061035156,274.5899963378906,112681500,0.02172875427149612,0.0319521795883373,264.8839996337891,221.52419921875,3.30999755859375,8.850006103515625
2023-07-14,281.3800048828125,285.29998779296875,276.30999755859375,277.010009765625,120062400,0.012522529912772917,0.03188584481624228,266.1134994506836,223.9455993652344,4.3699951171875,8.989990234375
2023-07-17,290.3800048828125,292.2300109863281,283.57000732421875,286.6300048828125,131569600,0.03198521516746822,0.032368295323389445,267.8375,226.5409994506836,3.75,8.660003662109375
2023-07-18,293.3399963378906,295.260009765625,286.010009765625,290.1499938964844,112120300,0.010193509901870401,0.03227104680820238,269.4774993896484,229.18379943847657,3.19000244140625,9.25
2023-07-19,291.260009765625,299.2900085449219,289.5199890136719,296.0400085449219,142355400,-0.007090702250741598,0.030420899612223988,270.3179992675781,231.60779968261718,-4.779998779296875,9.77001953125
2023-07-20,262.8999938964844,280.92999267578125,261.20001220703125,279.55999755859375,175158300,-0.09737009860008494,0.03574899203868859,270.48999938964846,233.42999969482423,-16.660003662109375,19.72998046875
2023-07-21,260.0199890136719,268.0,255.8000030517578,268.0,161796100,-0.010954754468143868,0.03557000685079621,270.26049957275393,235.24739959716797,-7.980010986328125,12.199996948242188
2023-07-24,269.05999755859375,269.8500061035156,254.1199951171875,255.85000610351562,136508500,0.03476659075024635,0.0356547587444328,270.8834991455078,237.2577996826172,13.209991455078125,15.730010986328125
2023-07-25,265.2799987792969,272.8999938964844,265.0,272.3800048828125,112757300,-0.014048906614123058,0.03268030789341374,272.0949989318848,239.12179962158203,-7.100006103515625,7.899993896484375
2023-07-26,264.3500061035156,268.0400085449219,261.75,263.25,95856200,-0.0035057022016762307,0.03180182079890213,272.8019989013672,241.04919982910155,1.100006103515625,6.290008544921875
2023-07-27,255.7100067138672,269.1300048828125,255.3000030517578,268.30999755859375,103697300,-0.032683938680391544,0.032371554219545615,272.7754997253418,242.8363998413086,-12.599990844726562,13.830001831054688
2023-07-28,266.44000244140625,267.25,258.2300109863281,259.8599853515625,111446000,0.04196157931177735,0.03367679057771842,273.2224998474121,244.8347998046875,6.58001708984375,9.019989013671875
2023-07-31,267.42999267578125,269.0799865722656,263.7799987792969,267.4800109863281,84582200,0.00371562162326855,0.03351122143791813,273.50550003051757,246.7061996459961,-0.050018310546875,5.29998779296875
2023-08-01,261.07000732421875,266.4700012207031,260.25,266.260009765625,83166000,-0.023781870118334214,0.029927413964461327,272.56800003051757,248.3897998046875,-5.19000244140625,6.220001220703125
2023-08-02,254.11000061035156,259.5199890136719,250.49000549316406,255.57000732421875,101752900,-0.02665954157355066,0.030221704388367795,271.1494995117188,249.86919982910158,-1.4600067138671875,9.029983520507812
2023-08-03,259.32000732421875,260.489990234375,252.0,252.0399932861328,97569100,0.020502958173047814,0.03047596688190249,270.2884994506836,251.27820007324217,7.2800140380859375,8.489990234375
2023-08-04,253.86000061035156,264.7699890136719,253.11000061035156,260.9700012207031,99539900,-0.02105509239416581,0.030735745636067898,269.25999984741213,252.64,-7.1100006103515625,11.659988403320312
2023-08-07,251.4499969482422,253.64999389648438,242.75999450683594,251.4499969482422,111097900,-0.009493435973824349,0.030593010949866103,268.3520004272461,254.01100006103516,0.0,10.889999389648438
2023-08-08,249.6999969482422,250.9199981689453,245.00999450683594,247.4499969482422,96642200,-0.006959634206558429,0.03059213199799199,267.3474998474121,255.31559997558594,2.25,5.910003662109375
2023-08-09,242.19000244140625,251.10000610351562,241.89999389648438,250.8699951171875,101596300,-0.03007606967809695,0.03102328887477247,265.85750045776365,256.29600006103516,-8.67999267578125,9.20001220703125
2023-08-10,245.33999633789062,251.8000030517578,243.0,245.39999389648438,109498600,0.013006292021680244,0.030682536626111864,264.229500579834,257.1795999145508,-0.05999755859375,8.800003051757812
2023-08-11,242.64999389648438,243.7899932861328,238.02000427246094,241.77000427246094,99038600,-0.01096438608281991,0.030394429856852097,262.2930000305176,257.95399993896484,0.8799896240234375,5.769989013671875
2023-08-14,239.75999450683594,240.66000366210938,233.75,235.6999969482422,98595300,-0.011910156448968756,0.02898916171112937,259.7619995117187,258.59879974365236,4.05999755859375,6.910003662109375
2023-08-15,232.9600067138672,240.5,232.61000061035156,238.72999572753906,88197600,-0.028361644764614224,0.02891906386017472,256.7430000305176,258.9785998535156,-5.769989013671875,7.8899993896484375
2023-08-16,225.60000610351562,233.97000122070312,225.3800048828125,228.02000427246094,112484500,-0.03159340830287438,0.029259600508547493,253.45999984741212,259.1383999633789,-2.4199981689453125,8.589996337890625
2023-08-17,219.22000122070312,226.74000549316406,218.8300018310547,226.05999755859375,120718400,-0.028280162722535862,0.02181554371120427,251.27600021362304,259.0966000366211,-6.839996337890625,7.910003662109375
2023-08-18,215.49000549316406,217.5800018310547,212.36000061035156,214.1199951171875,136276600,-0.017014851321818125,0.02188873529394405,249.04950103759765,258.915,1.3700103759765625,5.220001220703125
2023-08-21,231.27999877929688,232.1300048828125,220.5800018310547,221.5500030517578,135702700,0.073274828918382,0.027040015561214315,247.1605010986328,258.8433999633789,9.729995727539062,11.550003051757812
2023-08-22,233.19000244140625,240.82000732421875,229.5500030517578,240.25,130442800,0.008258403978685713,0.027202069033974235,245.55600128173828,258.6192001342773,-7.05999755859375,11.270004272460938
2023-08-23,236.86000061035156,238.97999572753906,229.2899932861328,229.33999633789062,101077600,0.01573823118710882,0.027634864785040163,244.18150100708007,258.3598001098633,7.5200042724609375,9.69000244140625
2023-08-24,230.0399932861328,238.9199981689453,228.17999267578125,238.66000366210938,99777400,-0.02879341090367582,0.027443648398033288,242.89800033569335,257.78640014648437,-8.620010375976562,10.740005493164062
2023-08-25,238.58999633789062,239.0,230.35000610351562,231.30999755859375,106612200,0.037167463490241914,0.027030396854629095,241.50550003051757,257.4223999023437,7.279998779296875,8.649993896484375
2023-08-28,238.82000732421875,244.3800048828125,235.35000610351562,242.5800018310547,107673700,0.0009640428763089126,0.02698979479204422,240.07500076293945,257.08080017089844,-3.7599945068359375,9.029998779296875
2023-08-29,257.17999267578125,257.4800109863281,237.77000427246094,238.5800018310547,134047600,0.07687791972402569,0.03223748982249621,239.88050003051757,257.01359985351564,18.599990844726562,19.710006713867188
2023-08-30,256.8999938964844,260.510009765625,250.58999633789062,254.1999969482422,121988400,-0.0010887269121663268,0.031637216466492715,240.0199996948242,256.6625994873047,2.6999969482421875,9.920013427734375
2023-08-31,258.0799865722656,261.17999267578125,255.0500030517578,255.97999572753906,108861700,0.004593198535678855,0.03131971162119089,239.95799865722657,256.63499938964844,2.0999908447265625,6.1299896240234375
2023-09-01,245.00999450683594,259.0799865722656,242.00999450683594,257.260009765625,132541600,-0.05064318329763218,0.03302940973866827,239.51549835205077,256.2429995727539,-12.250015258789062,17.069992065429688
2023-09-05,256.489990234375,258.0,244.86000061035156,245.0,129469600,0.046855214011356505,0.034653911591962794,239.76749801635742,256.2407992553711,11.489990234375,13.139999389648438
2023-09-06,251.9199981689453,255.38999938964844,245.05999755859375,255.13999938964844,116959800,-0.017817428513501543,0.034878602441773335,239.87849807739258,256.45819915771483,-3.220001220703125,10.330001831054688
2023-09-07,251.49000549316406,252.80999755859375,243.27000427246094,245.07000732421875,115312900,-0.0017068620153485314,0.03411639557730974,240.34349822998047,256.4837991333008,6.4199981689453125,9.539993286132812
2023-09-08,248.5,256.5199890136719,246.6699981689453,251.22000122070312,118367700,-0.01188916230408743,0.03416425926229764,240.50149841308593,256.3289993286133,-2.720001220703125,9.849990844726562
2023-09-11,273.5799865722656,274.8500061035156,260.6099853515625,264.2699890136719,174667900,0.10092549928477124,0.04062129933352954,242.047998046875,256.6505990600586,9.30999755859375,14.240020751953125
2023-09-12,267.4800109863281,278.3900146484375,266.6000061035156,270.760009765625,135999900,-0.022296863386701782,0.04093795766576802,243.43399887084962,256.7647994995117,-3.279998779296875,11.790008544921875
2023-09-13,271.29998779296875,274.9800109863281,268.1000061035156,270.07000732421875,111673700,0.014281354305895722,0.040142709586852,245.3509979248047,256.5943991088867,1.22998046875,6.8800048828125
2023-09-14,276.0400085449219,276.7099914550781,270.4200134277344,271.32000732421875,107709800,0.017471511114000693,0.03905507498743861,247.872998046875,256.4655990600586,4.720001220703125,6.28997802734375
2023-09-15,274.3900146484375,278.9800109863281,271.0,277.54998779296875,133692300,-0.005977372284481253,0.038187951497536274,250.63149871826172,256.4225991821289,-3.15997314453125,7.980010986328125
2023-09-18,265.2799987792969,271.44000244140625,263.760009765625,271.1600036621094,101543300,-0.033200974462619715,0.03899724183410938,253.12099838256836,256.2395993041992,-5.8800048828125,7.67999267578125
2023-09-19,266.5,267.8500061035156,261.20001220703125,264.3500061035156,103704000,0.004598918977371191,0.03615934939637491,254.88199844360352,256.17739959716795,2.149993896484375,6.649993896484375
2023-09-20,262.5899963378906,273.92999267578125,262.4599914550781,267.0400085449219,122514600,-0.014671683535119606,0.036503130397365996,256.35199813842775,256.03339935302733,-4.45001220703125,11.470001220703125
2023-09-21,255.6999969482422,260.8599853515625,254.2100067138672,257.8500061035156,119951500,-0.026238620989897266,0.03714926272471452,257.29399795532225,255.7075994873047,-2.1500091552734375,6.6499786376953125
2023-09-22,244.8800048828125,257.7900085449219,244.47999572753906,257.3999938964844,127524100,-0.042315182614647506,0.03790192207300705,258.03599853515624,255.04719970703124,-12.519989013671875,13.310012817382812
2023-09-25,246.99000549316406,247.10000610351562,238.30999755859375,243.3800048828125,104636600,0.008616467528091087,0.03710815931830648,258.45599899291994,254.35939971923827,3.6100006103515625,8.790008544921875
2023-09-26,244.1199951171875,249.5500030517578,241.66000366210938,242.97999572753906,101993600,-0.011619945391094011,0.03723965087801962,258.7209983825684,253.43419952392577,1.1399993896484375,7.8899993896484375
2023-09-27,240.5,245.3300018310547,234.5800018310547,244.25999450683594,136597200,-0.014828753029631048,0.0328929124668524,257.8869987487793,252.37739959716797,-3.7599945068359375,10.75
2023-09-28,246.3800048828125,247.5500030517578,238.64999389648438,240.02000427246094,117058900,0.02444908475181906,0.03345565644299945,257.3609992980957,251.47979949951173,6.3600006103515625,8.900009155273438
2023-09-29,250.22000122070312,254.77000427246094,246.35000610351562,250.0,128522700,0.015585665483353939,0.03365196826074843,256.9680000305176,251.2261996459961,0.220001220703125,8.419998168945312
2023-10-02,251.60000610351562,254.27999877929688,242.6199951171875,244.80999755859375,123810400,0.005515166158101437,0.03157224778946636,257.29750061035156,251.05779998779298,6.790008544921875,11.660003662109375
2023-10-03,246.52999877929688,250.02000427246094,244.4499969482422,248.61000061035156,101985300,-0.020151062008054166,0.030056916007278778,256.7995010375977,250.60720001220704,-2.0800018310546875,5.57000732421875
2023-10-04,261.1600036621094,261.8599853515625,247.60000610351562,248.13999938964844,129721600,0.05934371052307452,0.03269697692826462,257.26150131225586,250.5248001098633,13.020004272460938,14.259979248046875
2023-10-05,260.04998779296875,263.6000061035156,256.25,260.0,119159200,-0.00425032873937603,0.03271829872420844,257.6895004272461,250.43879974365234,0.04998779296875,7.350006103515625
2023-10-06,260.5299987792969,261.6499938964844,250.64999389648438,253.97999572753906,118121800,0.001845841218459432,0.032551448411967825,258.29100036621094,250.53519958496094,6.5500030517578125,11.0
2023-10-09,259.6700134277344,261.3599853515625,252.0500030517578,255.30999755859375,101377900,-0.003300907210654902,0.022951976360448836,257.5955017089844,250.3997998046875,4.360015869140625,9.309982299804688
2023-10-10,263.6199951171875,268.94000244140625,257.6499938964844,257.75,122656000,0.015211543440507347,0.022768627538876103,257.40250091552736,250.32359985351562,5.8699951171875,11.290008544921875
2023-10-11,262.989990234375,268.6000061035156,260.8999938964844,266.20001220703125,103706300,-0.002389822071472425,0.022503323426372315,256.9870010375977,250.36199951171875,-3.21002197265625,7.70001220703125
2023-10-12,258.8699951171875,265.4100036621094,256.6300048828125,262.9200134277344,111508100,-0.015665976919941982,0.022265954986063895,256.1285003662109,250.45719940185546,-4.050018310546875,8.779998779296875
2023-10-13,251.1199951171875,259.6000061035156,250.22000122070312,258.8999938964844,102073800,-0.02993780718577166,0.023066368217184184,254.96499938964843,250.29319915771484,-7.779998779296875,9.3800048828125
2023-10-16,253.9199981689453,255.39999389648438,248.47999572753906,250.0500030517578,88917200,0.01115006015531006,0.022245834923879278,254.39699935913086,250.29439910888672,3.8699951171875,6.9199981689453125
2023-10-17,254.85000610351562,257.17999267578125,247.0800018310547,250.10000610351562,93562900,0.0036626021631882555,0.022232302677998615,253.81449966430665,250.36239929199218,4.75,10.099990844726562
2023-10-18,242.67999267578125,254.6300048828125,242.0800018310547,252.6999969482422,125147800,-0.04775363208267347,0.024354148179231205,252.81899948120116,250.22199920654296,-10.020004272460938,12.550003051757812
2023-10-19,220.11000061035156,230.61000061035156,216.77999877929688,225.9499969482422,170772700,-0.09300310180733784,0.031220558620726757,251.03949966430665,249.78039916992188,-5.839996337890625,13.830001831054688
2023-10-20,211.99000549316406,218.86000061035156,210.4199981689453,217.00999450683594,138010100,-0.036890623300491754,0.03091964927908641,249.3949996948242,249.11339935302735,-5.019989013671875,8.44000244140625
2023-10-23,212.0800018310547,216.97999572753906,202.50999450683594,210.0,150683400,0.0004245310418349302,0.030759629672496853,247.64949951171874,248.50199951171874,2.0800018310546875,14.470001220703125
2023-10-24,216.52000427246094,222.0500030517578,214.11000061035156,216.5,118231100,0.02093550737020089,0.031364977096703286,246.2694999694824,248.03719970703125,0.0200042724609375,7.94000244140625
2023-10-25,212.4199981689453,220.10000610351562,212.1999969482422,215.8800048828125,107065100,-0.018935922882932887,0.0314426035877937,244.8654998779297,247.62639953613282,-3.4600067138671875,7.9000091552734375
2023-10-26,205.75999450683594,214.8000030517578,204.8800048828125,211.32000732421875,115112600,-0.031352997455599385,0.031099718114955075,242.83449935913086,247.2295993041992,-5.5600128173828125,9.919998168945312
2023-10-27,207.3000030517578,212.41000366210938,205.77000427246094,210.60000610351562,94881200,0.00748448962886572,0.030821040685948833,240.6884994506836,246.99119934082032,-3.3000030517578125,6.6399993896484375
2023-10-30,197.36000061035156,210.8800048828125,194.6699981689453,209.27999877929688,136448200,-0.04794984223383958,0.03180751999592485,237.97649917602538,246.62859924316408,-11.919998168945312,16.210006713867188
2023-10-31,200.83999633789062,202.8000030517578,194.07000732421875,196.1199951171875,118068300,0.017632730628176496,0.03238818812438458,235.69199905395507,246.01979919433595,4.720001220703125,8.729995727539062
2023-11-01,205.66000366210938,205.99000549316406,197.85000610351562,204.0399932861328,121661700,0.023999240251476817,0.029234048524477703,232.91699905395507,245.46919921875,1.6200103759765625,8.139999389648438
2023-11-02,218.50999450683594,219.1999969482422,211.4499969482422,212.97000122070312,125987600,0.06248172039245192,0.0335840902884652,230.83999938964843,245.1021990966797,5.5399932861328125,7.75
2023-11-03,219.9600067138672,226.3699951171875,218.39999389648438,221.14999389648438,119534800,0.006635907937775798,0.033675838647704175,228.81149978637694,244.90059936523437,-1.1899871826171875,7.970001220703125
2023-11-06,219.27000427246094,226.32000732421875,215.0,223.97999572753906,117335800,-0.0031369449915676917,0.03367703151502971,226.79149932861327,244.51419952392578,-4.709991455078125,11.32000732421875
2023-11-07,222.17999267578125,223.1199951171875,215.72000122070312,219.97999572753906,116900100,0.013271256198382764,0.03360976810896782,224.71949920654296,244.18139923095703,2.1999969482421875,7.399993896484375
2023-11-08,222.11000061035156,224.14999389648438,217.63999938964844,223.14999389648438,106584800,-0.00031502415940676265,0.033631083703592066,222.6754997253418,243.47999938964844,-1.0399932861328125,6.5099945068359375
2023-11-09,209.97999572753906,220.8000030517578,206.67999267578125,219.75,142110500,-0.054612601186257326,0.035197733113161836,220.2309997558594,242.54159942626953,-9.770004272460938,14.120010375976562
2023-11-10,214.64999389648438,215.3800048828125,205.69000244140625,210.02999877929688,130994000,0.022240205086035525,0.03555924797874526,218.40749969482422,241.6729995727539,4.6199951171875,9.69000244140625
2023-11-13,223.7100067138672,225.39999389648438,211.61000061035156,215.60000610351562,140447600,0.04220830689495392,0.037049801702766026,216.89700012207032,241.24699981689454,8.110000610351562,13.789993286132812
2023-11-14,237.41000366210938,238.13999938964844,230.72000122070312,235.02999877929688,149771600,0.06123998273248876,0.03993594029556464,216.025,240.8654000854492,2.3800048828125,7.4199981689453125
2023-11-15,242.83999633789062,246.6999969482422,236.4499969482422,239.2899932861328,150354000,0.022871793909364557,0.03885686392146441,216.03300018310546,240.68380004882812,3.5500030517578125,10.25
2023-11-16,233.58999633789062,240.8800048828125,230.9600067138672,239.49000549316406,136816800,-0.038090924639652135,0.033446117075527054,216.7069999694824,240.32579986572264,-5.9000091552734375,9.919998168945312
2023-11-17,234.3000030517578,237.38999938964844,226.5399932861328,232.0,142532800,0.0030395424675642158,0.03207125182851028,217.8224998474121,240.04179992675782,2.3000030517578125,10.850006103515625
2023-11-20,235.60000610351562,237.10000610351562,231.02000427246094,234.0399932861328,116320100,0.005548455120893081,0.032049001592248244,218.99850006103514,239.2822003173828,1.5600128173828125,6.0800018310546875
2023-11-21,241.1999969482422,243.6199951171875,233.33999633789062,235.0399932861328,122288000,0.023769060694616817,0.032125790426935495,220.2324996948242,238.75660003662108,6.160003662109375,10.279998779296875
2023-11-22,234.2100067138672,244.00999450683594,231.39999389648438,242.0399932861328,117950600,-0.028980059381488954,0.032609363850179596,221.3220001220703,238.01480041503908,-7.829986572265625,12.610000610351562
2023-11-24,235.4499969482422,238.75,232.3300018310547,233.75,65125200,0.00529435207219775,0.03144433349985293,222.80650024414064,237.20300018310547,1.6999969482421875,6.4199981689453125
2023-11-27,236.0800018310547,238.3300018310547,232.10000610351562,236.88999938964844,112031800,0.0026757481035388775,0.03146067849821221,224.24550018310546,236.4367999267578,-0.80999755859375,6.2299957275390625
2023-11-28,246.72000122070312,247.0,234.00999450683594,236.67999267578125,148549900,0.04506946504203557,0.029739684888094628,226.71350021362304,236.06559997558594,10.040008544921875,12.990005493164062
2023-11-29,244.13999938964844,252.75,242.75999450683594,249.2100067138672,135401300,-0.010457205813430348,0.030102953450197978,228.87850036621094,235.61839996337892,-5.07000732421875,9.990005493164062
2023-11-30,240.0800018310547,245.22000122070312,236.91000366210938,245.13999938964844,132353200,-0.016629792613843564,0.030493750502342334,230.5995002746582,235.1682000732422,-5.05999755859375,8.30999755859375
2023-12-01,238.8300018310547,240.19000244140625,231.89999389648438,233.13999938964844,121331700,-0.005206597761023168,0.027789138417097847,231.61550064086913,234.83080017089844,5.69000244140625,8.290008544921875
2023-12-04,235.5800018310547,239.3699951171875,233.2899932861328,235.75,104099800,-0.01360800559009756,0.02808667209239022,232.39650039672853,234.64480010986327,-0.1699981689453125,6.0800018310546875
2023-12-05,238.72000122070312,246.66000366210938,233.6999969482422,233.8699951171875,137971100,0.013328802806870987,0.02811364919864476,233.36900024414064,234.47940002441408,4.850006103515625,12.960006713867188
2023-12-06,239.3699951171875,246.57000732421875,239.1699981689453,242.9199981689453,126436200,0.002722829646282676,0.028041914635259502,234.22850036621094,234.38440002441405,-3.5500030517578125,7.4000091552734375
2023-12-07,242.63999938964844,244.0800018310547,236.97999572753906,241.5500030517578,107142300,0.01366087788429815,0.028100038211027707,235.25500030517577,234.42720001220704,1.089996337890625,7.100006103515625
2023-12-08,243.83999633789062,245.27000427246094,239.27000427246094,240.27000427246094,103126800,0.0049455858525417895,0.02438176005466218,236.94800033569337,234.3763998413086,3.5699920654296875,6.0
2023-12-11,239.74000549316406,243.44000244140625,237.4499969482422,242.74000549316406,97913900,-0.01681426716823431,0.02472439428138764,238.20250091552734,234.16679992675782,-3.0,5.9900054931640625
2023-12-12,237.00999450683594,238.99000549316406,233.8699951171875,238.5500030517578,95328300,-0.011387381846063915,0.023445328712319077,238.86750030517578,233.87499969482423,-1.540008544921875,5.1200103759765625
2023-12-13,239.2899932861328,240.3000030517578,228.1999969482422,234.19000244140625,146286300,0.009619842336358264,0.019164284496876995,238.96149978637695,233.73019958496093,5.0999908447265625,12.100006103515625
2023-12-14,251.0500030517578,253.8800048828125,240.7899932861328,241.22000122070312,160829200,0.04914543063053567,0.02152830047226127,239.37200012207032,233.5279995727539,9.830001831054688,13.090011596679688
2023-12-15,253.5,254.1300048828125,248.3000030517578,251.2100067138672,135932800,0.009758999874367902,0.01940644332905053,240.36750030517578,233.39699981689452,2.2899932861328125,5.8300018310546875
2023-12-18,252.0800018310547,258.739990234375,251.36000061035156,253.77999877929688,116416500,-0.005601570686174839,0.0195311814548776,241.25650024414062,233.22799987792968,-1.6999969482421875,7.3799896240234375
2023-12-19,257.2200012207031,258.3399963378906,253.00999450683594,253.47999572753906,106737400,0.0203903496997484,0.01987827974257268,242.3375,233.17899963378906,3.7400054931640625,5.3300018310546875
2023-12-20,247.13999938964844,259.8399963378906,247.0,256.4100036621094,125097000,-0.03918825045959673,0.021591470003781563,242.6345001220703,232.84939971923828,-9.270004272460938,12.839996337890625
2023-12-21,254.5,254.8000030517578,248.5500030517578,251.89999389648438,109594200,0.029780693649462897,0.021229536405945548,243.64899978637695,232.67959991455078,2.600006103515625,6.25
2023-12-22,252.5399932861328,258.2200012207031,251.3699951171875,256.760009765625,93370100,-0.007701401626197146,0.021398131705101884,244.50349960327148,232.5529998779297,-4.2200164794921875,6.850006103515625
2023-12-26,256.6099853515625,257.9700012207031,252.91000366210938,254.49000549316406,86892400,0.01611622781987765,0.02157377118665064,245.52999877929688,232.6627996826172,2.1199798583984375,5.05999755859375
2023-12-27,261.44000244140625,263.3399963378906,257.5199890136719,258.3500061035156,106494400,0.018822405072142834,0.019685065283241498,246.26599884033203,232.8131997680664,3.089996337890625,5.82000732421875
2023-12-28,253.17999267578125,265.1300048828125,252.7100067138672,263.6600036621094,113619900,-0.03159428430420175,0.020975488945315472,246.71799850463867,232.7797994995117,-10.480010986328125,12.419998168945312
2023-12-29,248.47999572753906,255.19000244140625,247.42999267578125,255.10000610351562,100891600,-0.018563856087399966,0.02107027835679581,247.13799819946288,232.89579956054686,-6.6200103759765625,7.760009765625
2024-01-02,248.4199981689453,251.25,244.41000366210938,250.0800018310547,104654200,-0.0002414583049958896,0.02101091748912916,247.61749801635742,233.46199951171874,-1.660003662109375,6.839996337890625
2024-01-03,238.4499969482422,245.67999267578125,236.32000732421875,244.97999572753906,121082600,-0.04013364984377277,0.022819307856746286,247.7609977722168,233.99119934082032,-6.529998779296875,9.3599853515625
2024-01-04,237.92999267578125,242.6999969482422,237.72999572753906,239.25,102629300,-0.0021807686270334248,0.02263583018555765,247.72149734497071,234.50819915771484,-1.32000732421875,4.970001220703125
2024-01-05,237.49000549316406,240.1199951171875,234.89999389648438,236.86000061035156,92488900,-0.001849229589212631,0.02263079828830352,247.62749786376952,234.92759918212892,0.6300048828125,5.220001220703125
2024-01-08,240.4499969482422,241.25,235.3000030517578,236.13999938964844,85166600,0.012463646412957496,0.022593895043560845,247.51799774169922,235.48819915771483,4.30999755859375,5.9499969482421875
2024-01-09,234.9600067138672,238.9600067138672,232.0399932861328,238.11000061035156,96705700,-0.02283214932024613,0.023108170440196408,247.07399826049806,236.07219940185547,-3.149993896484375,6.920013427734375
2024-01-10,233.94000244140625,235.5,231.2899932861328,235.10000610351562,91628500,-0.004341182513256769,0.022842726483038752,246.78399810791015,236.60499938964844,-1.160003662109375,4.2100067138671875
2024-01-11,227.22000122070312,230.92999267578125,225.3699951171875,230.57000732421875,105873600,-0.028725319101363445,0.02357587385000916,246.29449844360352,237.20219940185547,-3.350006103515625,5.55999755859375
2024-01-12,218.88999938964844,225.33999633789062,217.14999389648438,220.0800018310547,123043800,-0.036660513098772496,0.02463886995191627,245.2744987487793,237.56319946289062,-1.19000244140625,8.19000244140625
2024-01-16,219.91000366210938,223.49000549316406,212.17999267578125,215.10000610351562,115355000,0.004659894354722027,0.021364090668740243,243.71749877929688,237.84819946289062,4.80999755859375,11.310012817382812
2024-01-17,215.5500030517578,215.6699981689453,212.00999450683594,214.86000061035156,103164400,-0.019826295019533036,0.021211430284009136,241.81999893188475,237.78899963378908,0.69000244140625,3.660003662109375
2024-01-18,211.8800048828125,217.4499969482422,208.74000549316406,216.8800048828125,108595400,-0.017026203279914,0.021301044846570933,239.80999908447265,237.62739959716797,-5.0,8.709991455078125
2024-01-19,212.19000244140625,213.19000244140625,207.55999755859375,209.99000549316406,102260300,0.0014630807600990448,0.020352479233749894,237.55849914550782,237.48579956054687,2.1999969482421875,5.6300048828125
2024-01-22,208.8000030517578,217.8000030517578,206.27000427246094,212.25999450683594,117952500,-0.015976244642273096,0.01919181230050406,235.6414993286133,237.2181997680664,-3.459991455078125,11.529998779296875
2024-01-23,209.13999938964844,215.64999389648438,207.75,211.3000030517578,106605900,0.0016283349277841364,0.017185745407754822,233.3734992980957,236.95879974365235,-2.160003662109375,7.899993896484375
2024-01-24,207.8300018310547,212.72999572753906,206.77000427246094,211.8800048828125,123369900,-0.006263735117226887,0.017197217396074153,231.13799972534179,236.91579986572265,-4.0500030517578125,5.959991455078125
2024-01-25,182.6300048828125,193.0,180.05999755859375,189.6999969482422,198076800,-0.12125293136804816,0.02946324624091442,227.4390007019043,236.2754000854492,-7.0699920654296875,12.94000244140625
2024-01-26,183.25,186.77999877929688,182.10000610351562,185.5,107343200,0.0033948152034783963,0.02868359789093355,223.52950057983398,235.4661999511719,-2.25,4.67999267578125
2024-01-29,190.92999267578125,191.47999572753906,183.6699981689453,185.6300048828125,125013100,0.04190991910385411,0.03132833532337508,220.417000579834,234.5365997314453,5.29998779296875,7.80999755859375
2024-01-30,191.58999633789062,196.36000061035156,190.61000061035156,195.3300018310547,109982300,0.0034567835721344142,0.03152797497986178,217.57250061035157,233.5115997314453,-3.7400054931640625,5.75
2024-01-31,187.2899932861328,193.97000122070312,185.85000610351562,187.0,103221400,-0.02244377647032403,0.031467536563303714,214.51600036621093,232.58559967041015,0.2899932861328125,8.1199951171875
2024-02-01,188.86000061035156,189.8800048828125,184.27999877929688,188.5,91843300,0.008382761388752824,0.031177185731454133,212.0365005493164,231.67679962158203,0.3600006103515625,5.600006103515625
2024-02-02,187.91000366210938,188.69000244140625,182.0,185.0399932861328,110612700,-0.0050301649114266045,0.03114076707249976,209.5355010986328,230.7229995727539,2.8700103759765625,6.69000244140625
2024-02-05,181.05999755859375,184.67999267578125,175.00999450683594,184.25999450683594,134294400,-0.03645365318513305,0.03154998662472588,206.7140007019043,229.52019958496095,-3.1999969482421875,9.669998168945312
2024-02-06,185.10000610351562,186.49000549316406,177.11000061035156,177.2100067138672,122676000,0.0223130928940527,0.03204099265265415,203.94650115966797,228.5379995727539,7.8899993896484375,9.3800048828125
2024-02-07,187.5800018310547,189.7899932861328,182.67999267578125,188.17999267578125,111535200,0.01339813963135228,0.03244659053238644,201.57750091552734,227.58059967041015,-0.5999908447265625,7.1100006103515625
2024-02-08,189.55999755859375,191.6199951171875,185.5800018310547,189.0,83034000,0.010555473441792307,0.03276889141442652,199.3585006713867,226.65019958496094,0.55999755859375,6.0399932861328125
2024-02-09,193.57000732421875,194.1199951171875,189.47999572753906,190.17999267578125,84476300,0.021154303741671487,0.0331585185342234,197.6760009765625,225.58719970703126,3.3900146484375,4.6399993896484375
2024-02-12,188.1300048828125,194.72999572753906,187.27999877929688,192.11000061035156,95498600,-0.028103539988478476,0.032814939973040705,196.13800125122071,224.46699981689454,-3.9799957275390625,7.4499969482421875
2024-02-13,184.02000427246094,187.25999450683594,182.11000061035156,183.99000549316406,86759500,-0.021846598116614713,0.032854355765293664,194.34350128173827,223.34579986572265,0.029998779296875,5.149993896484375
2024-02-14,188.7100067138672,188.88999938964844,183.35000610351562,185.3000030517578,81203000,0.025486372853585015,0.03357421744329558,193.00150146484376,222.3433999633789,3.410003662109375,5.5399932861328125
2024-02-15,200.4499969482422,200.8800048828125,188.86000061035156,189.16000366210938,120831800,0.06221180550417671,0.036738484219067155,192.43000106811525,221.64079986572267,11.289993286132812,12.020004272460938
2024-02-16,199.9499969482422,203.1699981689453,197.39999389648438,202.05999755859375,111346700,-0.0024943876658132247,0.03672893518281958,191.81800079345703,220.86539978027344,-2.1100006103515625,5.7700042724609375
2024-02-20,193.75999450683594,198.60000610351562,189.1300048828125,196.1300048828125,104545800,-0.030957752117438453,0.037172658196795015,191.06600036621094,219.9531997680664,-2.3700103759765625,9.470001220703125
2024-02-21,194.77000427246094,199.44000244140625,191.9499969482422,193.36000061035156,103500300,0.00521268473502845,0.03720501548680755,190.34750061035157,218.99579986572266,1.410003662109375,7.4900054931640625
2024-02-22,197.41000366210938,198.32000732421875,191.36000061035156,194.0,92739500,0.013554445406056326,0.037373364169201805,189.8265007019043,218.06720001220702,3.410003662109375,6.9600067138671875
2024-02-23,191.97000122070312,197.57000732421875,191.5,195.30999755859375,78841900,-0.027556873210526134,0.025658289250743618,190.29350051879882,217.1117999267578,-3.339996337890625,6.07000732421875
2024-02-26,199.39999389648438,201.77999877929688,192.0,192.2899932861328,111747100,0.03870392576202142,0.026886214258427563,191.10100021362305,216.35959991455078,7.1100006103515625,9.779998779296875
2024-02-27,199.72999572753906,205.60000610351562,198.25999450683594,204.0399932861328,108645400,0.0016549741281637331,0.02541023396501225,191.54100036621094,215.5683999633789,-4.30999755859375,7.3400115966796875
2024-02-28,202.0399932861328,205.3000030517578,198.44000244140625,200.4199981689453,99806200,0.01156560160219966,0.025489864253511633,192.06350021362306,214.5881997680664,1.6199951171875,6.8600006103515625
2024-02-29,201.8800048828125,205.27999877929688,198.4499969482422,204.17999267578125,85907000,-0.0007918650199801869,0.024804481198677928,192.79300079345703,213.55579986572266,-2.29998779296875,6.8300018310546875
2024-03-01,202.63999938964844,204.52000427246094,198.5,200.52000427246094,82243100,0.003764585340074067,0.024783490551629084,193.48200073242188,212.56699981689454,2.1199951171875,6.0200042724609375
2024-03-04,188.13999938964844,199.75,186.72000122070312,198.72999572753906,134334900,-0.07155546804023882,0.029957572002705095,193.49350051879884,211.18539978027343,-10.589996337890625,13.029998779296875
2024-03-05,180.74000549316406,184.58999633789062,177.57000732421875,183.0500030517578,119660800,-0.03933237971984138,0.030150713305138844,193.47750091552734,209.85739990234376,-2.30999755859375,7.019989013671875
2024-03-06,176.5399932861328,181.5800018310547,173.6999969482422,179.99000549316406,107920900,-0.02323786698783792,0.03012449711702393,193.04950027465821,208.2981997680664,-3.45001220703125,7.8800048828125
2024-03-07,178.64999389648438,180.0399932861328,173.6999969482422,174.35000610351562,102129000,0.011951969472048907,0.030087479264011317,192.60299987792968,206.82039978027345,4.29998779296875,6.339996337890625
2024-03-08,175.33999633789062,182.72999572753906,174.6999969482422,181.5,85544600,-0.018527834714126334,0.030151314027926913,191.89199981689453,205.195,-6.160003662109375,8.029998779296875
2024-03-11,177.77000427246094,182.8699951171875,174.8000030517578,175.4499969482422,85391500,0.013858834181150304,0.029880807798608956,191.10199966430665,203.5216000366211,2.32000732421875,8.069992065429688
2024-03-12,177.5399932861328,179.42999267578125,172.41000366210938,177.77000427246094,87391700,-0.0012938683737420131,0.02933046688111511,190.57249908447267,202.00880004882814,-0.230010986328125,7.019989013671875
2024-03-13,169.47999572753906,176.0500030517578,169.14999389648438,173.0500030517578,106524500,-0.04539820808488959,0.03059442077737597,189.84549865722656,200.42880004882812,-3.57000732421875,6.9000091552734375
2024-03-14,162.5,171.1699981689453,160.50999450683594,167.77000427246094,126325700,-0.04118477639544138,0.030882479617606113,188.5349983215332,198.7104000854492,-5.2700042724609375,10.660003662109375
2024-03-15,163.57000732421875,165.17999267578125,160.75999450683594,163.16000366210938,97146800,0.006584660456730784,0.02651830963270379,186.69099884033204,197.21280029296875,0.410003662109375,4.4199981689453125
2024-03-18,173.8000030517578,174.72000122070312,165.89999389648438,170.02000427246094,108214400,0.06254200201423088,0.03105709204186602,185.3834991455078,195.93020050048827,3.779998779296875,8.82000732421875
2024-03-19,171.32000732421875,172.82000732421875,167.4199981689453,172.36000061035156,77271400,-0.014269250195585559,0.030586641658836664,184.26149978637696,194.60680053710936,-1.0399932861328125,5.4000091552734375
2024-03-20,175.66000366210938,176.25,170.82000732421875,173.0,83846700,0.025332688257929448,0.03128688737302067,183.30599975585938,193.31100067138672,2.660003662109375,5.42999267578125
2024-03-21,172.82000732421875,178.17999267578125,171.8000030517578,176.38999938964844,73178000,-0.016167575308454918,0.03108029789036329,182.07649993896484,192.06820068359374,-3.5699920654296875,6.3799896240234375
2024-03-22,170.8300018310547,171.1999969482422,166.3000030517578,166.69000244140625,75580600,-0.01151490226146512,0.03070397402111216,181.0194999694824,190.80600067138673,4.1399993896484375,4.899993896484375
2024-03-25,172.6300048828125,175.24000549316406,168.72999572753906,168.75999450683594,74228600,0.010536808713131895,0.02918456045856701,179.68100051879884,189.7142007446289,3.8700103759765625,6.510009765625
2024-03-26,177.6699981689453,184.25,177.3800048828125,178.5800018310547,113186200,0.029195349264770964,0.030234052634325086,178.57800064086913,188.88980072021485,-0.910003662109375,6.8699951171875
2024-03-27,179.8300018310547,181.91000366210938,176.0,181.41000366210938,81804000,0.012157391142962881,0.030251811784167883,177.46750106811524,188.08820068359375,-1.5800018310546875,5.910003662109375
2024-03-28,175.7899932861328,179.57000732421875,175.3000030517578,177.4499969482422,77654800,-0.022465709302040393,0.030466716433449403,176.16300048828126,187.29300048828125,-1.660003662109375,4.2700042724609375
2024-04-01,175.22000122070312,176.75,170.2100067138672,176.1699981689453,81562100,-0.003242460249155976,0.030383231625100836,174.792000579834,186.55980041503906,-0.9499969482421875,6.5399932861328125
2024-04-02,166.6300048828125,167.69000244140625,163.42999267578125,164.75,116650600,-0.049024062767074494,0.028194774690725264,173.71650085449218,185.64860046386718,1.8800048828125,4.260009765625
2024-04-03,168.3800048828125,168.82000732421875,163.27999877929688,164.02000427246094,82950100,0.01050231020055925,0.02724998154008098,173.0985008239746,184.8402005004883,4.3600006103515625,5.540008544921875
2024-04-04,171.11000061035156,177.19000244140625,168.00999450683594,170.07000732421875,123162000,0.016213301154368365,0.027149571302868863,172.82700119018554,184.07960052490233,1.0399932861328125,9.180007934570312
2024-04-05,164.89999389648438,170.86000061035156,160.50999450683594,169.0800018310547,143157600,-0.036292482565110196,0.02804694155223662,172.13950119018554,183.22100036621094,-4.1800079345703125,10.350006103515625
2024-04-08,172.97999572753906,174.5,167.7899932861328,169.33999633789062,104423300,0.04899940648952894,0.030144336878895533,172.02150115966796,183.02800018310546,3.6399993896484375,6.7100067138671875
2024-04-09,176.8800048828125,179.22000122070312,171.9199981689453,172.91000366210938,102951700,0.02254601255405486,0.030419613796051976,171.97700119018555,182.90060028076172,3.970001220703125,7.3000030517578125
2024-04-10,171.75999450683594,174.92999267578125,170.00999450683594,173.0399932861328,84532400,-0.028946236061948905,0.031111066710882148,171.6880012512207,182.51720031738282,-1.279998779296875,4.9199981689453125
2024-04-11,174.60000610351562,175.8800048828125,168.50999450683594,172.5500030517578,94516000,0.01653476762638495,0.029521340113465053,171.94400177001953,182.1774005126953,2.0500030517578125,7.3700103759765625
2024-04-12,171.0500030517578,173.80999755859375,170.36000061035156,172.33999633789062,64722700,-0.020332204625772565,0.02826084769565138,172.37150192260742,181.8526007080078,-1.2899932861328125,3.4499969482421875
2024-04-15,161.47999572753906,170.69000244140625,161.3800048828125,170.24000549316406,100245300,-0.05594859487563397,0.03114859043196002,172.26700134277343,181.30500061035156,-8.760009765625,9.30999755859375
2024-04-16,157.11000061035156,158.19000244140625,153.75,156.74000549316406,97000000,-0.027062145360474688,0.027929634163563446,171.43250122070313,180.6890005493164,0.3699951171875,4.44000244140625
2024-04-17,155.4499969482422,158.3300018310547,153.77999877929688,157.63999938964844,82439700,-0.010565868854054306,0.0278748125274271,170.6390007019043,180.1768005371094,-2.19000244140625,4.5500030517578125
2024-04-18,149.92999267578125,152.1999969482422,148.6999969482422,151.25,96098800,-0.03550983840996058,0.027770110392594364,169.35250015258788,179.47340026855468,-1.32000732421875,3.5
2024-04-19,147.0500030517578,150.94000244140625,146.22000122070312,148.97000122070312,87074500,-0.0192088959161848,0.02782822580285793,168.06399993896486,178.66280029296874,-1.9199981689453125,4.720001220703125
2024-04-22,142.0500030517578,144.44000244140625,138.8000030517578,140.55999755859375,107097600,-0.03400203941675628,0.028439260528998703,166.625,177.71260040283204,1.4900054931640625,5.6399993896484375
2024-04-23,144.67999267578125,147.25999450683594,141.11000061035156,143.3300018310547,124545100,0.018514534090260826,0.028778611381091713,165.22749938964844,176.73480010986327,1.3499908447265625,6.149993896484375
2024-04-24,162.1300048828125,167.97000122070312,157.50999450683594,162.83999633789062,181178000,0.12061109407252757,0.040097249882506264,164.45049972534179,176.2148001098633,-0.709991455078125,10.460006713867188
2024-04-25,170.17999267578125,170.8800048828125,158.36000061035156,158.9600067138672,126427500,0.04965143743002587,0.041727236664827784,163.96799926757814,175.93799987792968,11.219985961914062,12.520004272460938
2024-04-26,168.2899932861328,172.1199951171875,166.3699951171875,168.85000610351562,109815700,-0.011105884774887609,0.04151004847860146,163.59299926757814,175.529599609375,-0.5600128173828125,5.75
2024-04-29,194.0500030517578,198.8699951171875,184.5399932861328,188.4199981689453,243869700,0.1530691710339953,0.053982975054461264,164.53449935913085,175.40159973144532,5.6300048828125,14.330001831054688
2024-04-30,183.27999877929688,190.9499969482422,182.83999633789062,186.97999572753906,127031800,-0.05550118063944742,0.054351351642317906,165.36699905395508,175.0681997680664,-3.6999969482421875,8.110000610351562
2024-05-01,179.99000549316406,185.86000061035156,179.00999450683594,182.0,92829700,-0.017950640048260635,0.05460208580947621,165.94749908447267,174.79279998779296,-2.0099945068359375,6.850006103515625
2024-05-02,180.00999450683594,184.60000610351562,176.02000427246094,182.86000061035156,89148000,0.0001110562423569661,0.05454184531669061,166.3924987792969,174.49759979248046,-2.850006103515625,8.580001831054688
2024-05-03,181.19000244140625,184.77999877929688,178.4199981689453,182.10000610351562,75491500,0.006555235656792835,0.05371608010018349,167.20699920654297,174.1731997680664,-0.910003662109375,6.3600006103515625
2024-05-06,184.75999450683594,187.55999755859375,182.1999969482422,183.8000030517578,84390300,0.019703030064167848,0.0528753167990387,167.7959991455078,174.02899963378906,0.959991455078125,5.3600006103515625
2024-05-07,177.80999755859375,183.25999450683594,177.39999389648438,182.39999389648438,75045900,-0.03761635178001177,0.05350569677393708,167.84249877929688,173.59719970703125,-4.589996337890625,5.8600006103515625
2024-05-08,174.72000122070312,176.05999755859375,170.14999389648438,171.58999633789062,79969500,-0.017378079862311324,0.05322044142509301,167.99049911499023,173.09699981689454,3.1300048828125,5.910003662109375
2024-05-09,171.97000122070312,175.6199951171875,171.3699951171875,175.00999450683594,65950300,-0.01573946875450305,0.05324992229047199,167.8589988708496,172.49559997558595,-3.0399932861328125,4.25
2024-05-10,168.47000122070312,173.05999755859375,167.75,173.0500030517578,72627200,-0.02035238689978358,0.05325033833273434,167.72999877929686,171.82739990234376,-4.5800018310546875,5.30999755859375
2024-05-13,171.88999938964844,175.39999389648438,169.0,170.0,67018900,0.020300339194899042,0.05170218160610631,168.25049896240233,171.21239990234375,1.8899993896484375,6.399993896484375
2024-05-14,177.5500030517578,179.49000549316406,174.07000732421875,174.5,86407400,0.03292805679333921,0.05152521004852367,169.27249908447266,171.00059997558594,3.0500030517578125,5.4199981689453125
2024-05-15,173.99000549316406,180.0,173.11000061035156,179.89999389648438,79663000,-0.02005067585133169,0.05174174591440488,170.19949951171876,170.86559997558595,-5.9099884033203125,6.8899993896484375
2024-05-16,174.83999633789062,175.7899932861328,171.42999267578125,174.10000610351562,59812200,0.004885285464054867,0.05078062096752948,171.44499969482422,170.8316000366211,0.739990234375,4.3600006103515625
2024-05-17,177.4600067138672,179.6300048828125,172.75,173.5500030517578,77445800,0.014985188920464187,0.05035933321608397,172.9654998779297,170.80780029296875,3.910003662109375,6.8800048828125
2024-05-20,174.9499969482422,177.75,173.52000427246094,177.55999755859375,61727400,-0.014144086952910362,0.04962446156703703,174.6104995727539,170.8000003051758,-2.6100006103515625,4.2299957275390625
2024-05-21,186.60000610351562,186.8800048828125,174.7100067138672,175.50999450683594,115266500,0.06659050790792542,0.051120218215239724,176.7065002441406,170.97660034179688,11.090011596679688,12.169998168945312
2024-05-22,180.11000061035156,183.8000030517578,178.1199951171875,182.85000610351562,88313500,-0.03478030697150003,0.045567508665346604,177.6055000305176,171.02800048828124,-2.7400054931640625,5.6800079345703125
2024-05-23,173.74000549316406,181.89999389648438,173.25999450683594,181.8000030517578,71975500,-0.03536724832380789,0.04526606800345666,177.78350067138672,171.11320068359376,-8.05999755859375,8.639999389648438
2024-05-24,179.24000549316406,180.0800018310547,173.72999572753906,174.83999633789062,65584500,0.03165649721483632,0.04562507665467456,178.33100128173828,171.44800079345703,4.4000091552734375,6.350006103515625
2024-05-28,176.75,178.25,173.16000366210938,176.39999389648438,59736600,-0.01389201861667555,0.029278874959561323,177.46600112915038,171.71160064697267,0.350006103515625,5.089996337890625
2024-05-29,176.19000244140625,178.14999389648438,173.92999267578125,174.19000244140625,54782600,-0.0031683030189180172,0.02668100792872762,177.11150131225585,171.75940063476563,2.0,4.220001220703125
2024-05-30,178.7899932861328,182.6699981689453,175.3800048828125,178.5800018310547,77618400,0.014756744473008343,0.02663073781118514,177.0515007019043,171.90880035400392,0.209991455078125,7.2899932861328125
2024-05-31,178.0800018310547,180.32000732421875,173.82000732421875,178.5,67314600,-0.003971091681523098,0.026645474422196936,176.95500106811522,171.9572003173828,-0.4199981689453125,6.5
2024-06-03,176.2899932861328,182.63999938964844,174.49000549316406,178.1300048828125,68568900,-0.0100517100545634,0.026682453979256848,176.71000061035156,172.0266000366211,-1.8400115966796875,8.149993896484375
2024-06-04,174.77000427246094,177.75999450683594,174.0,174.77999877929688,60056300,-0.008622094682395387,0.02627233778273942,176.21050109863282,172.10540008544922,-0.0099945068359375,3.7599945068359375
2024-06-05,175.0,176.14999389648438,172.1300048828125,175.35000610351562,57953800,0.0013159908560766986,0.02493815975331648,176.07000122070312,172.15279998779297,-0.350006103515625,4.019989013671875
2024-06-06,177.94000244140625,179.72999572753906,172.72999572753906,174.60000610351562,69887000,0.01680001395089281,0.024892057612302624,176.2310012817383,172.1582000732422,3.339996337890625,7.0
2024-06-07,177.47999572753906,179.35000610351562,175.5800018310547,176.1300048828125,56244900,-0.0025851787543875737,0.02459279108666418,176.5065010070801,172.11119995117187,1.3499908447265625,3.7700042724609375
2024-06-10,173.7899932861328,178.57000732421875,173.1699981689453,176.05999755859375,50774600,-0.020791089307163446,0.024613833998383745,176.77250061035156,172.07119995117188,-2.2700042724609375,5.4000091552734375
2024-06-11,170.66000366210938,174.75,167.41000366210938,173.9199981689453,64761900,-0.018010183238054034,0.02459227163597619,176.71100082397462,171.98,-3.2599945068359375,7.339996337890625
2024-06-12,177.2899932861328,180.5500030517578,169.8000030517578,171.1199951171875,90389400,0.03884911216309472,0.025042025479756907,176.69800033569337,172.1931997680664,6.1699981689453125,10.75
2024-06-13,182.47000122070312,191.0800018310547,181.22999572753906,188.38999938964844,118984100,0.029217711832219218,0.025364220217316224,177.12200012207032,172.47499969482422,-5.9199981689453125,9.850006103515625
2024-06-14,178.00999450683594,186.0,176.9199981689453,185.8000030517578,82038200,-0.024442410719736185,0.026068232466287495,177.28050003051757,172.6129995727539,-7.790008544921875,9.080001831054688
2024-06-17,187.44000244140625,188.80999755859375,177.0,177.9199981689453,109786100,0.052974598199923895,0.02840367410836575,177.77949981689454,173.06379974365234,9.520004272460938,11.80999755859375
2024-06-18,184.86000061035156,187.1999969482422,182.3699951171875,186.55999755859375,68982300,-0.013764414198944475,0.02839165494686017,178.275,173.30139984130858,-1.6999969482421875,4.8300018310546875
2024-06-20,181.57000732421875,185.2100067138672,179.66000366210938,184.67999267578125,55893100,-0.017797215597047833,0.024463995851482647,178.02350006103515,173.39519989013672,-3.1099853515625,5.5500030517578125
2024-06-21,183.00999450683594,183.9499969482422,180.69000244140625,182.3000030517578,61937300,0.00793075466503601,0.023199178870462297,178.1684997558594,173.62019989013672,0.709991455078125,3.2599945068359375
2024-06-24,182.5800018310547,188.8000030517578,182.5500030517578,184.97000122070312,61992100,-0.0023495584322592578,0.021590131434352233,178.6104995727539,173.7797998046875,-2.3899993896484375,6.25
2024-06-25,187.35000610351562,187.97000122070312,182.00999450683594,184.39999389648438,62905700,0.026125557150967316,0.02123220149071473,179.0159996032715,174.10579986572264,2.95001220703125,5.9600067138671875
2024-06-26,196.3699951171875,197.75999450683594,186.36000061035156,186.5399932861328,95737100,0.04814512260377568,0.02316624014418638,179.99699935913085,174.80359985351564,9.830001831054688,11.399993896484375
2024-06-27,197.4199981689453,198.72000122070312,194.0500030517578,195.1699981689453,72746500,0.0053470646120412635,0.02307607377517373,181.05849914550782,175.6097998046875,2.25,4.6699981689453125
2024-06-28,197.8800048828125,203.1999969482422,195.25999450683594,199.5500030517578,95438100,0.002330091774560339,0.022993727890642274,182.01299972534179,176.4583999633789,-1.6699981689453125,7.94000244140625
2024-07-01,209.86000061035156,213.22999572753906,200.85000610351562,201.02000427246094,135691400,0.060541719385108106,0.025954330295812213,183.60199966430665,177.65700012207031,8.839996337890625,12.379989624023438
2024-07-02,231.25999450683594,231.3000030517578,218.05999755859375,218.88999938964844,205047900,0.10197271435359379,0.032888478575333606,186.3504997253418,179.3411999511719,12.3699951171875,13.240005493164062
2024-07-03,246.38999938964844,248.35000610351562,234.25,234.55999755859375,166561500,0.06542422054051067,0.034325323360149367,189.93149948120117,181.4279998779297,11.830001831054688,14.100006103515625
2024-07-05,251.52000427246094,252.3699951171875,242.4600067138672,249.80999755859375,154501200,0.02082067005771515,0.03410687600540035,193.75749969482422,183.56480010986328,1.7100067138671875,9.909988403320312
2024-07-08,252.94000244140625,259.44000244140625,244.57000732421875,247.7100067138672,157219600,0.005645666924397386,0.03423290278582642,197.50749969482422,185.38100006103517,5.2299957275390625,14.8699951171875
2024-07-09,262.3299865722656,265.6099853515625,250.3000030517578,251.0,160210900,0.03712336538398886,0.034110408263237475,201.74999923706054,187.22399993896485,11.329986572265625,15.309982299804688
2024-07-10,263.260009765625,267.5899963378906,257.8599853515625,262.79998779296875,128519400,0.003545241645880992,0.032984230609352405,206.22350006103517,189.1234002685547,0.46002197265625,9.730010986328125
2024-07-11,241.02999877929688,271.0,239.64999389648438,263.29998779296875,221707300,-0.08444127539962887,0.03980916026346457,209.74199981689452,190.06300018310546,-22.269989013671875,31.350006103515625
2024-07-12,248.22999572753906,251.83999633789062,233.08999633789062,235.8000030517578,155955800,0.029871787680814776,0.039613734615605634,213.28899993896485,191.3620001220703,12.42999267578125,18.75
2024-07-15,252.63999938964844,265.6000061035156,251.72999572753906,255.97000122070312,146912900,0.01776579679334911,0.039521316246228365,216.7974998474121,192.815,-3.3300018310546875,13.870010375976562
2024-07-16,256.55999755859375,258.6199951171875,245.8000030517578,255.30999755859375,126332500,0.015516142251486675,0.03829977458891898,220.725,194.34600006103517,1.25,12.819992065429688
2024-07-17,248.5,258.4700012207031,246.17999267578125,252.72999572753906,115584800,-0.031415644041518975,0.03901752791883536,223.7779998779297,195.69220001220702,-4.2299957275390625,12.290008544921875
2024-07-18,249.22999572753906,257.1400146484375,247.1999969482422,251.08999633789062,110869000,0.002937608561525362,0.03854725076854006,226.99649963378906,196.9816000366211,-1.8600006103515625,9.940017700195312
2024-07-19,239.1999969482422,249.44000244140625,236.8300018310547,247.7899932861328,87403900,-0.040243947162209914,0.03987924097784874,229.87799911499025,198.20940002441407,-8.589996337890625,12.610000610351562
2024-07-22,251.50999450683594,253.2100067138672,243.75,244.2100067138672,101225400,0.05146320115237035,0.040674448544026826,233.30299911499023,199.74519989013672,7.29998779296875,9.460006713867188
2024-07-23,246.3800048828125,255.75999450683594,245.6300048828125,253.60000610351562,111928200,-0.020396762498772203,0.04131690081838864,236.4929992675781,201.2333999633789,-7.220001220703125,10.129989624023438
2024-07-24,215.99000549316406,225.99000549316406,214.7100067138672,225.4199981689453,167942900,-0.12334604589403697,0.0516076401069307,237.92499923706055,202.18380004882812,-9.42999267578125,11.279998779296875
2024-07-25,220.25,226.0,216.22999572753906,216.8000030517578,100636500,0.01972310939623889,0.050842115674124534,239.11899948120117,203.15100006103515,3.4499969482421875,9.770004272460938
2024-07-26,219.8000030517578,222.27999877929688,215.3300018310547,221.19000244140625,94604100,-0.0020431189477511102,0.05088167148963437,240.2379997253418,203.99600006103515,-1.3899993896484375,6.9499969482421875
2024-07-29,232.10000610351562,234.27000427246094,224.6999969482422,224.89999389648438,129201800,0.055959976710561854,0.05204251865710486,241.94899978637696,205.1582000732422,7.20001220703125,9.57000732421875
2024-07-30,222.6199951171875,232.41000366210938,220.0,232.25,100560300,-0.04084450985365373,0.05172760334499139,242.58699951171874,206.11380004882812,-9.6300048828125,12.410003662109375
2024-07-31,232.07000732421875,234.67999267578125,226.7899932861328,227.89999389648438,67497000,0.04244907202543402,0.04733512570132402,242.62750015258788,207.20600006103516,4.170013427734375,7.8899993896484375
2024-08-01,216.86000061035156,231.8699951171875,214.3300018310547,227.69000244140625,83861900,-0.06554059651757449,0.04705174714486616,241.15100021362304,208.04420013427733,-10.830001831054688,17.539993286132812
2024-08-02,207.6699981689453,216.1300048828125,205.77999877929688,214.8800048828125,82880100,-0.042377581921705376,0.04732847271007631,238.95849990844727,208.46559997558595,-7.2100067138671875,10.350006103515625
2024-08-05,198.8800048828125,203.8800048828125,182.0,185.22000122070312,100308800,-0.04232673647438423,0.04779080856918009,236.25550003051757,208.84100006103515,13.660003662109375,21.8800048828125
2024-08-06,200.63999938964844,202.89999389648438,192.6699981689453,200.75,73783900,0.008849529684359148,0.046703428983331734,233.1710006713867,209.37899993896485,-0.1100006103515625,10.229995727539062
2024-08-07,191.75999450683594,203.49000549316406,191.47999572753906,200.77000427246094,71159800,-0.044258397676563366,0.04707456955872282,229.59599990844725,209.62939971923828,-9.010009765625,12.010009765625
2024-08-08,198.83999633789062,200.6999969482422,192.0399932861328,195.6999969482422,65033900,0.036921162045623124,0.04539472904060711,227.48649978637695,210.0711996459961,3.1399993896484375,8.660003662109375
2024-08-09,200.0,200.8800048828125,195.11000061035156,197.0500030517578,58648300,0.005833854775063374,0.04463531166534839,225.075,210.54739959716798,2.9499969482421875,5.7700042724609375
2024-08-12,197.49000549316406,199.25999450683594,194.6699981689453,199.02000427246094,64044900,-0.012549972534179665,0.04416330038219779,222.31750030517577,210.92139984130858,-1.529998779296875,4.589996337890625
2024-08-13,207.8300018310547,208.49000549316406,197.05999755859375,198.47000122070312,76247400,0.05235706137163754,0.0460672591184397,219.88100051879883,211.51639984130858,9.360000610351562,11.430007934570312
2024-08-14,201.3800048828125,208.44000244140625,198.75,207.38999938964844,70250000,-0.0310349655555765,0.046057780134172964,217.52500076293944,212.01820007324218,-6.0099945068359375,9.69000244140625
2024-08-15,214.13999938964844,215.8800048828125,204.82000732421875,205.02000427246094,89848500,0.06336276788880446,0.04881087841140411,215.77050094604493,212.80559997558595,9.1199951171875,11.05999755859375
2024-08-16,216.1199951171875,219.8000030517578,210.8000030517578,211.14999389648438,88765100,0.009246267550119258,0.048256265668242426,214.6165008544922,213.62799987792968,4.970001220703125,9.0
2024-08-19,222.72000122070312,222.97999572753906,214.08999633789062,217.07000732421875,76435200,0.030538618603692225,0.04720758323311766,213.17700119018554,214.52359985351563,5.649993896484375,8.889999389648438
2024-08-20,221.10000610351562,228.22000122070312,219.55999755859375,224.8800048828125,74001200,-0.007273684933137958,0.047072941710053544,211.9130012512207,215.39600006103515,-3.779998779296875,8.660003662109375
2024-08-21,223.27000427246094,224.66000366210938,218.86000061035156,222.6699981689453,70146000,0.009814554993405888,0.037868723200920544,212.27700119018556,216.3856002807617,0.600006103515625,5.8000030517578125
2024-08-22,210.66000366210938,224.8000030517578,210.32000732421875,223.82000732421875,79514500,-0.056478704568676985,0.039811360639194396,211.79750137329103,217.18560028076172,-13.160003662109375,14.479995727539062
2024-08-23,220.32000732421875,221.47999572753906,214.2100067138672,214.4600067138672,81525200,0.04585589810206048,0.04119186087175441,211.82350158691406,218.04620056152345,5.8600006103515625,7.269989013671875
2024-08-26,213.2100067138672,219.08999633789062,211.00999450683594,218.75,59301200,-0.0322712435275504,0.03968464838760279,210.87900161743164,218.66100067138672,-5.5399932861328125,8.080001831054688
2024-08-27,209.2100067138672,215.66000366210938,206.94000244140625,213.25,62821400,-0.018760845523390857,0.038889756511573906,210.20850219726563,219.28500091552735,-4.0399932861328125,8.720001220703125
2024-08-28,205.75,211.83999633789062,202.58999633789062,209.72000122070312,64116400,-0.01653843794670573,0.03752362779482172,208.8925018310547,219.6512008666992,-3.970001220703125,9.25
2024-08-29,206.27999877929688,214.88999938964844,205.97000122070312,209.8000030517578,62308800,0.002575935743848623,0.03476071530717177,208.36350173950194,220.07960083007814,-3.5200042724609375,8.919998168945312
2024-08-30,214.11000061035156,214.57000732421875,207.02999877929688,208.6300048828125,63370600,0.03795812428442069,0.034480749807703576,208.68550186157228,220.73040069580077,5.4799957275390625,7.540008544921875
2024-09-03,210.60000610351562,219.89999389648438,209.63999938964844,215.25999450683594,76714200,-0.016393416920415627,0.03318578445010571,209.27150192260743,221.28220092773438,-4.6599884033203125,10.259994506835938
2024-09-04,219.41000366210938,222.22000122070312,210.57000732421875,210.58999633789062,80651800,0.04183284569452206,0.03427323018570071,210.21000213623046,222.01880096435548,8.82000732421875,11.649993896484375
2024-09-05,230.1699981689453,235.0,222.25,223.49000549316406,119355000,0.04904058305110959,0.03355239421420336,212.13050231933593,222.87520080566406,6.67999267578125,12.75
2024-09-06,210.72999572753906,233.60000610351562,210.50999450683594,232.60000610351562,112177000,-0.0844593239607937,0.03891844871384136,212.72500228881836,223.1624008178711,-21.870010375976562,23.090011596679688
2024-09-09,216.27000427246094,219.8699951171875,213.6699981689453,216.1999969482422,67443500,0.026289605928169646,0.03924674431764213,213.53850250244142,223.5394009399414,0.07000732421875,6.1999969482421875
2024-09-10,226.1699981689453,226.39999389648438,218.63999938964844,220.07000732421875,78891100,0.04577608406578748,0.040059560806863674,214.97250213623047,224.10520080566405,6.0999908447265625,7.7599945068359375
2024-09-11,228.1300048828125,228.47000122070312,216.8000030517578,224.5500030517578,83548600,0.008666077418469476,0.03865545516452618,215.98750228881835,224.4706008911133,3.5800018310546875,11.669998168945312
2024-09-12,229.80999755859375,231.4499969482422,223.8300018310547,224.66000366210938,71894900,0.007364189890953776,0.03769282992756528,217.40900192260742,224.44160095214843,5.149993896484375,7.6199951171875
2024-09-13,230.2899932861328,232.6699981689453,226.32000732421875,228.0,59515100,0.0020886633855721204,0.035311792712247714,218.21650161743165,224.11960083007813,2.2899932861328125,6.3499908447265625
2024-09-16,226.77999877929688,229.9600067138672,223.52999877929688,229.3000030517578,54323000,-0.015241628421408637,0.035552922351629365,218.7495018005371,223.62480072021484,-2.5200042724609375,6.4300079345703125
2024-09-17,227.8699951171875,234.57000732421875,226.5500030517578,229.4499969482422,66761600,0.004806404196833203,0.03496536899747233,219.00700149536132,223.12340057373046,-1.5800018310546875,8.020004272460938
2024-09-18,227.1999969482422,235.67999267578125,226.8800048828125,230.08999633789062,78010200,-0.0029402649901351108,0.0349200193406033,219.31200103759767,222.42080078125,-2.8899993896484375,8.79998779296875
2024-09-19,243.9199981689453,244.24000549316406,232.1300048828125,234.0,102694600,0.07359155565707187,0.03841335312462699,220.34450073242186,222.0340005493164,9.919998168945312,12.110000610351562
2024-09-20,238.25,243.99000549316406,235.9199981689453,241.52000427246094,99879100,-0.02324531900421767,0.03626647930546577,221.7240005493164,221.97840057373048,-3.2700042724609375,8.07000732421875
2024-09-23,250.0,250.0,241.9199981689453,242.61000061035156,86927200,0.04931794333683115,0.03647039715672428,223.20800018310547,222.01380065917968,7.3899993896484375,8.080001831054688
2024-09-24,254.27000427246094,257.19000244140625,249.0500030517578,254.0800018310547,88491000,0.017080017089843746,0.035327031161415494,225.26100006103516,222.04640075683594,0.19000244140625,8.139999389648438
2024-09-25,257.0199890136719,257.04998779296875,252.27999877929688,252.5399932861328,65034300,0.010815214909361437,0.03469781112240023,227.6514991760254,222.0556005859375,4.4799957275390625,4.769989013671875
2024-09-26,254.22000122070312,261.75,251.52999877929688,260.6000061035156,67142200,-0.01089404681602335,0.03448502821806538,230.07499923706055,222.17000061035156,-6.3800048828125,10.220001220703125
2024-09-27,260.4599914550781,260.70001220703125,254.1199951171875,257.3800048828125,70988100,0.024545630573566513,0.03454566771529764,232.78399887084962,222.39460052490233,3.079986572265625,6.58001708984375
2024-09-30,261.6300048828125,264.8599853515625,255.77000427246094,259.0400085449219,80705700,0.004492104223754234,0.03404430675043316,235.15999908447264,222.84320068359375,2.589996337890625,9.089981079101562
2024-10-01,258.0199890136719,263.9800109863281,248.52999877929688,262.6700134277344,87397600,-0.013798172234708361,0.03394068572427024,237.53099822998047,222.97340057373046,-4.6500244140625,15.45001220703125
2024-10-02,249.02000427246094,251.16000366210938,241.5,247.5500030517578,93983900,-0.03488095932262847,0.034572735496290065,239.01149826049806,223.02620056152344,1.470001220703125,9.660003662109375
2024-10-03,240.66000366210938,249.7899932861328,237.80999755859375,244.47999572753906,80729200,-0.03357160254966751,0.03420873470857445,239.53599853515624,223.51960052490233,-3.8199920654296875,11.979995727539062
2024-10-04,250.0800018310547,250.9600067138672,244.5800018310547,246.69000244140625,86573200,0.03914235030998814,0.028265346423984667,241.50349884033204,224.11620056152344,3.3899993896484375,6.3800048828125
2024-10-07,240.8300018310547,249.8300018310547,240.6999969482422,249.0,68113300,-0.03698816351676526,0.029728305621140115,242.73149871826172,224.53680053710937,-8.169998168945312,9.1300048828125
2024-10-08,244.5,246.2100067138672,240.55999755859375,243.55999755859375,56303200,0.015238957526229946,0.02831815186009722,243.64799880981445,224.78480041503906,0.94000244140625,5.6500091552734375
2024-10-09,241.0500030517578,247.42999267578125,239.50999450683594,243.82000732421875,66289500,-0.014110416966225725,0.028589143074240347,244.29399871826172,225.15340057373047,-2.7700042724609375,7.9199981689453125
2024-10-10,238.77000427246094,242.7899932861328,232.33999633789062,241.80999755859375,83087100,-0.009458613360014412,0.028705578801452546,244.74199905395508,225.2874005126953,-3.0399932861328125,10.449996948242188
2024-10-11,217.8000030517578,223.33999633789062,214.3800048828125,220.1300048828125,142628900,-0.08782510719719305,0.03507463304739594,244.11749954223632,225.30620056152344,-2.3300018310546875,8.959991455078125
2024-10-14,219.16000366210938,221.91000366210938,213.74000549316406,220.1300048828125,86291900,0.00624426350457119,0.03498296132562338,243.73649978637695,225.53600067138672,-0.970001220703125,8.169998168945312
2024-10-15,219.57000732421875,224.25999450683594,217.1199951171875,220.00999450683594,62988800,0.0018707960177875016,0.034962931168659776,243.3215003967285,225.94980072021485,-0.4399871826171875,7.1399993896484375
2024-10-16,221.3300018310547,222.82000732421875,218.92999267578125,221.39999389648438,49632800,0.008015641700267029,0.03502114222770646,243.02800064086915,226.36360076904296,-0.0699920654296875,3.8900146484375
2024-10-17,220.88999938964844,222.0800018310547,217.89999389648438,221.58999633789062,50791800,-0.001987992760882462,0.030346056073803838,241.8765007019043,226.94620086669923,-0.6999969482421875,4.1800079345703125
2024-10-18,220.6999969482422,222.27999877929688,219.22999572753906,220.7100067138672,49611900,-0.0008601676940163117,0.030029441918550327,240.9990005493164,227.38340087890626,-0.010009765625,3.0500030517578125
2024-10-21,218.85000610351562,220.47999572753906,215.72999572753906,218.89999389648438,47329000,-0.008382378207102636,0.027352468715603883,239.44150085449218,227.76040100097657,-0.04998779296875,4.75
2024-10-22,217.97000122070312,218.22000122070312,215.25999450683594,217.30999755859375,43268700,-0.004021041161846095,0.02680607694799655,237.6265007019043,228.17000091552734,0.660003662109375,2.9600067138671875
2024-10-23,213.64999389648438,218.72000122070312,212.11000061035156,217.1300048828125,80938900,-0.019819274670942355,0.026589600001828872,235.45800094604493,228.28640075683595,-3.480010986328125,6.6100006103515625
2024-10-24,260.4800109863281,262.1199951171875,242.64999389648438,244.67999267578125,204491900,0.21919035070290427,0.05748478997718448,235.77100143432617,229.46840087890624,15.800018310546875,19.470001220703125
2024-10-25,269.19000244140625,269.489990234375,255.32000732421875,256.010009765625,161611900,0.03343823359841336,0.05769704501717851,236.20750198364257,230.5694009399414,13.17999267578125,14.16998291015625
2024-10-28,262.510009765625,273.5400085449219,262.239990234375,270.0,107653600,-0.024815158866218545,0.058030933122820365,236.2515022277832,231.49720123291016,-7.489990234375,11.300018310546875
2024-10-29,259.5199890136719,264.9800109863281,255.50999450683594,264.510009765625,80521800,-0.01139012091242797,0.05799972536659149,236.3265022277832,232.23320098876954,-4.990020751953125,9.470016479492188
2024-10-30,257.54998779296875,263.3500061035156,255.82000732421875,258.0400085449219,53993600,-0.007590942139718337,0.05741057243027248,236.75300140380858,232.96220062255858,-0.490020751953125,7.529998779296875
2024-10-31,249.85000610351562,259.75,249.25,257.989990234375,66575300,-0.029897037679701755,0.05729274235537304,237.2125015258789,233.4938006591797,-8.139984130859375,10.5
2024-11-01,248.97999572753906,254.0,246.6300048828125,252.0399932861328,57544800,-0.003482130697311625,0.05667876437588911,237.15750122070312,234.26020050048828,-3.05999755859375,7.3699951171875
2024-11-04,242.83999633789062,248.89999389648438,238.8800048828125,244.55999755859375,68802400,-0.024660613282231236,0.05630779060013428,237.25800094604492,234.71060028076172,-1.720001220703125,10.019989013671875
2024-11-05,251.44000244140625,255.27999877929688,246.2100067138672,247.33999633789062,69282500,0.03541429020427711,0.05674056930708382,237.60500106811523,235.4752001953125,4.100006103515625,9.069992065429688
2024-11-06,288.5299987792969,289.5899963378906,275.6199951171875,284.6700134277344,165228700,0.14751032444224466,0.0650997064693164,239.9790008544922,237.0616000366211,3.8599853515625,13.970001220703125
2024-11-07,296.9100036621094,299.75,285.5199890136719,288.8900146484375,117309200,0.02904379065700735,0.06503602926354876,242.8860008239746,238.88480010986328,8.019989013671875,14.230010986328125
2024-11-08,321.2200012207031,328.7099914550781,297.6600036621094,299.1400146484375,204782800,0.08187665372925301,0.062226380846558293,248.05700073242187,241.1836001586914,22.079986572265625,31.04998779296875
2024-11-11,350.0,358.6400146484375,336.0,346.29998779296875,210521600,0.08959591143118995,0.06393381855611381,254.5990005493164,243.90140014648438,3.70001220703125,22.6400146484375
2024-11-12,328.489990234375,345.8399963378906,323.30999755859375,342.739990234375,155726000,-0.06145717075892854,0.06667272661309795,260.04499969482424,246.25919982910156,-14.25,22.529998779296875
2024-11-13,330.239990234375,344.6000061035156,322.5,335.8500061035156,125405600,0.005327407385385952,0.06670571139740333,265.49049911499026,248.47579956054688,-5.610015869140625,22.100006103515625
2024-11-14,311.17999267578125,329.9800109863281,310.3699951171875,327.69000244140625,120726100,-0.05771559508909463,0.06889510048979508,270.0049987792969,250.0959994506836,-16.510009765625,19.610015869140625
2024-11-15,320.7200012207031,324.67999267578125,309.2200012207031,310.57000732421875,114440300,0.030657525449785616,0.06876846784688521,275.0059989929199,252.29579956054687,10.149993896484375,15.459991455078125
2024-11-18,338.739990234375,348.54998779296875,330.010009765625,340.7300109863281,126085600,0.056186046847983784,0.0688349744510761,281.00049819946287,254.74519927978517,-1.990020751953125,18.53997802734375
2024-11-19,346.0,347.3800048828125,332.75,335.760009765625,88852500,0.021432396454288627,0.06852091805378513,287.40199813842776,257.14179931640626,10.239990234375,14.6300048828125
2024-11-20,342.0299987792969,346.6000061035156,334.29998779296875,345.0,66340700,-0.011473991967350106,0.06825568386607433,293.82099838256835,259.41979919433595,-2.970001220703125,12.300018310546875
2024-11-21,339.6400146484375,347.989990234375,335.2799987792969,343.80999755859375,58011700,-0.006987644766217049,0.05112534949487251,297.7789985656738,261.6163995361328,-4.16998291015625,12.709991455078125
2024-11-22,352.55999755859375,361.5299987792969,337.70001220703125,341.0899963378906,89140700,0.038040225983177356,0.05122508980628493,301.9474983215332,264.06179962158205,11.470001220703125,23.829986572265625
2024-11-25,338.5899963378906,361.92999267578125,338.20001220703125,360.1400146484375,95890900,-0.039624464821427674,0.051929765866880286,305.75149765014646,266.2979995727539,-21.550018310546875,23.72998046875
2024-11-26,338.2300109863281,346.9599914550781,335.6600036621094,341.0,62295900,-0.001063189566898104,0.05171449408319687,309.6869987487793,268.50519989013674,-2.769989013671875,11.29998779296875
2024-11-27,332.8900146484375,342.54998779296875,326.5899963378906,341.79998779296875,57896400,-0.015788061864523528,0.051931287668337316,313.45400009155276,270.61900024414064,-8.90997314453125,15.959991455078125
2024-11-29,345.1600036621094,345.45001220703125,334.6499938964844,336.0799865722656,37167600,0.03685898787510977,0.05108995600983901,318.2194999694824,272.64380035400393,9.08001708984375,10.800018310546875
2024-12-02,357.0899963378906,360.0,351.1499938964844,352.3800048828125,77986500,0.034563659025395044,0.05097636697366745,323.625,275.0206002807617,4.709991455078125,8.850006103515625
2024-12-03,351.4200134277344,355.69000244140625,348.20001220703125,351.79998779296875,58267200,-0.01587830229999254,0.050613502334585087,329.0540008544922,277.0490005493164,-0.379974365234375,7.489990234375
2024-12-04,357.92999267578125,358.1000061035156,348.6000061035156,353.0,50810900,0.018524782309774723,0.05048044922515732,334.3785003662109,279.1222003173828,4.92999267578125,9.5
2024-12-05,369.489990234375,375.42999267578125,359.5,359.8699951171875,81403600,0.03229681165351517,0.040659796700028415,338.42649993896487,281.37160034179686,9.6199951171875,15.92999267578125
2024-12-06,389.2200012207031,389.489990234375,370.79998779296875,377.4200134277344,81455800,0.053397958017247005,0.041514324444232,343.04199981689453,284.07160034179685,11.79998779296875,18.69000244140625
2024-12-09,389.7900085449219,404.79998779296875,378.010009765625,397.6099853515625,96359200,0.0014644862094215227,0.03841768899477078,346.47050018310546,286.65820068359375,-7.819976806640625,26.78997802734375
2024-12-10,400.989990234375,409.7300109863281,390.8500061035156,392.67999267578125,97563600,0.02873337295448497,0.03396867209805107,349.0199996948242,289.445400390625,8.30999755859375,18.8800048828125
2024-12-11,424.7699890136719,424.8800048828125,402.3800048828125,409.70001220703125,104287600,0.05930322291934931,0.031749943606870334,353.83399963378906,292.780400390625,15.069976806640625,22.5
2024-12-12,418.1000061035156,429.29998779296875,415.0,424.8399963378906,87752200,-0.015702575706076027,0.03237391510774828,358.2270004272461,296.1620004272461,-6.739990234375,14.29998779296875
2024-12-13,436.2300109863281,436.29998779296875,415.7099914550781,420.0,89000200,0.04336284290396253,0.02851852828565981,364.47950134277346,300.07340057373045,16.230010986328125,20.589996337890625
2024-12-16,463.0199890136719,463.19000244140625,436.1499938964844,441.0899963378906,114083800,0.06141250567967771,0.030057780033127784,371.59450073242186,304.3322003173828,21.92999267578125,27.040008544921875
2024-12-17,479.8599853515625,483.989990234375,457.510009765625,475.8999938964844,131223000,0.036369912179738284,0.029076438205215004,378.65050048828124,309.112799987793,3.959991455078125,26.47998046875
2024-12-18,440.1300048828125,488.5400085449219,427.010009765625,466.5,149340800,-0.0827949436951747,0.036749599078745095,383.35700073242185,313.02540008544923,-26.3699951171875,61.529998779296875
2024-12-19,436.1700134277344,456.3599853515625,420.0199890136719,451.8800048828125,118566100,-0.008997322180141931,0.03666775529934161,388.0640014648437,316.92780029296875,-15.709991455078125,36.339996337890625
2024-12-20,421.05999755859375,447.0799865722656,417.6400146484375,425.510009765625,132216200,-0.034642491239586515,0.03795502025458863,392.13500061035154,320.5736001586914,-4.45001220703125,29.439971923828125
2024-12-23,430.6000061035156,434.510009765625,415.4100036621094,431.0,72698100,0.022657123925894362,0.0375423293808783,396.03700103759763,324.82960021972656,-0.399993896484375,19.100006103515625
2024-12-24,462.2799987792969,462.7799987792969,435.1400146484375,435.8999938964844,59551800,0.07357174228224572,0.03808135052550683,402.221501159668,329.69200012207034,26.3800048828125,27.639984130859375
2024-12-26,454.1300048828125,465.3299865722656,451.0199890136719,465.1600036621094,76366400,-0.017629994630971146,0.03865663388149115,408.01650085449216,334.38320007324216,-11.029998779296875,14.30999755859375
2024-12-27,431.6600036621094,450.0,426.5,449.5199890136719,82666800,-0.04947922616674816,0.04077061956512037,412.95500030517576,338.5898001098633,-17.8599853515625,23.5
2024-12-30,417.4100036621094,427.0,415.75,419.3999938964844,64941000,-0.03301209257078741,0.041680433110343626,416.56750030517577,342.5202001953125,-1.989990234375,11.25
2024-12-31,403.8399963378906,427.92999267578125,402.5400085449219,423.7900085449219,76825100,-0.03251001941775111,0.042325272621248106,418.9050003051758,346.1830001831055,-19.95001220703125,25.389984130859375
